-- phpMyAdmin SQL Dump
-- version 4.6.4
-- https://www.phpmyadmin.net/
--
-- Host: localhost
-- Generation Time: Oct 26, 2016 at 05:40 PM
-- Server version: 5.5.52-0ubuntu0.14.04.1
-- PHP Version: 5.5.9-1ubuntu4.20

SET SQL_MODE = "NO_AUTO_VALUE_ON_ZERO";
SET time_zone = "+00:00";


/*!40101 SET @OLD_CHARACTER_SET_CLIENT=@@CHARACTER_SET_CLIENT */;
/*!40101 SET @OLD_CHARACTER_SET_RESULTS=@@CHARACTER_SET_RESULTS */;
/*!40101 SET @OLD_COLLATION_CONNECTION=@@COLLATION_CONNECTION */;
/*!40101 SET NAMES utf8mb4 */;

--
-- Database: `dtapi2`
--

-- --------------------------------------------------------

--
-- Table structure for table `answers`
--

DROP TABLE IF EXISTS `answers`;
CREATE TABLE `answers` (
  `answer_id` int(10) UNSIGNED NOT NULL,
  `question_id` int(10) UNSIGNED NOT NULL,
  `true_answer` tinyint(1) UNSIGNED NOT NULL,
  `answer_text` text NOT NULL,
  `attachment` mediumtext
) ENGINE=InnoDB DEFAULT CHARSET=utf8;

--
-- Dumping data for table `answers`
--

INSERT INTO `answers` (`answer_id`, `question_id`, `true_answer`, `answer_text`, `attachment`) VALUES
(1, 1, 1, '&amp;amp;nbsp;', 'data:image/jpeg;base64,/9j/4AAQSkZJRgABAgEASABIAAD/4Qm7RXhpZgAATU0AKgAAAAgABwESAAMAAAABAAEAAAEaAAUAAAABAAAAYgEbAAUAAAABAAAAagEoAAMAAAABAAIAAAExAAIAAAAUAAAAcgEyAAIAAAAUAAAAhodpAAQAAAABAAAAnAAAAMgAAABIAAAAAQAAAEgAAAABQWRvYmUgUGhvdG9zaG9wIDcuMAAyMDA1OjA0OjA1IDE0OjU2OjI5AAAAAAOgAQADAAAAAf//AACgAgAEAAAAAQAAALegAwAEAAAAAQAAADIAAAAAAAAABgEDAAMAAAABAAYAAAEaAAUAAAABAAABFgEbAAUAAAABAAABHgEoAAMAAAABAAIAAAIBAAQAAAABAAABJgICAAQAAAABAAAIjQAAAAAAAABIAAAAAQAAAEgAAAAB/9j/4AAQSkZJRgABAgEASABIAAD/7QAMQWRvYmVfQ00AAv/uAA5BZG9iZQBkgAAAAAH/2wCEAAwICAgJCAwJCQwRCwoLERUPDAwPFRgTExUTExgRDAwMDAwMEQwMDAwMDAwMDAwMDAwMDAwMDAwMDAwMDAwMDAwBDQsLDQ4NEA4OEBQODg4UFA4ODg4UEQwMDAwMEREMDAwMDAwRDAwMDAwMDAwMDAwMDAwMDAwMDAwMDAwMDAwMDP/AABEIACMAgAMBIgACEQEDEQH/3QAEAAj/xAE/AAABBQEBAQEBAQAAAAAAAAADAAECBAUGBwgJCgsBAAEFAQEBAQEBAAAAAAAAAAEAAgMEBQYHCAkKCxAAAQQBAwIEAgUHBggFAwwzAQACEQMEIRIxBUFRYRMicYEyBhSRobFCIyQVUsFiMzRygtFDByWSU/Dh8WNzNRaisoMmRJNUZEXCo3Q2F9JV4mXys4TD03Xj80YnlKSFtJXE1OT0pbXF1eX1VmZ2hpamtsbW5vY3R1dnd4eXp7fH1+f3EQACAgECBAQDBAUGBwcGBTUBAAIRAyExEgRBUWFxIhMFMoGRFKGxQiPBUtHwMyRi4XKCkkNTFWNzNPElBhaisoMHJjXC0kSTVKMXZEVVNnRl4vKzhMPTdePzRpSkhbSVxNTk9KW1xdXl9VZmdoaWprbG1ub2JzdHV2d3h5ent8f/2gAMAwEAAhEDEQA/APVUlxnX+sZdXUs3Gxs6+uuu7DbaavTJpBA+149FZx7H2ZGbjZVD8Oq3f697L/sdn2jG+w29BjXZfT+k3Z3VHufbD8m2kvqDaQRv+xVZFn2Wh1eO32faMi39K/fdvqq/R1JTppLK6L9YsTrL7mY7Cw0BpdN2Ld9Ldt/5Oy81zPof4X00nfWjoLXOY7LaHNJa4bX8gwfzElOqksofWnoJBIy2kDk7X6f9BN/zq+r/AP3Mb/mv/wDIJKdZYX1o+sLuk4lrcN1LuoMpfkllzoaymsOLr7WB1b3+pY37Pj1Mf6l9/wDwVGT6R/8AnV9X/wDuY3/Nf/5BU+p9U+p/VcazGzrarWW1vqLixxe1rxsf6Vhr3Vu/lNSU6lXVse7qNnT667XPpkWW+mfSa8Cuz0X2/mWelfXZXv8A0d3+BfZ6diq4X1r6JndUs6djZuLa5rK3UvrvrebXP9b1Kqq2O9z6G0b37f8ASqlg5/1Yxc27OZnvuusDwPUDiGMssdl2VM2VMc6v17N1f2h13ofzdHpVKyzr/wBWmZduYMz9Leyut87y3bUbXV7GbdrP6RZuSUlfm9Tp65Vi2Gm3HynOFePUHerVSyv1Pt+Rc523a7K/U/Q9H/D0P+0fo7a7Ndcw3qH1bZ1R3Um9VuDrHix+PJ9JxFZxmNf+h9d1LGudazG9f7OzJ/T+l6i0f+dX1f8A+5jf81//AJBJTrJLKH1o6C7jLaY5hr//ACCb/nV9X/8AuY3/ADX/APkElOsksn/nV9X/APuY3/Nf/wCQWnTdXfTXfS7fVa0Prd4tcNzXa/yUlP8A/9D0t3S+nPtdc/GrdY+1mQ9zmgk21NbVRc6f8JSxjPS/0askAiCJB5CdJJTFrGN+i0CeYELFu6tmYHVLWZ91P2BtVuQ4Cm1jq669W+nkb7q8+7Z78mmmir7Oz9J/ovX3Fk5P1fblW2XXZ2U63cH4rwah9m97bnDFa2jY71PTZTZ9sblfq3qUfzeRk+slILcXL6t1PpXVsey3Go6fbcMjCyWWVl26u3H9VrJay2xrnN9J7/Up9Gyy2i3/AAd5eo/WnovTuoU4GTmY1dtji28WX1sdSBWb63XV2O3t9X2NZ/xiv9OwKOnYVWFjz6VIhu7nUl7tGhtdbdzvZVUyuin+aoqqp2VqV+HVfkY+Q8uD8Vzn1gGGkvY6l29v5/sekpzus53UcO/FsxraBjWvZW5ltTyHFzv0j7M9ljacKv09voOspu9bI/Q/no/Vc3MxMnpzaPSNGVk+hkbw4vhzLH1+htc1jXb6/f6inm9KZnZFb8i+04zNpdgjYKHuY71K7Lv0X2h21+z9H9o9F/pfpKv5xNmdJZm141d2RdOLd64ewta5522Venbtr/m3V3v/AJr0rP8AhElOZmvd9Y6sY9Maa242RVkty72ljSwF+2zEcaLnZDbNn6WrHyunZPpf9qqar/0t3rH1k6V0e7Hoy8miu2+xjTXbdXW5tb9zftTmWuDvRa6tG6P0bH6RRZVTbbe65/q3XXEF73w2v1H+kyqr1NlbPUs9P1L/AOev9W/1LVYysOrK9H1C4fZ7W3M2mPcydu/95nu+ikpp5fUrW5XSDiOpuwuo2urssEuJace/Nx7cayt3pbHfZvpe/wDR/QT9Yzc3Dfgux/S9K7KroyBYHF2207B6GxzGtfu/0iPm9PZmXYlzrbKnYN32iv0y0BztlmO5lu9j/wBG6m+1nt2KGX0tuXXjstyLh9myG5Qc0sBeWOc9lNv6Pb6Hu2+zZZ7P51JTmdRtd9YcI1dLo9Q12Mc3IyTZjsDSXsdk9PvZRk7syv0ntot2erhvf9p/0fq3Os/WTpXRnVV5eTRXda+pvo2XV1vFdj/RdlbLXbvRq973/wDFovRui4/SKrK6rbch9zg6269wc9xa0Vtc/wBJlVbrNjf0l/p+vf8A9qLbXqzl4dWYytlpcG1213Dadsuqe26vd+8zez3NSU18vrWDjYtOU1zsqvK/owxWm42+x1/6D0d3qfoKrLfb9PZ+jV1jg9jXiQHAESC06/vNdDm/2lQ6r0TH6q6r17ra66w5r6qy0Nsa51Vu2z1K7HseyzGrfRk4z8fLxv8AtPkVLRSU/wD/0fVUl8qpJKfqpJfKqSSn6qSXyqkkp+qkl8qpJKfqpJfKqSSn6qSXyqkkp+qkl8qpJKfqpJfKqSSn/9n/7Q5aUGhvdG9zaG9wIDMuMAA4QklNBCUAAAAAABAAAAAAAAAAAAAAAAAAAAAAOEJJTQPtAAAAAAAQAEgAAAABAAIASAAAAAEAAjhCSU0EJgAAAAAADgAAAAAAAAAAAAA/gAAAOEJJTQQNAAAAAAAEAAAAHjhCSU0EGQAAAAAABAAAAB44QklNA/MAAAAAAAkAAAAAAAAAAAEAOEJJTQQKAAAAAAABAAA4QklNJxAAAAAAAAoAAQAAAAAAAAACOEJJTQP1AAAAAABIAC9mZgABAGxmZgAGAAAAAAABAC9mZgABAKGZmgAGAAAAAAABADIAAAABAFoAAAAGAAAAAAABADUAAAABAC0AAAAGAAAAAAABOEJJTQP4AAAAAABwAAD/////////////////////////////A+gAAAAA/////////////////////////////wPoAAAAAP////////////////////////////8D6AAAAAD/////////////////////////////A+gAADhCSU0ECAAAAAAAEAAAAAEAAAJAAAACQAAAAAA4QklNBB4AAAAAAAQAAAAAOEJJTQQaAAAAAANLAAAABgAAAAAAAAAAAAAAMgAAALcAAAALAHQAZQBzAHQAXwAxAF8AMAAxAF8AMQAAAAEAAAAAAAAAAAAAAAAAAAAAAAAAAQAAAAAAAAAAAAAAtwAAADIAAAAAAAAAAAAAAAAAAAAAAQAAAAAAAAAAAAAAAAAAAAAAAAAQAAAAAQAAAAAAAG51bGwAAAACAAAABmJvdW5kc09iamMAAAABAAAAAAAAUmN0MQAAAAQAAAAAVG9wIGxvbmcAAAAAAAAAAExlZnRsb25nAAAAAAAAAABCdG9tbG9uZwAAADIAAAAAUmdodGxvbmcAAAC3AAAABnNsaWNlc1ZsTHMAAAABT2JqYwAAAAEAAAAAAAVzbGljZQAAABIAAAAHc2xpY2VJRGxvbmcAAAAAAAAAB2dyb3VwSURsb25nAAAAAAAAAAZvcmlnaW5lbnVtAAAADEVTbGljZU9yaWdpbgAAAA1hdXRvR2VuZXJhdGVkAAAAAFR5cGVlbnVtAAAACkVTbGljZVR5cGUAAAAASW1nIAAAAAZib3VuZHNPYmpjAAAAAQAAAAAAAFJjdDEAAAAEAAAAAFRvcCBsb25nAAAAAAAAAABMZWZ0bG9uZwAAAAAAAAAAQnRvbWxvbmcAAAAyAAAAAFJnaHRsb25nAAAAtwAAAAN1cmxURVhUAAAAAQAAAAAAAG51bGxURVhUAAAAAQAAAAAAAE1zZ2VURVhUAAAAAQAAAAAABmFsdFRhZ1RFWFQAAAABAAAAAAAOY2VsbFRleHRJc0hUTUxib29sAQAAAAhjZWxsVGV4dFRFWFQAAAABAAAAAAAJaG9yekFsaWduZW51bQAAAA9FU2xpY2VIb3J6QWxpZ24AAAAHZGVmYXVsdAAAAAl2ZXJ0QWxpZ25lbnVtAAAAD0VTbGljZVZlcnRBbGlnbgAAAAdkZWZhdWx0AAAAC2JnQ29sb3JUeXBlZW51bQAAABFFU2xpY2VCR0NvbG9yVHlwZQAAAABOb25lAAAACXRvcE91dHNldGxvbmcAAAAAAAAACmxlZnRPdXRzZXRsb25nAAAAAAAAAAxib3R0b21PdXRzZXRsb25nAAAAAAAAAAtyaWdodE91dHNldGxvbmcAAAAAADhCSU0EEQAAAAAAAQEAOEJJTQQUAAAAAAAEAAAAAThCSU0EDAAAAAAIqQAAAAEAAACAAAAAIwAAAYAAADSAAAAIjQAYAAH/2P/gABBKRklGAAECAQBIAEgAAP/tAAxBZG9iZV9DTQAC/+4ADkFkb2JlAGSAAAAAAf/bAIQADAgICAkIDAkJDBELCgsRFQ8MDA8VGBMTFRMTGBEMDAwMDAwRDAwMDAwMDAwMDAwMDAwMDAwMDAwMDAwMDAwMDAENCwsNDg0QDg4QFA4ODhQUDg4ODhQRDAwMDAwREQwMDAwMDBEMDAwMDAwMDAwMDAwMDAwMDAwMDAwMDAwMDAwM/8AAEQgAIwCAAwEiAAIRAQMRAf/dAAQACP/EAT8AAAEFAQEBAQEBAAAAAAAAAAMAAQIEBQYHCAkKCwEAAQUBAQEBAQEAAAAAAAAAAQACAwQFBgcICQoLEAABBAEDAgQCBQcGCAUDDDMBAAIRAwQhEjEFQVFhEyJxgTIGFJGhsUIjJBVSwWIzNHKC0UMHJZJT8OHxY3M1FqKygyZEk1RkRcKjdDYX0lXiZfKzhMPTdePzRieUpIW0lcTU5PSltcXV5fVWZnaGlqa2xtbm9jdHV2d3h5ent8fX5/cRAAICAQIEBAMEBQYHBwYFNQEAAhEDITESBEFRYXEiEwUygZEUobFCI8FS0fAzJGLhcoKSQ1MVY3M08SUGFqKygwcmNcLSRJNUoxdkRVU2dGXi8rOEw9N14/NGlKSFtJXE1OT0pbXF1eX1VmZ2hpamtsbW5vYnN0dXZ3eHl6e3x//aAAwDAQACEQMRAD8A9VSXGdf6xl1dSzcbGzr6667sNtpq9MmkED7Xj0VnHsfZkZuNlUPw6rd/r3sv+x2faMb7Db0GNdl9P6TdndUe59sPybaS+oNpBG/7FVkWfZaHV47fZ9oyLf0r992+qr9HUlOmksrov1ixOsvuZjsLDQGl03Yt30t23/k7LzXM+h/hfTSd9aOgtc5jstoc0lrhtfyDB/MSU6qSyh9aegkEjLaQOTtfp/0E3/Or6v8A/cxv+a//AMgkp1lhfWj6wu6TiWtw3Uu6gyl+SWXOhrKaw4uvtYHVvf6ljfs+PUx/qX3/APBUZPpH/wCdX1f/AO5jf81//kFT6n1T6n9VxrMbOtqtZbW+ouLHF7WvGx/pWGvdW7+U1JTqVdWx7uo2dPrrtc+mRZb6Z9JrwK7PRfb+ZZ6V9dle/wDR3f4F9np2KrhfWvomd1Szp2Nm4trmsrdS+u+t5tc/1vUqqrY73PobRvft/wBKqWDn/VjFzbs5me+66wPA9QOIYyyx2XZUzZUxzq/Xs3V/aHXeh/N0elUrLOv/AFaZl25gzP0t7K63zvLdtRtdXsZt2s/pFm5JSV+b1OnrlWLYabcfKc4V49Qd6tVLK/U+35Fznbdrsr9T9D0f8PQ/7R+jtrs11zDeofVtnVHdSb1W4OseLH48n0nEVnGY1/6H13Usa51rMb1/s7Mn9P6XqLR/51fV/wD7mN/zX/8AkElOsksofWjoLuMtpjmGv/8AIJv+dX1f/wC5jf8ANf8A+QSU6ySyf+dX1f8A+5jf81//AJBadN1d9Nd9Lt9VrQ+t3i1w3Ndr/JSU/wD/0PS3dL6c+11z8at1j7WZD3OaCTbU1tVFzp/wlLGM9L/RqyQCIIkHkJ0klMWsY36LQJ5gQsW7q2ZgdUtZn3U/YG1W5DgKbWOrrr1b6eRvurz7tnvyaaaKvs7P0n+i9fcWTk/V9uVbZddnZTrdwfivBqH2b3tucMVraNjvU9NlNn2xuV+repR/N5GT6yUgtxcvq3U+ldWx7Lcajp9twyMLJZZWXbq7cf1WslrLbGuc30nv9Sn0bLLaLf8AB3l6j9aei9O6hTgZOZjV22OLbxZfWx1IFZvrddXY7e31fY1n/GK/07Ao6dhVYWPPpUiG7udSXu0aG11t3O9lVTK6Kf5qiqqnZWpX4dV+Rj5Dy4PxXOfWAYaS9jqXb2/n+x6SnO6zndRw78WzGtoGNa9lbmW1PIcXO/SPsz2WNpwq/T2+g6ym71sj9D+ej9VzczEyenNo9I0ZWT6GRvDi+HMsfX6G1zWNdvr9/qKeb0pmdkVvyL7TjM2l2CNgoe5jvUrsu/RfaHbX7P0f2j0X+l+kq/nE2Z0lmbXjV3ZF04t3rh7C1rnnbZV6du2v+bdXe/8AmvSs/wCESU5ma931jqxj0xprbjZFWS3LvaWNLAX7bMRxoudkNs2fpasfK6dk+l/2qpqv/S3esfWTpXR7sejLyaK7b7GNNdt1dbm1v3N+1OZa4O9Frq0bo/RsfpFFlVNtt7rn+rddcQXvfDa/Uf6TKqvU2Vs9Sz0/Uv8A56/1b/UtVjKw6sr0fULh9ntbczaY9zJ27/3me76KSmnl9StbldIOI6m7C6ja6uywS4lpx783HtxrK3elsd9m+l7/ANH9BP1jNzcN+C7H9L0rsqujIFgcXbbTsHobHMa1+7/SI+b09mZdiXOtsqdg3faK/TLQHO2WY7mW72P/AEbqb7We3YoZfS25deOy3IuH2bIblBzSwF5Y5z2U2/o9voe7b7Nlns/nUlOZ1G131hwjV0uj1DXYxzcjJNmOwNJex2T0+9lGTuzK/Se2i3Z6uG9/2n/R+rc6z9ZOldGdVXl5NFd1r6m+jZdXW8V2P9F2Vstdu9Gr3vf/AMWi9G6Lj9IqsrqttyH3ODrbr3Bz3FrRW1z/AEmVVus2N/SX+n69/wD2otterOXh1ZjK2WlwbXbXcNp2y6p7bq937zN7Pc1JTXy+tYONi05TXOyq8r+jDFabjb7HX/oPR3ep+gqst9v09n6NXWOD2NeJAcARILTr+810Ob/aVDqvRMfqrqvXutrrrDmvqrLQ2xrnVW7bPUrsex7LMat9GTjPx8vG/wC0+RUtFJT/AP/R9VSXyqkkp+qkl8qpJKfqpJfKqSSn6qSXyqkkp+qkl8qpJKfqpJfKqSSn6qSXyqkkp+qkl8qpJKf/2QA4QklNBCEAAAAAAFUAAAABAQAAAA8AQQBkAG8AYgBlACAAUABoAG8AdABvAHMAaABvAHAAAAATAEEAZABvAGIAZQAgAFAAaABvAHQAbwBzAGgAbwBwACAANwAuADAAAAABADhCSU0EBgAAAAAABwABAAAAAQEA/+ESSGh0dHA6Ly9ucy5hZG9iZS5jb20veGFwLzEuMC8APD94cGFja2V0IGJlZ2luPSfvu78nIGlkPSdXNU0wTXBDZWhpSHpyZVN6TlRjemtjOWQnPz4KPD9hZG9iZS14YXAtZmlsdGVycyBlc2M9IkNSIj8+Cjx4OnhhcG1ldGEgeG1sbnM6eD0nYWRvYmU6bnM6bWV0YS8nIHg6eGFwdGs9J1hNUCB0b29sa2l0IDIuOC4yLTMzLCBmcmFtZXdvcmsgMS41Jz4KPHJkZjpSREYgeG1sbnM6cmRmPSdodHRwOi8vd3d3LnczLm9yZy8xOTk5LzAyLzIyLXJkZi1zeW50YXgtbnMjJyB4bWxuczppWD0naHR0cDovL25zLmFkb2JlLmNvbS9pWC8xLjAvJz4KCiA8cmRmOkRlc2NyaXB0aW9uIGFib3V0PSd1dWlkOmJlN2FlNTc5LWE1YzktMTFkOS1iNGIwLTk5YjA2NzBjMWFkZicKICB4bWxuczp4YXBNTT0naHR0cDovL25zLmFkb2JlLmNvbS94YXAvMS4wL21tLyc+CiAgPHhhcE1NOkRvY3VtZW50SUQ+YWRvYmU6ZG9jaWQ6cGhvdG9zaG9wOmNlYzhmZWVkLWE1YzMtMTFkOS1iNGIwLTk5YjA2NzBjMWFkZjwveGFwTU06RG9jdW1lbnRJRD4KIDwvcmRmOkRlc2NyaXB0aW9uPgoKPC9yZGY6UkRGPgo8L3g6eGFwbWV0YT4KICAgICAgICAgICAgICAgICAgICAgICAgICAgICAgICAgICAgICAgICAgICAgICAgICAgICAgICAgICAgICAgICAgICAgICAgICAgICAgICAgICAgICAgICAgICAgICAgICAgIAogICAgICAgICAgICAgICAgICAgICAgICAgICAgICAgICAgICAgICAgICAgICAgICAgICAgICAgICAgICAgICAgICAgICAgICAgICAgICAgICAgICAgICAgICAgICAgICAgICAgCiAgICAgICAgICAgICAgICAgICAgICAgICAgICAgICAgICAgICAgICAgICAgICAgICAgICAgICAgICAgICAgICAgICAgICAgICAgICAgICAgICAgICAgICAgICAgICAgICAgICAKICAgICAgICAgICAgICAgICAgICAgICAgICAgICAgICAgICAgICAgICAgICAgICAgICAgICAgICAgICAgICAgICAgICAgICAgICAgICAgICAgICAgICAgICAgICAgICAgICAgIAogICAgICAgICAgICAgICAgICAgICAgICAgICAgICAgICAgICAgICAgICAgICAgICAgICAgICAgICAgICAgICAgICAgICAgICAgICAgICAgICAgICAgICAgICAgICAgICAgICAgCiAgICAgICAgICAgICAgICAgICAgICAgICAgICAgICAgICAgICAgICAgICAgICAgICAgICAgICAgICAgICAgICAgICAgICAgICAgICAgICAgICAgICAgICAgICAgICAgICAgICAKICAgICAgICAgICAgICAgICAgICAgICAgICAgICAgICAgICAgICAgICAgICAgICAgICAgICAgICAgICAgICAgICAgICAgICAgICAgICAgICAgICAgICAgICAgICAgICAgICAgIAogICAgICAgICAgICAgICAgICAgICAgICAgICAgICAgICAgICAgICAgICAgICAgICAgICAgICAgICAgICAgICAgICAgICAgICAgICAgICAgICAgICAgICAgICAgICAgICAgICAgCiAgICAgICAgICAgICAgICAgICAgICAgICAgICAgICAgICAgICAgICAgICAgICAgICAgICAgICAgICAgICAgICAgICAgICAgICAgICAgICAgICAgICAgICAgICAgICAgICAgICAKICAgICAgICAgICAgICAgICAgICAgICAgICAgICAgICAgICAgICAgICAgICAgICAgICAgICAgICAgICAgICAgICAgICAgICAgICAgICAgICAgICAgICAgICAgICAgICAgICAgIAogICAgICAgICAgICAgICAgICAgICAgICAgICAgICAgICAgICAgICAgICAgICAgICAgICAgICAgICAgICAgICAgICAgICAgICAgICAgICAgICAgICAgICAgICAgICAgICAgICAgCiAgICAgICAgICAgICAgICAgICAgICAgICAgICAgICAgICAgICAgICAgICAgICAgICAgICAgICAgICAgICAgICAgICAgICAgICAgICAgICAgICAgICAgICAgICAgICAgICAgICAKICAgICAgICAgICAgICAgICAgICAgICAgICAgICAgICAgICAgICAgICAgICAgICAgICAgICAgICAgICAgICAgICAgICAgICAgICAgICAgICAgICAgICAgICAgICAgICAgICAgIAogICAgICAgICAgICAgICAgICAgICAgICAgICAgICAgICAgICAgICAgICAgICAgICAgICAgICAgICAgICAgICAgICAgICAgICAgICAgICAgICAgICAgICAgICAgICAgICAgICAgCiAgICAgICAgICAgICAgICAgICAgICAgICAgICAgICAgICAgICAgICAgICAgICAgICAgICAgICAgICAgICAgICAgICAgICAgICAgICAgICAgICAgICAgICAgICAgICAgICAgICAKICAgICAgICAgICAgICAgICAgICAgICAgICAgICAgICAgICAgICAgICAgICAgICAgICAgICAgICAgICAgICAgICAgICAgICAgICAgICAgICAgICAgICAgICAgICAgICAgICAgIAogICAgICAgICAgICAgICAgICAgICAgICAgICAgICAgICAgICAgICAgICAgICAgICAgICAgICAgICAgICAgICAgICAgICAgICAgICAgICAgICAgICAgICAgICAgICAgICAgICAgCiAgICAgICAgICAgICAgICAgICAgICAgICAgICAgICAgICAgICAgICAgICAgICAgICAgICAgICAgICAgICAgICAgICAgICAgICAgICAgICAgICAgICAgICAgICAgICAgICAgICAKICAgICAgICAgICAgICAgICAgICAgICAgICAgICAgICAgICAgICAgICAgICAgICAgICAgICAgICAgICAgICAgICAgICAgICAgICAgICAgICAgICAgICAgICAgICAgICAgICAgIAogICAgICAgICAgICAgICAgICAgICAgICAgICAgICAgICAgICAgICAgICAgICAgICAgICAgICAgICAgICAgICAgICAgICAgICAgICAgICAgICAgICAgICAgICAgICAgICAgICAgCiAgICAgICAgICAgICAgICAgICAgICAgICAgICAgICAgICAgICAgICAgICAgICAgICAgICAgICAgICAgICAgICAgICAgICAgICAgICAgICAgICAgICAgICAgICAgICAgICAgICAKICAgICAgICAgICAgICAgICAgICAgICAgICAgICAgICAgICAgICAgICAgICAgICAgICAgICAgICAgICAgICAgICAgICAgICAgICAgICAgICAgICAgICAgICAgICAgICAgICAgIAogICAgICAgICAgICAgICAgICAgICAgICAgICAgICAgICAgICAgICAgICAgICAgICAgICAgICAgICAgICAgICAgICAgICAgICAgICAgICAgICAgICAgICAgICAgICAgICAgICAgCiAgICAgICAgICAgICAgICAgICAgICAgICAgICAgICAgICAgICAgICAgICAgICAgICAgICAgICAgICAgICAgICAgICAgICAgICAgICAgICAgICAgICAgICAgICAgICAgICAgICAKICAgICAgICAgICAgICAgICAgICAgICAgICAgICAgICAgICAgICAgICAgICAgICAgICAgICAgICAgICAgICAgICAgICAgICAgICAgICAgICAgICAgICAgICAgICAgICAgICAgIAogICAgICAgICAgICAgICAgICAgICAgICAgICAgICAgICAgICAgICAgICAgICAgICAgICAgICAgICAgICAgICAgICAgICAgICAgICAgICAgICAgICAgICAgICAgICAgICAgICAgCiAgICAgICAgICAgICAgICAgICAgICAgICAgICAgICAgICAgICAgICAgICAgICAgICAgICAgICAgICAgICAgICAgICAgICAgICAgICAgICAgICAgICAgICAgICAgICAgICAgICAKICAgICAgICAgICAgICAgICAgICAgICAgICAgICAgICAgICAgICAgICAgICAgICAgICAgICAgICAgICAgICAgICAgICAgICAgICAgICAgICAgICAgICAgICAgICAgICAgICAgIAogICAgICAgICAgICAgICAgICAgICAgICAgICAgICAgICAgICAgICAgICAgICAgICAgICAgICAgICAgICAgICAgICAgICAgICAgICAgICAgICAgICAgICAgICAgICAgICAgICAgCiAgICAgICAgICAgICAgICAgICAgICAgICAgICAgICAgICAgICAgICAgICAgICAgICAgICAgICAgICAgICAgICAgICAgICAgICAgICAgICAgICAgICAgICAgICAgICAgICAgICAKICAgICAgICAgICAgICAgICAgICAgICAgICAgICAgICAgICAgICAgICAgICAgICAgICAgICAgICAgICAgICAgICAgICAgICAgICAgICAgICAgICAgICAgICAgICAgICAgICAgIAogICAgICAgICAgICAgICAgICAgICAgICAgICAgICAgICAgICAgICAgICAgICAgICAgICAgICAgICAgICAgICAgICAgICAgICAgICAgICAgICAgICAgICAgICAgICAgICAgICAgCiAgICAgICAgICAgICAgICAgICAgICAgICAgICAgICAgICAgICAgICAgICAgICAgICAgICAgICAgICAgICAgICAgICAgICAgICAgICAgICAgICAgICAgICAgICAgICAgICAgICAKICAgICAgICAgICAgICAgICAgICAgICAgICAgICAgICAgICAgICAgICAgICAgICAgICAgICAgICAgICAgICAgICAgICAgICAgICAgICAgICAgICAgICAgICAgICAgICAgICAgIAogICAgICAgICAgICAgICAgICAgICAgICAgICAgICAgICAgICAgICAgICAgICAgICAgICAgICAgICAgICAgICAgICAgICAgICAgICAgICAgICAgICAgICAgICAgICAgICAgICAgCiAgICAgICAgICAgICAgICAgICAgICAgICAgICAgICAgICAgICAgICAgICAgICAgICAgICAgICAgICAgICAgICAgICAgICAgICAgICAgICAgICAgICAgICAgICAgICAgICAgICAKICAgICAgICAgICAgICAgICAgICAgICAgICAgICAgICAgICAgICAgICAgICAgICAgICAgICAgICAgICAgICAgICAgICAgICAgICAgICAgICAgICAgICAgICAgICAgICAgICAgIAogICAgICAgICAgICAgICAgICAgICAgICAgICAgICAgICAgICAgICAgICAgICAgICAgICAgICAgICAgICAgICAgICAgICAgICAgICAgICAgICAgICAgICAgICAgICAgICAgICAgCiAgICAgICAgICAgICAgICAgICAgICAgICAgICAgICAgICAgICAgICAgICAgICAgICAgICAgICAgICAgICAgICAgICAgICAgICAgICAgICAgICAgICAgICAgICAgICAgICAgICAKICAgICAgICAgICAgICAgICAgICAgICAgICAgICAgICAgICAgICAgICAgICAgICAgICAgICAgICAgICAgICAgICAgICAgICAgICAgICAgICAgICAgICAgICAgICAgICAgICAgIAogICAgICAgICAgICAgICAgICAgICAgICAgICAgICAgICAgICAgICAgICAgICAgICAgICAgICAgCjw/eHBhY2tldCBlbmQ9J3cnPz7/7gAOQWRvYmUAZIAAAAAB/9sAhAAMCAgICQgMCQkMEQsKCxEVDwwMDxUYExMVExMYEQwMDAwMDBEMDAwMDAwMDAwMDAwMDAwMDAwMDAwMDAwMDAwMAQ0LCw0ODRAODhAUDg4OFBQODg4OFBEMDAwMDBERDAwMDAwMEQwMDAwMDAwMDAwMDAwMDAwMDAwMDAwMDAwMDAz/wAARCAAyALcDASIAAhEBAxEB/90ABAAM/8QBPwAAAQUBAQEBAQEAAAAAAAAAAwABAgQFBgcICQoLAQABBQEBAQEBAQAAAAAAAAABAAIDBAUGBwgJCgsQAAEEAQMCBAIFBwYIBQMMMwEAAhEDBCESMQVBUWETInGBMgYUkaGxQiMkFVLBYjM0coLRQwclklPw4fFjczUWorKDJkSTVGRFwqN0NhfSVeJl8rOEw9N14/NGJ5SkhbSVxNTk9KW1xdXl9VZmdoaWprbG1ub2N0dXZ3eHl6e3x9fn9xEAAgIBAgQEAwQFBgcHBgU1AQACEQMhMRIEQVFhcSITBTKBkRShsUIjwVLR8DMkYuFygpJDUxVjczTxJQYWorKDByY1wtJEk1SjF2RFVTZ0ZeLys4TD03Xj80aUpIW0lcTU5PSltcXV5fVWZnaGlqa2xtbm9ic3R1dnd4eXp7fH/9oADAMBAAIRAxEAPwD1VJUsrrGDi5jMG31jkWUvyGMroutBrq/nnNsoqsr3s9jfS3+rvtor2b8ij1Kg+tfRjjOywcn0GXNxy44eWP0rnvx21NZ9m3vf9or+zv2fzeR6dFn6a2pJTsJJJJKUkkkkpSSSSSlJJJJKUszofW6utV5N1FTq6Kbm10vcRNtb6MfNpydg/mmXV5bfTqf+l2fz3o3foKp9a6fldRxWY+PfXQ31A69l1RururAcDjXV13YlnpPsNb7P0/6b0/s97Lca66pc7fV1WhnVaepB19Wf1GprrsXDvc0NZh493rW4dVmddm9NyLsSjpWXjMfXv35n63+l9KhKeyQW5VDsqzDa6cimuu2xkHRlptrpdujZ7341/wDmLN6B0+qjpD24+M3pVmW573jHrFQ3QManNqw722sw3349GPk/Yrq3/Z3/AKLL9W/1/UpU9E6oOv5jz1bPaw4mIG5Pp4nvIsz91G49P9H9X3Ms/Rs9X9Z/Tf4DYlO11DKysdlTcPH+05F9npsDnGupsNfc6zKvrryH0VbKfTY/0Lf1myin/C+ol0/O+2Mta9no5OLZ6OVTO4Ms2su/R2w31qrKbqb6bNrP0Vv6aqjI9XHqF1rqN3T8Vj6KbLbLrBU17KbchtUhzzkX0YbbMmyqttf0K/52/wBGj1sau37VTDoVmM/HuOPVkti4+tkZlT6bciwsqe/K2Xsoscz3fZ2/oKaqvs/2bFqrxKKElOmkkkkpSSSSSlJJJJKUkkkkp//Q63rNtuZ9Z2dJxXupyx0536VhLXNx8u+qvPyq7Rt9DIwq+msrw9vr+rm9Qxn+l9mxcmxC+o1VWf07G6nWxtWBU7If07GYAGNdlWHJyn7Pbtf0+y3I6LibKaP0NObf/RupVVUdUKqha64MaLXtax9gA3FrC91bHP8ApOZW623Z/wAZYlVVVRUymljaqqmhldbAGta1o2sYxjfa1jWpKaXWsvJxMVlmNZ6TzYGl32S/O0hxj7N099VzPo/z7nel/g/8IqvRepZ+XlPryb/VYKy4N/ZmZg6y0T9p6hdbS/6X8w1vq/4T/BraSSU0s3Py8a0V09Nyc1pbuNtDsZrQZI9M/a8vFs36f6PYq/7Z6j/5RZ/+fg//ACRVjqj8+ur1MW/Gw6q2usyMnKa6xrWtE/zTLsNuzbvssyH5X6H0v5i31vUxw0dYqo6XTmdbtp6cbHFgfe4UNfBf6NgryXb8d+VRX9q+xXP+0Yv8xd+kpsSUif17MrdWyzouax1rtlTXWYILnBrrdlc9S97/AE67LP6lan+2eo/+UWf/AJ+D/wDJFUup9KzOo9f6H1zByKbsPFcSBs3htV1OR9oyab68iltzM1rsKhn6K/0Xspyqv0P2unI6JJTlftnqP/lFn/5+D/8AJFL9s9R/8os//Pwf/kirvT82rqGBjZ9Ic2rLprvra+A4Nsa21gftLm79rv3ln5OX1rHz6Wl+NZXkXba8Cuuw3eiHNruzHZzrm0sZj0v+13b8D0/U9Lpdd9mRkY2RclM/2z1H/wAos/8Az8H/AOSKX7Z6j/5RZ/8An4P/AMkVfynZTaHOw667sgRsrtsNTDqN266urJez2f8AAPVDB67i/sDp3VurZFGF9topsc6x4qr9S2sXurrde/8Ar7Gb0lNdn1pdZmWYFfS8l+bU3fbitv6ebWtO332UjqfqMZ+kr/N/wisftnqP/lFn/wCfg/8AyRQnNyM7ruHm47LLMCisube91D8R7Lay5uV08UWPzf2hufVQ2/IZ9l+wfb/R/pP6xpdQzaun4GTn3BzqsSmy+xrILi2trrXhm4tbv2t/eSU0v2z1H/yiz/8APwf/AJIpftnqP/lFn/5+D/8AJFaqzOjZ+fmP6hVn1U0W4WSKGsoe61u04+Llybra8d1j92U7/tPT+5/wtiUx/bPUf/KLP/z8H/5IpftnqP8A5RZ/+fg//JFS63n5+AzGtxaqbKrMnHoyH2vcHMbfkY+JNNLK3Nuftvf9PIo9H6f6x/NKxkdW6XjZVeFk5lFGXft9HHstYyx+8+nX6dT3Cx++wbGbUlNDH+sl+T6n2bpGXf6FjqbvTuwH7LGfzlNmzqR2Wsn31uRf2z1H/wAos/8Az8H/AOSKr/V+rOOfm5OT013S6vRx8bEqL6S30aHZXpVtrw7L2sext/qP91Vf6evEpp/UvtmZq5ObVjXYlNgcXZtxoqLYgObVflzZJHs9PFs/tpKaX7Z6j/5RZ/8An4P/AMkVYws/LybTXd03Jwmhu4W3uxnNJkD0x9ky8qzfr/o9iuqpg9W6X1Lf+zsyjM9KPU+z2st27p2b/Sc/Zv2O2pKbaSSSSn//0fVUkkklKSSSSU5/WC11AxrelWdXx7v52lox3MG0tez1q+oZGMx/v91ez1f5tYTundfw7KKsXHcbcel/2LJodT9npdk33X39KzGZdjL3dHxWVdJprs6fg1Zv2bF/VPs39FXWpJKYVVVUVMppY2qqpoZXWwBrWtaNrGMY32tY1qr53TcfP2eu+9npzt+z5F+PO6J3/Y7qPV+j7fU+graSSnF+q/Qx0vpeCLTe3MZiVVZFVmTddW14ZX6ra6LL7sOvZYzaz7PX/wAV+iUMzDf1LqVT29Mdh5GLdWR1i37OX+jTb6z6MR+Pddm7M5u/H9K5uLX9lysn1vf+p5G6kkpCbrBRZb6Fhezftolm9+wuaz0z6no/rG3fT6t1f85+n9D9Js5PExPrHRh9Lpq6fdj5mB06nGoyA/Gcxt381m4/Ug/Itc/ptzsLpmT6nTqf2h6Pq+jdVd+gXZJJKYVVVUVMppY2qqpoZXWwBrWtaNrGMY32tY1qyPrR0MdU6XnCo3uzH4ltWPVXk3U1ueWWek2yiu+nDs32P2v+0V/8b+iW0kkpqYPTcfA3+g+9/qRu+0ZF+RG2Y2fbLr/S+l7vT+mqXTBnUZfXLrcK5rbckX4o3Uk3tbjY+JFO2/8ARvfZhO2favs3sup/4b0dhJJTlfWSvLt6fUzDxbMyxuXiWurqdW0hlGRTm2unKtx6/wCbx/TZ7/519f8Ag99jKWHjdVs6va7IwnU49uTZbl+qaH4traT6fTM3Ea23I6hX1L0sXpX896GEz0Mm30K8z0V0SSSlLn+q/VmrJ6hgZFbstzW5b7cojNyWhjHY+WzdRX9qa2j9Ztor/U2s/RP9L+jequgSSU5XVMJ9XQrcHEx7OoMs21W49tzn2WUW2NZntGVl5Fdnq/Y7Mj0PVy/Z+jUuiVZwqtu6gxwve4MrsvFP2o0sG6tmc/p/6m59eTbl/Z/s36P7NZV/2q+0rTSSUpJJJJT/AP/S9VSXyqkkp+qkl8qpJKfqpJfKqSSn6qSXyqkkp+qkl8qpJKfqpJfKqSSn6qSXyqkkp+qkl8qpJKfqpJfKqSSn6qSXyqkkp+qkl8qpJKfqpJfKqSSn/9k='),
(2, 1, 0, '&amp;nbsp;', 'data:image/jpeg;base64,/9j/4AAQSkZJRgABAgEASABIAAD/4QpLRXhpZgAATU0AKgAAAAgABwESAAMAAAABAAEAAAEaAAUAAAABAAAAYgEbAAUAAAABAAAAagEoAAMAAAABAAIAAAExAAIAAAAUAAAAcgEyAAIAAAAUAAAAhodpAAQAAAABAAAAnAAAAMgAAABIAAAAAQAAAEgAAAABQWRvYmUgUGhvdG9zaG9wIDcuMAAyMDA1OjA0OjA1IDE0OjU2OjIyAAAAAAOgAQADAAAAAf//AACgAgAEAAAAAQAAALegAwAEAAAAAQAAADIAAAAAAAAABgEDAAMAAAABAAYAAAEaAAUAAAABAAABFgEbAAUAAAABAAABHgEoAAMAAAABAAIAAAIBAAQAAAABAAABJgICAAQAAAABAAAJHQAAAAAAAABIAAAAAQAAAEgAAAAB/9j/4AAQSkZJRgABAgEASABIAAD/7QAMQWRvYmVfQ00AAv/uAA5BZG9iZQBkgAAAAAH/2wCEAAwICAgJCAwJCQwRCwoLERUPDAwPFRgTExUTExgRDAwMDAwMEQwMDAwMDAwMDAwMDAwMDAwMDAwMDAwMDAwMDAwBDQsLDQ4NEA4OEBQODg4UFA4ODg4UEQwMDAwMEREMDAwMDAwRDAwMDAwMDAwMDAwMDAwMDAwMDAwMDAwMDAwMDP/AABEIACMAgAMBIgACEQEDEQH/3QAEAAj/xAE/AAABBQEBAQEBAQAAAAAAAAADAAECBAUGBwgJCgsBAAEFAQEBAQEBAAAAAAAAAAEAAgMEBQYHCAkKCxAAAQQBAwIEAgUHBggFAwwzAQACEQMEIRIxBUFRYRMicYEyBhSRobFCIyQVUsFiMzRygtFDByWSU/Dh8WNzNRaisoMmRJNUZEXCo3Q2F9JV4mXys4TD03Xj80YnlKSFtJXE1OT0pbXF1eX1VmZ2hpamtsbW5vY3R1dnd4eXp7fH1+f3EQACAgECBAQDBAUGBwcGBTUBAAIRAyExEgRBUWFxIhMFMoGRFKGxQiPBUtHwMyRi4XKCkkNTFWNzNPElBhaisoMHJjXC0kSTVKMXZEVVNnRl4vKzhMPTdePzRpSkhbSVxNTk9KW1xdXl9VZmdoaWprbG1ub2JzdHV2d3h5ent8f/2gAMAwEAAhEDEQA/APVUlz/VvrHm4OZbiU4tN1gsxWUb7rGbm5Tn0Otv2YtzcZmNe1m5+62uxln859qspxrdDA6qMjpzup5QrxMM7raLXPMHGjdVlX+tXR9m9Vn6X0n/AM1V/O/pN9VaU6CSqYXVel9QL24GZRlurANgotZYWh07d/pOdt3bVbSUpJJJJTSyerYmN1DE6a/c7JzS4MawSGhrLb/Uvd/g2P8As9ldX+ks/wCLt9Or9Yus1dN6VkZdeXRjvxi0PdY31YcfoUeiy2n9Le72N32ez+dQ7vq4T1fH6lRlWgMyzl302Frmn9WvwQ2kurdc3+eZ+i9b0a6/X9LZYl9Wuj5nTmXWZzcZt922fs43cbrLf1myui99Nl9tt1ONf6/2T1LP1q7/AASU6JzqqMBmbmObSzYx1pBLmgv2j2u2te5u93+jViyyuphsscGMaJc5xgAebis36wdFb1jDNIssqtb/ADZbddUzVzHP9avEtp9b2s/R+rv9NA6x0XJt6bRg9OLXiq4WOdl3W2PAAseyxmRkNz32205LqrPSyq76LKf0HsSU6uRmY2Niuy77AzHY3e6zkbT+d7ZQ+oZtmHUx1WLdm2WP2NpoDZ4dY577L300VVtZX9O21n6T06v5y1iz+q/V1md0ZnT2PNNtNPpVeg+7GomGNduxMK6tjqvZ+ips9X0UXO6fnV9OrwulPJb6n6c5GTcLXUkPdZXV1B7c7KqsfZ6bPU/nK8f1fs1mNf6F9KU3sPMx87Fqy8Z2+i9ofW6CDB8WuhzUdV+nVX04GPTkMprurra19eMC2lpAj08drvc2ln0a1YSUpJJJJT//0O4zPqlhZuXlZORa932y+q6yvSBXXXTj3YbZn9BnfZavt3/civ8ARf4OtbN9IvpfS5zmCxpaXVuLHie7LGe5jv5SIkkpqYXTa8MvLLsi71AARfc+0CJ+h6rnbPpfmrFq6b0c9QHT34XUKdwf6F78m412CotbYW+nm25NbPd/O5VFFVn+k/S0+p0q57qvSOq592TcyjEqLmHHDfWsnKoe4NdXm2sxq3Yno4xvfi+k3O9PMv8AU9T0q768xKanUOn4eP1fpOHj419uF1B9rL8v7VkuDSyq2+mqrZk/zj307n2Wfo/SZ/21pXdC6BjupZcbmOyH+lSDlZPuftfbsb+n/wBHVY5XOi4Dun9OqxntqbaJdb6DG1sLnHcXRUyit9v+mvZj432iz9N9mxvU+z11esfV9nUsvDyfVurNFodcGZORSDX6d1f6KvFuqrrv33M/TbfU9L9HvSU0uodO6PgXVsfhZ9tTyxr8irJuLGGx3o1tcx2azJtfu/MxcfIRM3pfQ8LIw6LKcx5zrTSyxmRkFjHbXWze85LfTa7ZtZ/LVrqPTMvJfiYtDK2Y2Nsc3PfdY/LrLD+kbQx9VnqPvob9nsyrs/1NmRf61V/83kE6nh9Qy/2c+tlLX42Yy/Ia6x0ekG21v9F4p/SXfpWuax7Kmf8ACpKcf6xdO6X0zp78jGsLb2PYwVW5OQ8vL+KKqxnY1nrub+lYyr18ixlf6tiZN3p1rRyeg9Bxca3KyDfXRQx1trzlZMNYwb3vP6f81oUfq/0PIwcjJzs+rFGZfp6lA3vO4+tlP+1WVU5LaMrI/TMwLXZX2L/BZdlHo0Ytj6xdFb1npmRiiyyu59FtdBbddVXvsZsb9prxbK25FW7/AAdzLklNLqXS+hdObQ+6nMsbkX1YwNWRkODXXvZj1PuJyW7KvUsb7kurdK6F0rp2R1G+nMtpxWG2xlORkuftaNztrTksb7W/vOVrqHR7f2dVhdPJfty8bIecvIusO2i+nMs23X/bLnOd9n9Ouv8Am/ei9bw83qHRup9PpbU23Losx8dz3uDYtr9L1LttTnV7H2Wfo2et9Bn6T9J+iSmnndB6Lj4t9nqPpfTU60vtysksY1oJ9a1jcpj3VM2+/wB7EDoPSuk9U6Tj559R/rBxD6srJDHBrnVtsax2S/0vUaze6j1Lfs/8x613p+qrPTui5TOt5HVc6rF3v3elZWDZbJ/R1vbZbTVbhenhsqxcimu/Ix8x/wCteng2ev8AatbKxa8uh1FrrGsfEmmyyl+h3e2/GfVczj8yxJTl4vQugZdDMjGN1tNmrHtysmDB2/6dXundOwcJr3YReW3QS511lwO2Y2G+y3b9L8xZWP8AVzIwvq9b0+h/2jKyGNrvbkZOS6l1e8+vVU+x+RZheri2W1+tjVfzvp2/pPTWl0Tp37N6dXjvZSy4kvv+zsbW1z3H6TvRrx67LduxluQ3HxvtD/032bG/o9aU/wD/0fVUl8qpJKfqpJfKqSSn6qSXyqkkp+qkl8qpJKfqpJfKqSSn6qSXyqkkp+qkl8qpJKfqpJfKqSSn/9n/7Q7qUGhvdG9zaG9wIDMuMAA4QklNBCUAAAAAABAAAAAAAAAAAAAAAAAAAAAAOEJJTQPtAAAAAAAQAEgAAAABAAIASAAAAAEAAjhCSU0EJgAAAAAADgAAAAAAAAAAAAA/gAAAOEJJTQQNAAAAAAAEAAAAHjhCSU0EGQAAAAAABAAAAB44QklNA/MAAAAAAAkAAAAAAAAAAAEAOEJJTQQKAAAAAAABAAA4QklNJxAAAAAAAAoAAQAAAAAAAAACOEJJTQP1AAAAAABIAC9mZgABAGxmZgAGAAAAAAABAC9mZgABAKGZmgAGAAAAAAABADIAAAABAFoAAAAGAAAAAAABADUAAAABAC0AAAAGAAAAAAABOEJJTQP4AAAAAABwAAD/////////////////////////////A+gAAAAA/////////////////////////////wPoAAAAAP////////////////////////////8D6AAAAAD/////////////////////////////A+gAADhCSU0ECAAAAAAAEAAAAAEAAAJAAAACQAAAAAA4QklNBB4AAAAAAAQAAAAAOEJJTQQaAAAAAANLAAAABgAAAAAAAAAAAAAAMgAAALcAAAALAHQAZQBzAHQAXwAxAF8AMAAxAF8AMgAAAAEAAAAAAAAAAAAAAAAAAAAAAAAAAQAAAAAAAAAAAAAAtwAAADIAAAAAAAAAAAAAAAAAAAAAAQAAAAAAAAAAAAAAAAAAAAAAAAAQAAAAAQAAAAAAAG51bGwAAAACAAAABmJvdW5kc09iamMAAAABAAAAAAAAUmN0MQAAAAQAAAAAVG9wIGxvbmcAAAAAAAAAAExlZnRsb25nAAAAAAAAAABCdG9tbG9uZwAAADIAAAAAUmdodGxvbmcAAAC3AAAABnNsaWNlc1ZsTHMAAAABT2JqYwAAAAEAAAAAAAVzbGljZQAAABIAAAAHc2xpY2VJRGxvbmcAAAAAAAAAB2dyb3VwSURsb25nAAAAAAAAAAZvcmlnaW5lbnVtAAAADEVTbGljZU9yaWdpbgAAAA1hdXRvR2VuZXJhdGVkAAAAAFR5cGVlbnVtAAAACkVTbGljZVR5cGUAAAAASW1nIAAAAAZib3VuZHNPYmpjAAAAAQAAAAAAAFJjdDEAAAAEAAAAAFRvcCBsb25nAAAAAAAAAABMZWZ0bG9uZwAAAAAAAAAAQnRvbWxvbmcAAAAyAAAAAFJnaHRsb25nAAAAtwAAAAN1cmxURVhUAAAAAQAAAAAAAG51bGxURVhUAAAAAQAAAAAAAE1zZ2VURVhUAAAAAQAAAAAABmFsdFRhZ1RFWFQAAAABAAAAAAAOY2VsbFRleHRJc0hUTUxib29sAQAAAAhjZWxsVGV4dFRFWFQAAAABAAAAAAAJaG9yekFsaWduZW51bQAAAA9FU2xpY2VIb3J6QWxpZ24AAAAHZGVmYXVsdAAAAAl2ZXJ0QWxpZ25lbnVtAAAAD0VTbGljZVZlcnRBbGlnbgAAAAdkZWZhdWx0AAAAC2JnQ29sb3JUeXBlZW51bQAAABFFU2xpY2VCR0NvbG9yVHlwZQAAAABOb25lAAAACXRvcE91dHNldGxvbmcAAAAAAAAACmxlZnRPdXRzZXRsb25nAAAAAAAAAAxib3R0b21PdXRzZXRsb25nAAAAAAAAAAtyaWdodE91dHNldGxvbmcAAAAAADhCSU0EEQAAAAAAAQEAOEJJTQQUAAAAAAAEAAAAAThCSU0EDAAAAAAJOQAAAAEAAACAAAAAIwAAAYAAADSAAAAJHQAYAAH/2P/gABBKRklGAAECAQBIAEgAAP/tAAxBZG9iZV9DTQAC/+4ADkFkb2JlAGSAAAAAAf/bAIQADAgICAkIDAkJDBELCgsRFQ8MDA8VGBMTFRMTGBEMDAwMDAwRDAwMDAwMDAwMDAwMDAwMDAwMDAwMDAwMDAwMDAENCwsNDg0QDg4QFA4ODhQUDg4ODhQRDAwMDAwREQwMDAwMDBEMDAwMDAwMDAwMDAwMDAwMDAwMDAwMDAwMDAwM/8AAEQgAIwCAAwEiAAIRAQMRAf/dAAQACP/EAT8AAAEFAQEBAQEBAAAAAAAAAAMAAQIEBQYHCAkKCwEAAQUBAQEBAQEAAAAAAAAAAQACAwQFBgcICQoLEAABBAEDAgQCBQcGCAUDDDMBAAIRAwQhEjEFQVFhEyJxgTIGFJGhsUIjJBVSwWIzNHKC0UMHJZJT8OHxY3M1FqKygyZEk1RkRcKjdDYX0lXiZfKzhMPTdePzRieUpIW0lcTU5PSltcXV5fVWZnaGlqa2xtbm9jdHV2d3h5ent8fX5/cRAAICAQIEBAMEBQYHBwYFNQEAAhEDITESBEFRYXEiEwUygZEUobFCI8FS0fAzJGLhcoKSQ1MVY3M08SUGFqKygwcmNcLSRJNUoxdkRVU2dGXi8rOEw9N14/NGlKSFtJXE1OT0pbXF1eX1VmZ2hpamtsbW5vYnN0dXZ3eHl6e3x//aAAwDAQACEQMRAD8A9VSXP9W+sebg5luJTi03WCzFZRvusZublOfQ62/Zi3NxmY17Wbn7ra7GWfzn2qynGt0MDqoyOnO6nlCvEwzutotc8wcaN1WVf61dH2b1WfpfSf8AzVX87+k31VpToJKphdV6X1AvbgZlGW6sA2Ci1lhaHTt3+k523dtVtJSkkkklNLJ6tiY3UMTpr9zsnNLgxrBIaGstv9S93+DY/wCz2V1f6Sz/AIu306v1i6zV03pWRl15dGO/GLQ91jfVhx+hR6LLaf0t7vY3fZ7P51Du+rhPV8fqVGVaAzLOXfTYWuaf1a/BDaS6t1zf55n6L1vRrr9f0tliX1a6PmdOZdZnNxm33bZ+zjdxust/WbK6L302X223U41/r/ZPUs/Wrv8ABJTonOqowGZuY5tLNjHWkEuaC/aPa7a17m73f6NWLLK6mGyxwYxolznGAB5uKzfrB0VvWMM0iyyq1v8ANlt11TNXMc/1q8S2n1vaz9H6u/00DrHRcm3ptGD04teKrhY52XdbY8ACx7LGZGQ3PfbbTkuqs9LKrvosp/QexJTq5GZjY2K7LvsDMdjd7rORtP53tlD6hm2YdTHVYt2bZY/Y2mgNnh1jnvsvfTRVW1lf07bWfpPTq/nLWLP6r9XWZ3RmdPY80200+lV6D7saiYY127Ewrq2Oq9n6Kmz1fRRc7p+dX06vC6U8lvqfpzkZNwtdSQ91ldXUHtzsqqx9nps9T+crx/V+zWY1/oX0pTew8zHzsWrLxnb6L2h9boIMHxa6HNR1X6dVfTgY9OQymu6utrX14wLaWkCPTx2u9zaWfRrVhJSkkkklP//Q7jM+qWFm5eVk5Fr3fbL6rrK9IFdddOPdhtmf0Gd9lq+3f9yK/wBF/g61s30i+l9LnOYLGlpdW4seJ7ssZ7mO/lIiSSmphdNrwy8suyLvUABF9z7QIn6Hquds+l+asWrpvRz1AdPfhdQp3B/oXvybjXYKi1thb6ebbk1s9387lUUVWf6T9LT6nSrnuq9I6rn3ZNzKMSouYccN9aycqh7g11ebazGrdiejjG9+L6Tc708y/wBT1PSrvrzEpqdQ6fh4/V+k4ePjX24XUH2svy/tWS4NLKrb6aqtmT/OPfTufZZ+j9Jn/bWld0LoGO6llxuY7If6VIOVk+5+19uxv6f/AEdVjlc6LgO6f06rGe2ptol1voMbWwucdxdFTKK32/6a9mPjfaLP032bG9T7PXV6x9X2dSy8PJ9W6s0Wh1wZk5FINfp3V/oq8W6quu/fcz9Nt9T0v0e9JTS6h07o+BdWx+Fn21PLGvyKsm4sYbHejW1zHZrMm1+78zFx8hEzel9DwsjDospzHnOtNLLGZGQWMdtdbN7zkt9Nrtm1n8tWuo9My8l+Ji0MrZjY2xzc991j8ussP6RtDH1Weo++hv2ezKuz/U2ZF/rVX/zeQTqeH1DL/Zz62UtfjZjL8hrrHR6QbbW/0Xin9Jd+la5rHsqZ/wAKkpx/rF07pfTOnvyMawtvY9jBVbk5Dy8v4oqrGdjWeu5v6VjKvXyLGV/q2Jk3enWtHJ6D0HFxrcrIN9dFDHW2vOVkw1jBve8/p/zWhR+r/Q8jByMnOz6sUZl+nqUDe87j62U/7VZVTktoysj9MzAtdlfYv8Fl2UejRi2PrF0VvWemZGKLLK7n0W10Ft11Ve+xmxv2mvFsrbkVbv8AB3MuSU0updL6F05tD7qcyxuRfVjA1ZGQ4Nde9mPU+4nJbsq9SxvuS6t0roXSunZHUb6cy2nFYbbGU5GS5+1o3O2tOSxvtb+85WuodHt/Z1WF08l+3Lxsh5y8i6w7aL6cyzbdf9suc532f066/wCb96L1vDzeodG6n0+ltTbcuizHx3Pe4Ni2v0vUu21OdXsfZZ+jZ630GfpP0n6JKaed0HouPi32eo+l9NTrS+3KySxjWgn1rWNymPdUzb7/AHsQOg9K6T1TpOPnn1H+sHEPqyskMcGudW2xrHZL/S9RrN7qPUt+z/zHrXen6qs9O6LlM63kdVzqsXe/d6VlYNlsn9HW9tltNVuF6eGyrFyKa78jHzH/AK16eDZ6/wBq1srFry6HUWusax8SabLKX6Hd7b8Z9VzOPzLElOXi9C6Bl0MyMY3W02ase3KyYMHb/p1e6d07BwmvdhF5bdBLnXWXA7ZjYb7Ldv0vzFlY/wBXMjC+r1vT6H/aMrIY2u9uRk5LqXV7z69VT7H5FmF6uLZbX62NV/O+nb+k9NaXROnfs3p1eO9lLLiS+/7OxtbXPcfpO9GvHrst27GW5DcfG+0P/TfZsb+j1pT/AP/R9VSXyqkkp+qkl8qpJKfqpJfKqSSn6qSXyqkkp+qkl8qpJKfqpJfKqSSn6qSXyqkkp+qkl8qpJKf/2QA4QklNBCEAAAAAAFUAAAABAQAAAA8AQQBkAG8AYgBlACAAUABoAG8AdABvAHMAaABvAHAAAAATAEEAZABvAGIAZQAgAFAAaABvAHQAbwBzAGgAbwBwACAANwAuADAAAAABADhCSU0EBgAAAAAABwABAAAAAQEA/+ESSGh0dHA6Ly9ucy5hZG9iZS5jb20veGFwLzEuMC8APD94cGFja2V0IGJlZ2luPSfvu78nIGlkPSdXNU0wTXBDZWhpSHpyZVN6TlRjemtjOWQnPz4KPD9hZG9iZS14YXAtZmlsdGVycyBlc2M9IkNSIj8+Cjx4OnhhcG1ldGEgeG1sbnM6eD0nYWRvYmU6bnM6bWV0YS8nIHg6eGFwdGs9J1hNUCB0b29sa2l0IDIuOC4yLTMzLCBmcmFtZXdvcmsgMS41Jz4KPHJkZjpSREYgeG1sbnM6cmRmPSdodHRwOi8vd3d3LnczLm9yZy8xOTk5LzAyLzIyLXJkZi1zeW50YXgtbnMjJyB4bWxuczppWD0naHR0cDovL25zLmFkb2JlLmNvbS9pWC8xLjAvJz4KCiA8cmRmOkRlc2NyaXB0aW9uIGFib3V0PSd1dWlkOmEzM2Y4OThhLWE1YzktMTFkOS1iNGIwLTk5YjA2NzBjMWFkZicKICB4bWxuczp4YXBNTT0naHR0cDovL25zLmFkb2JlLmNvbS94YXAvMS4wL21tLyc+CiAgPHhhcE1NOkRvY3VtZW50SUQ+YWRvYmU6ZG9jaWQ6cGhvdG9zaG9wOmNlYzhmZWVlLWE1YzMtMTFkOS1iNGIwLTk5YjA2NzBjMWFkZjwveGFwTU06RG9jdW1lbnRJRD4KIDwvcmRmOkRlc2NyaXB0aW9uPgoKPC9yZGY6UkRGPgo8L3g6eGFwbWV0YT4KICAgICAgICAgICAgICAgICAgICAgICAgICAgICAgICAgICAgICAgICAgICAgICAgICAgICAgICAgICAgICAgICAgICAgICAgICAgICAgICAgICAgICAgICAgICAgICAgICAgIAogICAgICAgICAgICAgICAgICAgICAgICAgICAgICAgICAgICAgICAgICAgICAgICAgICAgICAgICAgICAgICAgICAgICAgICAgICAgICAgICAgICAgICAgICAgICAgICAgICAgCiAgICAgICAgICAgICAgICAgICAgICAgICAgICAgICAgICAgICAgICAgICAgICAgICAgICAgICAgICAgICAgICAgICAgICAgICAgICAgICAgICAgICAgICAgICAgICAgICAgICAKICAgICAgICAgICAgICAgICAgICAgICAgICAgICAgICAgICAgICAgICAgICAgICAgICAgICAgICAgICAgICAgICAgICAgICAgICAgICAgICAgICAgICAgICAgICAgICAgICAgIAogICAgICAgICAgICAgICAgICAgICAgICAgICAgICAgICAgICAgICAgICAgICAgICAgICAgICAgICAgICAgICAgICAgICAgICAgICAgICAgICAgICAgICAgICAgICAgICAgICAgCiAgICAgICAgICAgICAgICAgICAgICAgICAgICAgICAgICAgICAgICAgICAgICAgICAgICAgICAgICAgICAgICAgICAgICAgICAgICAgICAgICAgICAgICAgICAgICAgICAgICAKICAgICAgICAgICAgICAgICAgICAgICAgICAgICAgICAgICAgICAgICAgICAgICAgICAgICAgICAgICAgICAgICAgICAgICAgICAgICAgICAgICAgICAgICAgICAgICAgICAgIAogICAgICAgICAgICAgICAgICAgICAgICAgICAgICAgICAgICAgICAgICAgICAgICAgICAgICAgICAgICAgICAgICAgICAgICAgICAgICAgICAgICAgICAgICAgICAgICAgICAgCiAgICAgICAgICAgICAgICAgICAgICAgICAgICAgICAgICAgICAgICAgICAgICAgICAgICAgICAgICAgICAgICAgICAgICAgICAgICAgICAgICAgICAgICAgICAgICAgICAgICAKICAgICAgICAgICAgICAgICAgICAgICAgICAgICAgICAgICAgICAgICAgICAgICAgICAgICAgICAgICAgICAgICAgICAgICAgICAgICAgICAgICAgICAgICAgICAgICAgICAgIAogICAgICAgICAgICAgICAgICAgICAgICAgICAgICAgICAgICAgICAgICAgICAgICAgICAgICAgICAgICAgICAgICAgICAgICAgICAgICAgICAgICAgICAgICAgICAgICAgICAgCiAgICAgICAgICAgICAgICAgICAgICAgICAgICAgICAgICAgICAgICAgICAgICAgICAgICAgICAgICAgICAgICAgICAgICAgICAgICAgICAgICAgICAgICAgICAgICAgICAgICAKICAgICAgICAgICAgICAgICAgICAgICAgICAgICAgICAgICAgICAgICAgICAgICAgICAgICAgICAgICAgICAgICAgICAgICAgICAgICAgICAgICAgICAgICAgICAgICAgICAgIAogICAgICAgICAgICAgICAgICAgICAgICAgICAgICAgICAgICAgICAgICAgICAgICAgICAgICAgICAgICAgICAgICAgICAgICAgICAgICAgICAgICAgICAgICAgICAgICAgICAgCiAgICAgICAgICAgICAgICAgICAgICAgICAgICAgICAgICAgICAgICAgICAgICAgICAgICAgICAgICAgICAgICAgICAgICAgICAgICAgICAgICAgICAgICAgICAgICAgICAgICAKICAgICAgICAgICAgICAgICAgICAgICAgICAgICAgICAgICAgICAgICAgICAgICAgICAgICAgICAgICAgICAgICAgICAgICAgICAgICAgICAgICAgICAgICAgICAgICAgICAgIAogICAgICAgICAgICAgICAgICAgICAgICAgICAgICAgICAgICAgICAgICAgICAgICAgICAgICAgICAgICAgICAgICAgICAgICAgICAgICAgICAgICAgICAgICAgICAgICAgICAgCiAgICAgICAgICAgICAgICAgICAgICAgICAgICAgICAgICAgICAgICAgICAgICAgICAgICAgICAgICAgICAgICAgICAgICAgICAgICAgICAgICAgICAgICAgICAgICAgICAgICAKICAgICAgICAgICAgICAgICAgICAgICAgICAgICAgICAgICAgICAgICAgICAgICAgICAgICAgICAgICAgICAgICAgICAgICAgICAgICAgICAgICAgICAgICAgICAgICAgICAgIAogICAgICAgICAgICAgICAgICAgICAgICAgICAgICAgICAgICAgICAgICAgICAgICAgICAgICAgICAgICAgICAgICAgICAgICAgICAgICAgICAgICAgICAgICAgICAgICAgICAgCiAgICAgICAgICAgICAgICAgICAgICAgICAgICAgICAgICAgICAgICAgICAgICAgICAgICAgICAgICAgICAgICAgICAgICAgICAgICAgICAgICAgICAgICAgICAgICAgICAgICAKICAgICAgICAgICAgICAgICAgICAgICAgICAgICAgICAgICAgICAgICAgICAgICAgICAgICAgICAgICAgICAgICAgICAgICAgICAgICAgICAgICAgICAgICAgICAgICAgICAgIAogICAgICAgICAgICAgICAgICAgICAgICAgICAgICAgICAgICAgICAgICAgICAgICAgICAgICAgICAgICAgICAgICAgICAgICAgICAgICAgICAgICAgICAgICAgICAgICAgICAgCiAgICAgICAgICAgICAgICAgICAgICAgICAgICAgICAgICAgICAgICAgICAgICAgICAgICAgICAgICAgICAgICAgICAgICAgICAgICAgICAgICAgICAgICAgICAgICAgICAgICAKICAgICAgICAgICAgICAgICAgICAgICAgICAgICAgICAgICAgICAgICAgICAgICAgICAgICAgICAgICAgICAgICAgICAgICAgICAgICAgICAgICAgICAgICAgICAgICAgICAgIAogICAgICAgICAgICAgICAgICAgICAgICAgICAgICAgICAgICAgICAgICAgICAgICAgICAgICAgICAgICAgICAgICAgICAgICAgICAgICAgICAgICAgICAgICAgICAgICAgICAgCiAgICAgICAgICAgICAgICAgICAgICAgICAgICAgICAgICAgICAgICAgICAgICAgICAgICAgICAgICAgICAgICAgICAgICAgICAgICAgICAgICAgICAgICAgICAgICAgICAgICAKICAgICAgICAgICAgICAgICAgICAgICAgICAgICAgICAgICAgICAgICAgICAgICAgICAgICAgICAgICAgICAgICAgICAgICAgICAgICAgICAgICAgICAgICAgICAgICAgICAgIAogICAgICAgICAgICAgICAgICAgICAgICAgICAgICAgICAgICAgICAgICAgICAgICAgICAgICAgICAgICAgICAgICAgICAgICAgICAgICAgICAgICAgICAgICAgICAgICAgICAgCiAgICAgICAgICAgICAgICAgICAgICAgICAgICAgICAgICAgICAgICAgICAgICAgICAgICAgICAgICAgICAgICAgICAgICAgICAgICAgICAgICAgICAgICAgICAgICAgICAgICAKICAgICAgICAgICAgICAgICAgICAgICAgICAgICAgICAgICAgICAgICAgICAgICAgICAgICAgICAgICAgICAgICAgICAgICAgICAgICAgICAgICAgICAgICAgICAgICAgICAgIAogICAgICAgICAgICAgICAgICAgICAgICAgICAgICAgICAgICAgICAgICAgICAgICAgICAgICAgICAgICAgICAgICAgICAgICAgICAgICAgICAgICAgICAgICAgICAgICAgICAgCiAgICAgICAgICAgICAgICAgICAgICAgICAgICAgICAgICAgICAgICAgICAgICAgICAgICAgICAgICAgICAgICAgICAgICAgICAgICAgICAgICAgICAgICAgICAgICAgICAgICAKICAgICAgICAgICAgICAgICAgICAgICAgICAgICAgICAgICAgICAgICAgICAgICAgICAgICAgICAgICAgICAgICAgICAgICAgICAgICAgICAgICAgICAgICAgICAgICAgICAgIAogICAgICAgICAgICAgICAgICAgICAgICAgICAgICAgICAgICAgICAgICAgICAgICAgICAgICAgICAgICAgICAgICAgICAgICAgICAgICAgICAgICAgICAgICAgICAgICAgICAgCiAgICAgICAgICAgICAgICAgICAgICAgICAgICAgICAgICAgICAgICAgICAgICAgICAgICAgICAgICAgICAgICAgICAgICAgICAgICAgICAgICAgICAgICAgICAgICAgICAgICAKICAgICAgICAgICAgICAgICAgICAgICAgICAgICAgICAgICAgICAgICAgICAgICAgICAgICAgICAgICAgICAgICAgICAgICAgICAgICAgICAgICAgICAgICAgICAgICAgICAgIAogICAgICAgICAgICAgICAgICAgICAgICAgICAgICAgICAgICAgICAgICAgICAgICAgICAgICAgICAgICAgICAgICAgICAgICAgICAgICAgICAgICAgICAgICAgICAgICAgICAgCiAgICAgICAgICAgICAgICAgICAgICAgICAgICAgICAgICAgICAgICAgICAgICAgICAgICAgICAgICAgICAgICAgICAgICAgICAgICAgICAgICAgICAgICAgICAgICAgICAgICAKICAgICAgICAgICAgICAgICAgICAgICAgICAgICAgICAgICAgICAgICAgICAgICAgICAgICAgICAgICAgICAgICAgICAgICAgICAgICAgICAgICAgICAgICAgICAgICAgICAgIAogICAgICAgICAgICAgICAgICAgICAgICAgICAgICAgICAgICAgICAgICAgICAgICAgICAgICAgCjw/eHBhY2tldCBlbmQ9J3cnPz7/7gAOQWRvYmUAZIAAAAAB/9sAhAAMCAgICQgMCQkMEQsKCxEVDwwMDxUYExMVExMYEQwMDAwMDBEMDAwMDAwMDAwMDAwMDAwMDAwMDAwMDAwMDAwMAQ0LCw0ODRAODhAUDg4OFBQODg4OFBEMDAwMDBERDAwMDAwMEQwMDAwMDAwMDAwMDAwMDAwMDAwMDAwMDAwMDAz/wAARCAAyALcDASIAAhEBAxEB/90ABAAM/8QBPwAAAQUBAQEBAQEAAAAAAAAAAwABAgQFBgcICQoLAQABBQEBAQEBAQAAAAAAAAABAAIDBAUGBwgJCgsQAAEEAQMCBAIFBwYIBQMMMwEAAhEDBCESMQVBUWETInGBMgYUkaGxQiMkFVLBYjM0coLRQwclklPw4fFjczUWorKDJkSTVGRFwqN0NhfSVeJl8rOEw9N14/NGJ5SkhbSVxNTk9KW1xdXl9VZmdoaWprbG1ub2N0dXZ3eHl6e3x9fn9xEAAgIBAgQEAwQFBgcHBgU1AQACEQMhMRIEQVFhcSITBTKBkRShsUIjwVLR8DMkYuFygpJDUxVjczTxJQYWorKDByY1wtJEk1SjF2RFVTZ0ZeLys4TD03Xj80aUpIW0lcTU5PSltcXV5fVWZnaGlqa2xtbm9ic3R1dnd4eXp7fH/9oADAMBAAIRAxEAPwD1VJJJJSkkkklKSSSSUpJJJJSlA21C1tJe0Wva57KyRuLWFjbHtZ9JzK3W1b/+MrUMvI+zYt2T6dl/oVus9Glu+x+wF/p016b7XxtrYuW6XlVW/W3FybW3/bszEzPW34uTVXWA7pvoYlFubj473YtDKbn+q/06n52Tdd6WLZ1CrFSU9es/p/Ur8nKvw8rG+y5FNdV4YHiz9Debq6PVc1rWV5TX4l32imr7Rj1/o/RzMhUsDqvUs3qjWMtxmYhc9/2d1VvqWYoDhj52D1IW/Ys9lznYV9zMfH/U6sz7PkXfaf5610jog6XblXHNyc2zMcH2HJNZhwL/AHtbjU4zd7m2el7/APtPj4mNX+r4tFSSnTSXO9Y6x1KrqXTKqumZvp/bbGEssxQ3IaMXO2sY37c12zc1mX+tso/mP+5HpVLVt6hdX0t+acV1WRtIqw8iyqtzrSfSxsZ19dmRisfl3elXV+ls/nmfn/o0lN1JZXQ8vqGX69mTkUZFLdja/Tx7sS5lnvdfVl4ebbfbV+idi3Y+70vUrt9T0/S9GyzPu631Qdfw2DpOe1hxMsuxvUxPeRZgbb9o6h6P6vufX+kf6v6z+h/w+xKd/Ky8XDodk5l1eNj1xvutcGMbJDG7rLC1jdz3bVOq2q+pl1L221WtD67GEOa5rhuY9j2+1zHNVXLfhjHx+odQrdScVwvrY73PZbYx+IKvTxnWtyMh7cqzGrop+0etdZ+r+rZ6Sh0fFvoZk3XN9D7Ze7JZiSCKA9tbHVbqz6Xq3W12ZuV6P6L7Zl5H6XJ/pd6U6CSSSSlJJJJKUkkkkp//0Ow+sNwo6vXc119uzAvY7EpybqWPvvtxsLpFdvoWCrGty7cjNoxsuxn7+R6n6h6mPn9Cwreo47MM5mXaG33XZ2fVl5YBZXfb+y8XFNmXb6VXUcC5mV+jvyP8n/Zrrv02b03qNfRHolTvrD+3LLXOc3GZjVY8DY1zH3v+16z+senlWY9T/Z6VNuV/Ofakvq70SroXSKOm12uyHVNAtyHgB9jgAzc6PzK62V4+OzdZ6OLTRj+p+iSU283Opwahbc257XO2gUU25DpILtasSu+xrPb/ADmzYhYXV8TOtNVNeSxzW7ib8XJx2wCG6W5dFFbn+7+b370XNwac6oVXOuY1rtwNF1uO6QC3W3Esoscz3fze/YhYXSMTBtNtNmS9zm7SL8rJyGwSHaVZd99bX+3+c2b0lN1JYvWML6qsvGR1PptGVl5HcYf2u94YGsdY6uijJyXVUt9Gt1230qt9FX+EqSxfq99T8uhuRj9JwH1vmD9lqaQWkssrsrfU2yq2qxrq7qbG+rTb+it/SJKdpJcb1Wr6o4H1i6V0QdI6WDnOccl9tNLXMa5l/wBibTW5jPVflZeP6O9nqejs9Gyv1M3FW7/zT+q3/lNgf+w1P/pNJTqoLsWh2VXmObORTXZVW+Toy01WXN2zs978aj/MVD/mn9Vv/KbA/wDYan/0ms/7D9Q/tX2X9lYm71PR9b7B+r+pPpej+0Ps32H1fX/VvT+0f0v9U/pP6JJTq9M6F0zpe37GywbKxTV6t1t/p1jb+hx/tdt/2ap3p1b66PT9T0ad/wDM1LQWLlfV76mYdDsnM6b03Gx6433W0UMY2SGN3WWMaxu57tqWJ9XvqfmYtOZjdJwLMfJrbbS/7LUNzHgWVu2vqa9u5jvzklOpdi0X2UW2t3PxbDbQZI2vLLMYu9p936HIuZ71HPwMbqGM7FymudU5zH+x763B1b230vZdQ6u6t9d1bH+x653qnQ+h4XUcFjOk9NOJl2Cmxj8BsNJn9LZ1Nv6ti73PppxMa3Estzcz08at/wCm9fE1f+af1W/8psD/ANhqf/SaSm7hYGNg1GrHa4Bzt732PfbY9xAbvuyMh1t9z9jGVN9Wz+arrq/m62KTsWh2VXmObORTXZVW+Toy01WXN2zs978aj/MVD/mn9Vv/ACmwP/Yan/0mqmL0j6i5mVkYeJ0/pt+Rh7ftLK8el3plxsrbXY5textu/Ht30/ztf+E/MSU6vUOmYnUmVMyhZ+gs9Wp9VtlD2v2vp3NuxbKbf5q62v6f56XT+mYnTWWsxRZ+ns9W19ttl73P2sp3OuyrLrf5qmqv6f5ioZX1e+pmHQ7JzOm9NxseuN91tFDGNkhjd1ljGsbue7alifV76n5mLTmY3ScCzHya220v+y1Dcx4Flbtr6mvbuY785JTtJLl+qdB6Lh5GM6rovS349t1VBpOLWb7XXP8ATtNG1jWUswMffn2/o8v7RRVkf0JlH2laf/NP6rf+U2B/7DU/+k0lOqksr/mn9Vv/ACmwP/Yan/0ml/zT+q3/AJTYH/sNT/6TSU6qSD9kxfsv2L0a/snp+j9n2j0/Tj0/R9KPT9L0/Z6aSSn/0fVUkkklKSSSSU18+rMuw7asHIbiZT27asl1frBhP+E9AvqbY9rf5ve/Zv8A5z1f5tcwzqljOmUtx7bMPEwq7b+oX4TWPs9I23143WGnqjcuvI6f1CvD6h1LI9J+f1S31MR9VmZ6tt1/SZ3Sel9S2ftHDozPSn0/tFTLdu6N+z1Wv2b9jdyWR0npeTlV5uTh0X5dG30ciypj7GbD6lfp2vabGbLDvZtSUqrB3U4X25/2vLwdrxkx6e670n4tuR6NZ9Nvq133/ov5tnqKea/PZUDgU05Fu6HMvtdQ0Ng+4WVY+Y7fu2+z0v8ArisJJKed+qtvWjjvbdi4zMU5uebLWZNj7A77Xll7WUOwqmWMbf8Ao9/2mv8ARfpvT/7Tqx11uUzN6fkGyu7DF9VY6aazvtussaBltvbb7/2ZT6nUG47sS6v9Wvyv52nGysHXqqqpaWVMbW0uc8taA0bnuNtr/b+fZY99ln771Xx+k9LxsqzNxsOijLv3etkV1MZY/efUs9S1jRY/fYN79ySm2uVwMrLb9VugYeA6wZN2BRa9lAr+0Giqmiu12G7PH7O9VmTk4Xq/bP8AtI/J9D9Y9NdIcTFNFmMaazj3b/Vp2jY/1S59/qVxsf677LHXbv5zeqtn1e6BbRTjW9NxLMfG3ehS6issr3nfb6NbmbK/Uf7rNn00lNfpvT8bNxsPqGRl3dUJaLse+xz6q31ue7KwbLum1GnBfkY9dlO29+H6vq013/obK6/S0M1+eyoHAppyLd0OZfa6hobB9wsqx8x2/dt9npf9cVhJJTzv1Vt60cd7bsXGZinNzzZazJsfYHfa8svayh2FUyxjb/0e/wC01/ov03p/9p1dxv8AxU9Q/wDCGD/5+6otKqqqlpZUxtbS5zy1oDRue422v9v59lj32WfvvQmdPwK8yzPrxqWZtrdluU2totc0bfZZcG+o9n6Ov87/AAaSmwuNw+o3U/Vvo9dWRdj4+H0vGyepW4ranXVVvqAx8h32+u7HswmsxOofaq8au7qPqVYvoU7PUXWHExTRZjGms492/wBWnaNj/VLn3+pXGx/rvssddu/nN6qt+r3QGPosZ03Ea/Fj7M4UVg1Q517fQds/Rbbnvu/R/wCF/SJKRP8Aq9iZT8LK6m6zMz8Kutv2gWWUse+t1eS652FRa3F/S5VFOQ6v03/zVH+gqV3NfnsqBwKaci3dDmX2uoaGwfcLKsfMdv3bfZ6X/XFYSSU879VbetHHe27FxmYpzc82WsybH2B32vLL2sodhVMsY2/9Hv8AtNf6L9N6f/adJ+bnZXV6xXnXY2JZk+hhmqul+PacYu/aGDltyK/2jXmv+xdUZ9oo9HA+zV41ldtmT+iv36qqqWllTG1tLnPLWgNG57jba/2/n2WPfZZ++9V8fpPS8bKszcbDooy793rZFdTGWP3n1LPUtY0WP32De/ckptpJJJKf/9L1VJfKqSSn6qSXyqkkp+qkl8qpJKfqpJfKqSSn6qSXyqkkp+qkl8qpJKfqpJfKqSSn6qSXyqkkp+qkl8qpJKfqpJfKqSSn6qSXyqkkp+qkl8qpJKf/2Q==');
INSERT INTO `answers` (`answer_id`, `question_id`, `true_answer`, `answer_text`, `attachment`) VALUES
(3, 1, 0, '&amp;nbsp;', 'data:image/jpeg;base64,/9j/4AAQSkZJRgABAgEASABIAAD/4QmQRXhpZgAATU0AKgAAAAgABwESAAMAAAABAAEAAAEaAAUAAAABAAAAYgEbAAUAAAABAAAAagEoAAMAAAABAAIAAAExAAIAAAAUAAAAcgEyAAIAAAAUAAAAhodpAAQAAAABAAAAnAAAAMgAAABIAAAAAQAAAEgAAAABQWRvYmUgUGhvdG9zaG9wIDcuMAAyMDA1OjA0OjA1IDE0OjU2OjE1AAAAAAOgAQADAAAAAf//AACgAgAEAAAAAQAAALugAwAEAAAAAQAAADIAAAAAAAAABgEDAAMAAAABAAYAAAEaAAUAAAABAAABFgEbAAUAAAABAAABHgEoAAMAAAABAAIAAAIBAAQAAAABAAABJgICAAQAAAABAAAIYgAAAAAAAABIAAAAAQAAAEgAAAAB/9j/4AAQSkZJRgABAgEASABIAAD/7QAMQWRvYmVfQ00AAv/uAA5BZG9iZQBkgAAAAAH/2wCEAAwICAgJCAwJCQwRCwoLERUPDAwPFRgTExUTExgRDAwMDAwMEQwMDAwMDAwMDAwMDAwMDAwMDAwMDAwMDAwMDAwBDQsLDQ4NEA4OEBQODg4UFA4ODg4UEQwMDAwMEREMDAwMDAwRDAwMDAwMDAwMDAwMDAwMDAwMDAwMDAwMDAwMDP/AABEIACIAgAMBIgACEQEDEQH/3QAEAAj/xAE/AAABBQEBAQEBAQAAAAAAAAADAAECBAUGBwgJCgsBAAEFAQEBAQEBAAAAAAAAAAEAAgMEBQYHCAkKCxAAAQQBAwIEAgUHBggFAwwzAQACEQMEIRIxBUFRYRMicYEyBhSRobFCIyQVUsFiMzRygtFDByWSU/Dh8WNzNRaisoMmRJNUZEXCo3Q2F9JV4mXys4TD03Xj80YnlKSFtJXE1OT0pbXF1eX1VmZ2hpamtsbW5vY3R1dnd4eXp7fH1+f3EQACAgECBAQDBAUGBwcGBTUBAAIRAyExEgRBUWFxIhMFMoGRFKGxQiPBUtHwMyRi4XKCkkNTFWNzNPElBhaisoMHJjXC0kSTVKMXZEVVNnRl4vKzhMPTdePzRpSkhbSVxNTk9KW1xdXl9VZmdoaWprbG1ub2JzdHV2d3h5ent8f/2gAMAwEAAhEDEQA/APVUlxH1hz8ivqWYynJyPTbl4ddtdVr2ubDG2XYeJXU+p32nqeNk/q/5ll1Fn81m/YfW6Gp93ROkX5vUrnZNxc7IyAbWCtjrC39Wxbs12LVXiUfQo9eyr/tx6SnWSWR0j6yYXVa8myhsNxAHWBltGS4hwe7219LyM6zd+j+g5u+3/A+opf8AOXp3+hz/AP3HZ3/vGkp1Ullf85enf6HP/wDcdnf+8aX/ADl6d/oc/wD9x2d/7xpKdVJZX/OXp3+hz/8A3HZ3/vGl/wA5enf6HP8A/cdnf+8aSmWN1/DyMnMqay1lOBvF2W9oFO6o7civeHOsqsp/cyKqPVq/Wcf1sXZcodK+snTeqZeTi411b30WFlQY8ONjG14977w2G7Gssy/Q/wCtqj0vL+r/AElrm4dHUocxlQNuF1G0tqq3fZ8dj7sV7200erb6bP8AhFZp630eiy+yqjqAflWC24np+eZeGV4+73Yns/RUVN2sSUz6JmdUtycnFzn1ZLqG1utvxwW113vBN/T2bvdd9n/R2Mt/nfTuZ6/6RbC5zp2f0Xpu4Y7Oqua4BobbidStaAC53sbbjObvc5/6S3+eu/wtivf85enf6HP/APcdnf8AvGkp1Ullf85enf6HP/8Acdnf+8aX/OXp3+hz/wD3HZ3/ALxpKdVJZX/OXp3+hz//AHHZ3/vGi4vXMLLvbj1V5bXvmDbhZVLNAXe6/JxqqWfR/PsSU//Q9OdhYbn+o6itz/UF+4saT6rWill+6P55tLW1er9P0v0aOkkkpS5vH6l1fIxsPFdksry8rMzaLMuuoABuJblNr9LGtdc1rLPs1NdnqWWWeh6n6X7RZ9qq6RZ56D0s4zsU1vNT7n5P87bubbaXPvfTd6nrUet6t3qV02V1vrvvq/m77UlNPp/1k+3V9PqbjWjK6hhVZjnV+ma6m3NHu/T21XZDKrXbbPs1N/o76ftHpetWidDxMjoPQvR6lect+O++x99bbbHva+229jzWTk5NlzmWfpGfpf8AR/pf51WaOhdLx8051NOy4wQ3e/0mubW3EbbTiF/2Si77JW3G9emll32f9D/N2WK+kpyek9dZ1eq9lDLKMmt+QxptouFYFN1uJVY59teMyxzvSbZbjMu9av8AmvzFDoGTmPyM7Fy77rji2AVjKrrrvLTvZ9q/Va6KPsWS+p/2L9F6v6G71r/f6GNpU4WNRQ/Hpaa6rH22ODXOB33vfkXvbZu9Rjn3XWP9jv0f+DQsTpWHhgCgWAh5sc99ttj3u2mr9YuusstydtZ21syH2+n+j9P+aqSU5LPrHdh12szmPzsn7ZbjUtxmV0hwY1ljWV/bMiur1ff+jx/tVuZk/pLaKPSqv+z2+idPyOlt6hZkBjKr8izIqpp94YwjXa2mjFb+k27/AEmY3r/6bKzLrFN31a6O/IGRZU99gtff77rnNL7HVWv31OtNT6fUx6LK8Z7Ps9Nlf6GqtaiSnI6V9Y8XqWblYjKrqzTaGVOfRewOb6ONlOfa66ipmPZuytnoWu9R7P0v+EReiZWXkV5QzLG220ZVtIexnpt2t27dtZfa5v0vzrbFcpxaKLL7am7X5VgtvMk7nhleMHe4+39Dj0s9iHj9MxMZz3U+o02Xvynzba4G2xprf7X2Ob6O13sxv6NW/wDS10+okpyP+cV2A7Lrz2uzbm532XGZjMZSCDRj5NdQ+2ZFdXrbr9jK/tX2jKs/o9H+CpudO6dlY/WOoZj2V14+SKxUGWvsc9zTY6y/JrtqZsu22V0V7LrtmNTTj/zVFaVv1Z6NdkHJtpfZa6yy1xdfcWuNvoerXbWbfTtxnfYsX9UsZ9lZ6H8ytVJTj4n1mw8rq1nTmV3gNrqcyx2PkMl9jspr2WerQxtNbW4f6O+x/p3b/Z/Nqzh9Wbl52RiV41zW4xcx+S/0xXvbsmr0/VOZW9zbfVp9fFpryKP1ij1aLKbLLTcWhuVZltbF91bKrHydWVG2ylu36Psfk3/56r9N6P0/pbXNwqywODWy577CGMn0aK3XvtdVjU73+jjV/oKfUs9Kv9Ikp//R9VSXyqkkp+qkl8qpJKfqpJfKqSSn6qSXyqkkp+qkl8qpJKfqpJfKqSSn6qSXyqkkp+qkl8qpJKf/2f/tDi5QaG90b3Nob3AgMy4wADhCSU0EJQAAAAAAEAAAAAAAAAAAAAAAAAAAAAA4QklNA+0AAAAAABAASAAAAAEAAgBIAAAAAQACOEJJTQQmAAAAAAAOAAAAAAAAAAAAAD+AAAA4QklNBA0AAAAAAAQAAAAeOEJJTQQZAAAAAAAEAAAAHjhCSU0D8wAAAAAACQAAAAAAAAAAAQA4QklNBAoAAAAAAAEAADhCSU0nEAAAAAAACgABAAAAAAAAAAI4QklNA/UAAAAAAEgAL2ZmAAEAbGZmAAYAAAAAAAEAL2ZmAAEAoZmaAAYAAAAAAAEAMgAAAAEAWgAAAAYAAAAAAAEANQAAAAEALQAAAAYAAAAAAAE4QklNA/gAAAAAAHAAAP////////////////////////////8D6AAAAAD/////////////////////////////A+gAAAAA/////////////////////////////wPoAAAAAP////////////////////////////8D6AAAOEJJTQQIAAAAAAAQAAAAAQAAAkAAAAJAAAAAADhCSU0EHgAAAAAABAAAAAA4QklNBBoAAAAAA0sAAAAGAAAAAAAAAAAAAAAyAAAAuwAAAAsAdABlAHMAdABfADEAXwAwADEAXwAzAAAAAQAAAAAAAAAAAAAAAAAAAAAAAAABAAAAAAAAAAAAAAC7AAAAMgAAAAAAAAAAAAAAAAAAAAABAAAAAAAAAAAAAAAAAAAAAAAAABAAAAABAAAAAAAAbnVsbAAAAAIAAAAGYm91bmRzT2JqYwAAAAEAAAAAAABSY3QxAAAABAAAAABUb3AgbG9uZwAAAAAAAAAATGVmdGxvbmcAAAAAAAAAAEJ0b21sb25nAAAAMgAAAABSZ2h0bG9uZwAAALsAAAAGc2xpY2VzVmxMcwAAAAFPYmpjAAAAAQAAAAAABXNsaWNlAAAAEgAAAAdzbGljZUlEbG9uZwAAAAAAAAAHZ3JvdXBJRGxvbmcAAAAAAAAABm9yaWdpbmVudW0AAAAMRVNsaWNlT3JpZ2luAAAADWF1dG9HZW5lcmF0ZWQAAAAAVHlwZWVudW0AAAAKRVNsaWNlVHlwZQAAAABJbWcgAAAABmJvdW5kc09iamMAAAABAAAAAAAAUmN0MQAAAAQAAAAAVG9wIGxvbmcAAAAAAAAAAExlZnRsb25nAAAAAAAAAABCdG9tbG9uZwAAADIAAAAAUmdodGxvbmcAAAC7AAAAA3VybFRFWFQAAAABAAAAAAAAbnVsbFRFWFQAAAABAAAAAAAATXNnZVRFWFQAAAABAAAAAAAGYWx0VGFnVEVYVAAAAAEAAAAAAA5jZWxsVGV4dElzSFRNTGJvb2wBAAAACGNlbGxUZXh0VEVYVAAAAAEAAAAAAAlob3J6QWxpZ25lbnVtAAAAD0VTbGljZUhvcnpBbGlnbgAAAAdkZWZhdWx0AAAACXZlcnRBbGlnbmVudW0AAAAPRVNsaWNlVmVydEFsaWduAAAAB2RlZmF1bHQAAAALYmdDb2xvclR5cGVlbnVtAAAAEUVTbGljZUJHQ29sb3JUeXBlAAAAAE5vbmUAAAAJdG9wT3V0c2V0bG9uZwAAAAAAAAAKbGVmdE91dHNldGxvbmcAAAAAAAAADGJvdHRvbU91dHNldGxvbmcAAAAAAAAAC3JpZ2h0T3V0c2V0bG9uZwAAAAAAOEJJTQQRAAAAAAABAQA4QklNBBQAAAAAAAQAAAABOEJJTQQMAAAAAAh+AAAAAQAAAIAAAAAiAAABgAAAMwAAAAhiABgAAf/Y/+AAEEpGSUYAAQIBAEgASAAA/+0ADEFkb2JlX0NNAAL/7gAOQWRvYmUAZIAAAAAB/9sAhAAMCAgICQgMCQkMEQsKCxEVDwwMDxUYExMVExMYEQwMDAwMDBEMDAwMDAwMDAwMDAwMDAwMDAwMDAwMDAwMDAwMAQ0LCw0ODRAODhAUDg4OFBQODg4OFBEMDAwMDBERDAwMDAwMEQwMDAwMDAwMDAwMDAwMDAwMDAwMDAwMDAwMDAz/wAARCAAiAIADASIAAhEBAxEB/90ABAAI/8QBPwAAAQUBAQEBAQEAAAAAAAAAAwABAgQFBgcICQoLAQABBQEBAQEBAQAAAAAAAAABAAIDBAUGBwgJCgsQAAEEAQMCBAIFBwYIBQMMMwEAAhEDBCESMQVBUWETInGBMgYUkaGxQiMkFVLBYjM0coLRQwclklPw4fFjczUWorKDJkSTVGRFwqN0NhfSVeJl8rOEw9N14/NGJ5SkhbSVxNTk9KW1xdXl9VZmdoaWprbG1ub2N0dXZ3eHl6e3x9fn9xEAAgIBAgQEAwQFBgcHBgU1AQACEQMhMRIEQVFhcSITBTKBkRShsUIjwVLR8DMkYuFygpJDUxVjczTxJQYWorKDByY1wtJEk1SjF2RFVTZ0ZeLys4TD03Xj80aUpIW0lcTU5PSltcXV5fVWZnaGlqa2xtbm9ic3R1dnd4eXp7fH/9oADAMBAAIRAxEAPwD1VJcR9Yc/Ir6lmMpycj025eHXbXVa9rmwxtl2HiV1Pqd9p6njZP6v+ZZdRZ/NZv2H1uhqfd0TpF+b1K52TcXOyMgG1grY6wt/VsW7Ndi1V4lH0KPXsq/7cekp1klkdI+smF1WvJsobDcQB1gZbRkuIcHu9tfS8jOs3fo/oObvt/wPqKX/ADl6d/oc/wD9x2d/7xpKdVJZX/OXp3+hz/8A3HZ3/vGl/wA5enf6HP8A/cdnf+8aSnVSWV/zl6d/oc//ANx2d/7xpf8AOXp3+hz/AP3HZ3/vGkpljdfw8jJzKmstZTgbxdlvaBTuqO3Ir3hzrKrKf3Miqj1av1nH9bF2XKHSvrJ03qmXk4uNdW99FhZUGPDjYxtePe+8NhuxrLMv0P8Arao9Ly/q/wBJa5uHR1KHMZUDbhdRtLaqt32fHY+7Fe9tNHq2+mz/AIRWaet9Hosvsqo6gH5VgtuJ6fnmXhlePu92J7P0VFTdrElM+iZnVLcnJxc59WS6htbrb8cFtdd7wTf09m73XfZ/0djLf5307mev+kWwuc6dn9F6buGOzqrmuAaG24nUrWgAud7G24zm73Of+kt/nrv8LYr3/OXp3+hz/wD3HZ3/ALxpKdVJZX/OXp3+hz//AHHZ3/vGl/zl6d/oc/8A9x2d/wC8aSnVSWV/zl6d/oc//wBx2d/7xouL1zCy7249VeW175g24WVSzQF3uvycaqln0fz7ElP/0PTnYWG5/qOorc/1BfuLGk+q1opZfuj+ebS1tXq/T9L9GjpJJKUubx+pdXyMbDxXZLK8vKzM2izLrqAAbiW5Ta/SxrXXNayz7NTXZ6lllnoep+l+0WfaqukWeeg9LOM7FNbzU+5+T/O27m22lz7303ep61Hrerd6ldNldb6776v5u+1JTT6f9ZPt1fT6m41oyuoYVWY51fpmuptzR7v09tV2Qyq122z7NTf6O+n7R6XrVonQ8TI6D0L0epXnLfjvvsffW22x72vttvY81k5OTZc5ln6Rn6X/AEf6X+dVmjoXS8fNOdTTsuMEN3v9Jrm1txG204hf9kou+yVtxvXppZd9n/Q/zdlivpKcnpPXWdXqvZQyyjJrfkMabaLhWBTdbiVWOfbXjMsc70m2W4zLvWr/AJr8xQ6Bk5j8jOxcu+644tgFYyq667y072fav1Wuij7Fkvqf9i/Rer+hu9a/3+hjaVOFjUUPx6Wmuqx9tjg1zgd9735F722bvUY5911j/Y79H/g0LE6Vh4YAoFgIebHPfbbY97tpq/WLrrLLcnbWdtbMh9vp/o/T/mqklOSz6x3YddrM5j87J+2W41LcZldIcGNZY1lf2zIrq9X3/o8f7VbmZP6S2ij0qr/s9vonT8jpbeoWZAYyq/IsyKqafeGMI12tpoxW/pNu/wBJmN6/+mysy6xTd9WujvyBkWVPfYLX3++65zS+x1Vr99TrTU+n1MeiyvGez7PTZX+hqrWokpyOlfWPF6lm5WIyq6s02hlTn0XsDm+jjZTn2uuoqZj2bsrZ6FrvUez9L/hEXomVl5FeUMyxtttGVbSHsZ6bdrdu3bWX2ub9L862xXKcWiiy+2pu1+VYLbzJO54ZXjB3uPt/Q49LPYh4/TMTGc91PqNNl78p822uBtsaa3+19jm+jtd7Mb+jVv8A0tdPqJKcj/nFdgOy689rs25ud9lxmYzGUgg0Y+TXUPtmRXV626/Yyv7V9oyrP6PR/gqbnTunZWP1jqGY9ldePkisVBlr7HPc02Osvya7ambLttldFey67ZjU04/81RWlb9WejXZBybaX2WusstcXX3Frjb6Hq121m307cZ32LF/VLGfZWeh/MrVSU4+J9ZsPK6tZ05ld4Da6nMsdj5DJfY7Ka9lnq0MbTW1uH+jvsf6d2/2fzas4fVm5edkYleNc1uMXMfkv9MV727Jq9P1TmVvc231afXxaa8ij9Yo9Wiymyy03FoblWZbWxfdWyqx8nVlRtspbt+j7H5N/+eq/Tej9P6W1zcKssDg1sue+whjJ9Git177XVY1O9/o41f6Cn1LPSr/SJKf/0fVUl8qpJKfqpJfKqSSn6qSXyqkkp+qkl8qpJKfqpJfKqSSn6qSXyqkkp+qkl8qpJKfqpJfKqSSn/9k4QklNBCEAAAAAAFUAAAABAQAAAA8AQQBkAG8AYgBlACAAUABoAG8AdABvAHMAaABvAHAAAAATAEEAZABvAGIAZQAgAFAAaABvAHQAbwBzAGgAbwBwACAANwAuADAAAAABADhCSU0EBgAAAAAABwABAAAAAQEA/+ESSGh0dHA6Ly9ucy5hZG9iZS5jb20veGFwLzEuMC8APD94cGFja2V0IGJlZ2luPSfvu78nIGlkPSdXNU0wTXBDZWhpSHpyZVN6TlRjemtjOWQnPz4KPD9hZG9iZS14YXAtZmlsdGVycyBlc2M9IkNSIj8+Cjx4OnhhcG1ldGEgeG1sbnM6eD0nYWRvYmU6bnM6bWV0YS8nIHg6eGFwdGs9J1hNUCB0b29sa2l0IDIuOC4yLTMzLCBmcmFtZXdvcmsgMS41Jz4KPHJkZjpSREYgeG1sbnM6cmRmPSdodHRwOi8vd3d3LnczLm9yZy8xOTk5LzAyLzIyLXJkZi1zeW50YXgtbnMjJyB4bWxuczppWD0naHR0cDovL25zLmFkb2JlLmNvbS9pWC8xLjAvJz4KCiA8cmRmOkRlc2NyaXB0aW9uIGFib3V0PSd1dWlkOmEzM2Y4OTg4LWE1YzktMTFkOS1iNGIwLTk5YjA2NzBjMWFkZicKICB4bWxuczp4YXBNTT0naHR0cDovL25zLmFkb2JlLmNvbS94YXAvMS4wL21tLyc+CiAgPHhhcE1NOkRvY3VtZW50SUQ+YWRvYmU6ZG9jaWQ6cGhvdG9zaG9wOmNlYzhmZWVmLWE1YzMtMTFkOS1iNGIwLTk5YjA2NzBjMWFkZjwveGFwTU06RG9jdW1lbnRJRD4KIDwvcmRmOkRlc2NyaXB0aW9uPgoKPC9yZGY6UkRGPgo8L3g6eGFwbWV0YT4KICAgICAgICAgICAgICAgICAgICAgICAgICAgICAgICAgICAgICAgICAgICAgICAgICAgICAgICAgICAgICAgICAgICAgICAgICAgICAgICAgICAgICAgICAgICAgICAgICAgIAogICAgICAgICAgICAgICAgICAgICAgICAgICAgICAgICAgICAgICAgICAgICAgICAgICAgICAgICAgICAgICAgICAgICAgICAgICAgICAgICAgICAgICAgICAgICAgICAgICAgCiAgICAgICAgICAgICAgICAgICAgICAgICAgICAgICAgICAgICAgICAgICAgICAgICAgICAgICAgICAgICAgICAgICAgICAgICAgICAgICAgICAgICAgICAgICAgICAgICAgICAKICAgICAgICAgICAgICAgICAgICAgICAgICAgICAgICAgICAgICAgICAgICAgICAgICAgICAgICAgICAgICAgICAgICAgICAgICAgICAgICAgICAgICAgICAgICAgICAgICAgIAogICAgICAgICAgICAgICAgICAgICAgICAgICAgICAgICAgICAgICAgICAgICAgICAgICAgICAgICAgICAgICAgICAgICAgICAgICAgICAgICAgICAgICAgICAgICAgICAgICAgCiAgICAgICAgICAgICAgICAgICAgICAgICAgICAgICAgICAgICAgICAgICAgICAgICAgICAgICAgICAgICAgICAgICAgICAgICAgICAgICAgICAgICAgICAgICAgICAgICAgICAKICAgICAgICAgICAgICAgICAgICAgICAgICAgICAgICAgICAgICAgICAgICAgICAgICAgICAgICAgICAgICAgICAgICAgICAgICAgICAgICAgICAgICAgICAgICAgICAgICAgIAogICAgICAgICAgICAgICAgICAgICAgICAgICAgICAgICAgICAgICAgICAgICAgICAgICAgICAgICAgICAgICAgICAgICAgICAgICAgICAgICAgICAgICAgICAgICAgICAgICAgCiAgICAgICAgICAgICAgICAgICAgICAgICAgICAgICAgICAgICAgICAgICAgICAgICAgICAgICAgICAgICAgICAgICAgICAgICAgICAgICAgICAgICAgICAgICAgICAgICAgICAKICAgICAgICAgICAgICAgICAgICAgICAgICAgICAgICAgICAgICAgICAgICAgICAgICAgICAgICAgICAgICAgICAgICAgICAgICAgICAgICAgICAgICAgICAgICAgICAgICAgIAogICAgICAgICAgICAgICAgICAgICAgICAgICAgICAgICAgICAgICAgICAgICAgICAgICAgICAgICAgICAgICAgICAgICAgICAgICAgICAgICAgICAgICAgICAgICAgICAgICAgCiAgICAgICAgICAgICAgICAgICAgICAgICAgICAgICAgICAgICAgICAgICAgICAgICAgICAgICAgICAgICAgICAgICAgICAgICAgICAgICAgICAgICAgICAgICAgICAgICAgICAKICAgICAgICAgICAgICAgICAgICAgICAgICAgICAgICAgICAgICAgICAgICAgICAgICAgICAgICAgICAgICAgICAgICAgICAgICAgICAgICAgICAgICAgICAgICAgICAgICAgIAogICAgICAgICAgICAgICAgICAgICAgICAgICAgICAgICAgICAgICAgICAgICAgICAgICAgICAgICAgICAgICAgICAgICAgICAgICAgICAgICAgICAgICAgICAgICAgICAgICAgCiAgICAgICAgICAgICAgICAgICAgICAgICAgICAgICAgICAgICAgICAgICAgICAgICAgICAgICAgICAgICAgICAgICAgICAgICAgICAgICAgICAgICAgICAgICAgICAgICAgICAKICAgICAgICAgICAgICAgICAgICAgICAgICAgICAgICAgICAgICAgICAgICAgICAgICAgICAgICAgICAgICAgICAgICAgICAgICAgICAgICAgICAgICAgICAgICAgICAgICAgIAogICAgICAgICAgICAgICAgICAgICAgICAgICAgICAgICAgICAgICAgICAgICAgICAgICAgICAgICAgICAgICAgICAgICAgICAgICAgICAgICAgICAgICAgICAgICAgICAgICAgCiAgICAgICAgICAgICAgICAgICAgICAgICAgICAgICAgICAgICAgICAgICAgICAgICAgICAgICAgICAgICAgICAgICAgICAgICAgICAgICAgICAgICAgICAgICAgICAgICAgICAKICAgICAgICAgICAgICAgICAgICAgICAgICAgICAgICAgICAgICAgICAgICAgICAgICAgICAgICAgICAgICAgICAgICAgICAgICAgICAgICAgICAgICAgICAgICAgICAgICAgIAogICAgICAgICAgICAgICAgICAgICAgICAgICAgICAgICAgICAgICAgICAgICAgICAgICAgICAgICAgICAgICAgICAgICAgICAgICAgICAgICAgICAgICAgICAgICAgICAgICAgCiAgICAgICAgICAgICAgICAgICAgICAgICAgICAgICAgICAgICAgICAgICAgICAgICAgICAgICAgICAgICAgICAgICAgICAgICAgICAgICAgICAgICAgICAgICAgICAgICAgICAKICAgICAgICAgICAgICAgICAgICAgICAgICAgICAgICAgICAgICAgICAgICAgICAgICAgICAgICAgICAgICAgICAgICAgICAgICAgICAgICAgICAgICAgICAgICAgICAgICAgIAogICAgICAgICAgICAgICAgICAgICAgICAgICAgICAgICAgICAgICAgICAgICAgICAgICAgICAgICAgICAgICAgICAgICAgICAgICAgICAgICAgICAgICAgICAgICAgICAgICAgCiAgICAgICAgICAgICAgICAgICAgICAgICAgICAgICAgICAgICAgICAgICAgICAgICAgICAgICAgICAgICAgICAgICAgICAgICAgICAgICAgICAgICAgICAgICAgICAgICAgICAKICAgICAgICAgICAgICAgICAgICAgICAgICAgICAgICAgICAgICAgICAgICAgICAgICAgICAgICAgICAgICAgICAgICAgICAgICAgICAgICAgICAgICAgICAgICAgICAgICAgIAogICAgICAgICAgICAgICAgICAgICAgICAgICAgICAgICAgICAgICAgICAgICAgICAgICAgICAgICAgICAgICAgICAgICAgICAgICAgICAgICAgICAgICAgICAgICAgICAgICAgCiAgICAgICAgICAgICAgICAgICAgICAgICAgICAgICAgICAgICAgICAgICAgICAgICAgICAgICAgICAgICAgICAgICAgICAgICAgICAgICAgICAgICAgICAgICAgICAgICAgICAKICAgICAgICAgICAgICAgICAgICAgICAgICAgICAgICAgICAgICAgICAgICAgICAgICAgICAgICAgICAgICAgICAgICAgICAgICAgICAgICAgICAgICAgICAgICAgICAgICAgIAogICAgICAgICAgICAgICAgICAgICAgICAgICAgICAgICAgICAgICAgICAgICAgICAgICAgICAgICAgICAgICAgICAgICAgICAgICAgICAgICAgICAgICAgICAgICAgICAgICAgCiAgICAgICAgICAgICAgICAgICAgICAgICAgICAgICAgICAgICAgICAgICAgICAgICAgICAgICAgICAgICAgICAgICAgICAgICAgICAgICAgICAgICAgICAgICAgICAgICAgICAKICAgICAgICAgICAgICAgICAgICAgICAgICAgICAgICAgICAgICAgICAgICAgICAgICAgICAgICAgICAgICAgICAgICAgICAgICAgICAgICAgICAgICAgICAgICAgICAgICAgIAogICAgICAgICAgICAgICAgICAgICAgICAgICAgICAgICAgICAgICAgICAgICAgICAgICAgICAgICAgICAgICAgICAgICAgICAgICAgICAgICAgICAgICAgICAgICAgICAgICAgCiAgICAgICAgICAgICAgICAgICAgICAgICAgICAgICAgICAgICAgICAgICAgICAgICAgICAgICAgICAgICAgICAgICAgICAgICAgICAgICAgICAgICAgICAgICAgICAgICAgICAKICAgICAgICAgICAgICAgICAgICAgICAgICAgICAgICAgICAgICAgICAgICAgICAgICAgICAgICAgICAgICAgICAgICAgICAgICAgICAgICAgICAgICAgICAgICAgICAgICAgIAogICAgICAgICAgICAgICAgICAgICAgICAgICAgICAgICAgICAgICAgICAgICAgICAgICAgICAgICAgICAgICAgICAgICAgICAgICAgICAgICAgICAgICAgICAgICAgICAgICAgCiAgICAgICAgICAgICAgICAgICAgICAgICAgICAgICAgICAgICAgICAgICAgICAgICAgICAgICAgICAgICAgICAgICAgICAgICAgICAgICAgICAgICAgICAgICAgICAgICAgICAKICAgICAgICAgICAgICAgICAgICAgICAgICAgICAgICAgICAgICAgICAgICAgICAgICAgICAgICAgICAgICAgICAgICAgICAgICAgICAgICAgICAgICAgICAgICAgICAgICAgIAogICAgICAgICAgICAgICAgICAgICAgICAgICAgICAgICAgICAgICAgICAgICAgICAgICAgICAgICAgICAgICAgICAgICAgICAgICAgICAgICAgICAgICAgICAgICAgICAgICAgCiAgICAgICAgICAgICAgICAgICAgICAgICAgICAgICAgICAgICAgICAgICAgICAgICAgICAgICAgICAgICAgICAgICAgICAgICAgICAgICAgICAgICAgICAgICAgICAgICAgICAKICAgICAgICAgICAgICAgICAgICAgICAgICAgICAgICAgICAgICAgICAgICAgICAgICAgICAgICAgICAgICAgICAgICAgICAgICAgICAgICAgICAgICAgICAgICAgICAgICAgIAogICAgICAgICAgICAgICAgICAgICAgICAgICAgICAgICAgICAgICAgICAgICAgICAgICAgICAgCjw/eHBhY2tldCBlbmQ9J3cnPz7/7gAOQWRvYmUAZIAAAAAB/9sAhAAMCAgICQgMCQkMEQsKCxEVDwwMDxUYExMVExMYEQwMDAwMDBEMDAwMDAwMDAwMDAwMDAwMDAwMDAwMDAwMDAwMAQ0LCw0ODRAODhAUDg4OFBQODg4OFBEMDAwMDBERDAwMDAwMEQwMDAwMDAwMDAwMDAwMDAwMDAwMDAwMDAwMDAz/wAARCAAyALsDASIAAhEBAxEB/90ABAAM/8QBPwAAAQUBAQEBAQEAAAAAAAAAAwABAgQFBgcICQoLAQABBQEBAQEBAQAAAAAAAAABAAIDBAUGBwgJCgsQAAEEAQMCBAIFBwYIBQMMMwEAAhEDBCESMQVBUWETInGBMgYUkaGxQiMkFVLBYjM0coLRQwclklPw4fFjczUWorKDJkSTVGRFwqN0NhfSVeJl8rOEw9N14/NGJ5SkhbSVxNTk9KW1xdXl9VZmdoaWprbG1ub2N0dXZ3eHl6e3x9fn9xEAAgIBAgQEAwQFBgcHBgU1AQACEQMhMRIEQVFhcSITBTKBkRShsUIjwVLR8DMkYuFygpJDUxVjczTxJQYWorKDByY1wtJEk1SjF2RFVTZ0ZeLys4TD03Xj80aUpIW0lcTU5PSltcXV5fVWZnaGlqa2xtbm9ic3R1dnd4eXp7fH/9oADAMBAAIRAxEAPwD1VJUsrrGDi5jMG31jkWUvyGMroutBrq/nnNsoqsr3s9jfS3+rvtor2b8ij1Kg+tfRjjOywcn0GXNxy44eWP0rnvx21NZ9m3vf9or+zv2fzeR6dFn6a2pJTsJJJJKUkkkkpSSSSSlJJJJKUkks/r1z6uk3ljL3+pspecTcb2MuezGuysb0a77fVw6rX5TPTq/wKSnQQXZVDcqvDc6Mi6uy2tkHVlRqrudujZ7H5NH+esj6q4GNj1ZGTVgU4Vlzm1G2jHfhNvrqBfXcemXl12G+u7Jycb9N+lyPR+0f0ezG9Ovd0Tqh6/hvHVs9zBiZYdk+niewmzA20bh0/wBH9Y2vs/SM9X9W/Q/4felO11DKysdlTcPH+05F9npsDnGupsNfc6zKvrryH0VbKfTY/wBC39Zsop/wvqJdPzvtjLWvZ6OTi2ejlUzuDLNrLv0dsN9aqym6m+mzaz9Fb+mqoyPVx6q/Vc7I6ZgU+m27Lve5tHr+i+/adrnOzMrH6dX6j2fo/wCbx6aWW5FlVH6nTb9ooXQrMZ+PccerJbFx9bIzKn025FhZU9+VsvZRY5nu+zt/QU1VfZ/s2LVXiUUJKdNJJJJSkkkklKSSSSUpJJJJT//Q63rNtuZ9Z2dJxXupyx0536VhLXNx8u+qvPyq7Rt9DIwq+msrw9vr+rm9Qxn+l9mxcmxC+o1VWf07G6nWxtWBU7If07GYAGNdlWHJyn7Pbtf0+y3I6LibKaP0NObf/RupVVUdUKqha64MaLXtax9gA3FrC91bHP8ApOZW623Z/wAZYlVVVRUymljaqqmhldbAGta1o2sYxjfa1jWpKaXWsvJxMVlmNZ6TzYGl32S/O0hxj7N099VzPo/z7nel/g/8IqvRepZ+XlPryb/VYKy4N/ZmZg6y0T9p6hdbS/6X8w1vq/4T/BraSSU5+V1LNovdVV0nLymNiL6nYoY6QHe0ZObj3e36HvpQv2z1H/yiz/8APwf/AJIqWfn5+N1XpuNXVScLNudTbc57vVDm0ZeXsrxxWK9n6rX+n+0/8H9m/wAMgZ/Wsqg9QyqWV/YeiT9uY8E3WxTXnXfZHtc2qn7Pi31vr9Zlv23I34v6hWz7balJf2z1H/yiz/8APwf/AJIpftnqP/lFn/5+D/8AJFWs7q3S+m7P2jmUYfqz6f2i1lW7bG/Z6rmb9m9u5ZBxOtD69VZtjGv6c7Cvoqc2yzbW0Ow7ZsoNLqW5t+V6jf6T+s4VX+DswP1pKbv7Z6j/AOUWf/n4P/yRS/bPUf8Ayiz/APPwf/kitVV+n5tXUMDGz6Q5tWXTXfW18BwbY1trA/aXN37XfvJKaX7Z6j/5RZ/+fg//ACRS/bPUf/KLP/z8H/5IqGTl9ax8+lpfjWV5F22vArrsN3ohza7sx2c65tLGY9L/ALXdvwPT9T0ul132ZGRjZF2llOym0Odh113ZAjZXbYamHUbt11dWS9ns/wCAekpoftnqP/lFn/5+D/8AJFL9s9R/8os//Pwf/kilg9dxf2B07q3VsijC+20U2OdY8VV+pbWL3V1uvf8A19jN6pBmNf8AWnGz8CltrX0n7Tk1Y76g9r6w+jMf1qG4/VMfY3Gxaem1Ps99/wBt/wC8+v7MlN39s9R/8os//Pwf/kil+2eo/wDlFn/5+D/8kVqqv0/Nq6hgY2fSHNqy6a762vgODbGttYH7S5u/a795JTS/bPUf/KLP/wA/B/8Akil+2eo/+UWf/n4P/wAkVLCz8+3rWfgZVVNVWNTRdjuqe6xz23WZlW+7fXQ2t+3DZ+gY230/+5N3+DX1jz8/pvRcvPwKqbrcWmy5zb3uY0NrrfbvHpV2uufuY39Bux/U/wC5NSSmP7Z6j/5RZ/8An4P/AMkUv2z1H/yiz/8APwf/AJIq1ndW6X03Z+0cyjD9WfT+0Wsq3bY37PVczfs3t3LIyTSfrdiNoxMlt7XF2V1D0bTW5hx7214H2x7fQbhNf6WVbXXd6P7R+y+ni35V+bkYKU3f2z1H/wAos/8Az8H/AOSKX7Z6j/5RZ/8An4P/AMkVqqv0/Nq6hgY2fSHNqy6a762vgODbGttYH7S5u/a795JTS/bPUf8Ayiz/APPwf/kitVVP2t0v7d+zftlH2/8A7ieqz1vo+t/R93q/zX6X6H82raSn/9H1VJJJJSkkkklOV1ivLf1Doz8fFsyK8fLdbkWMdWBWw4+Thbni+2mx/wCkzGWfoWW/oqrv8J6VdtTqPS86xvVsCmr1KevzOXuaG427Hp6df69TnerdtqxvXxfs/qfaL3/Zsn7BVX9tt6BJJTzuVjdVv63fGE70LnVY77nGh+JkYIa191WfTbbbnfaKbMrqrMX7Lj0VW22432318VdEkkkpqZ3TcfP2eu+9npzt+z5F+PO6J3/Y7qPV+j7fU+gqH1X6GOl9LwRab25jMSqrIqsybrq2vDK/VbXRZfdh17LGbWfZ6/8Aiv0S2kklOFmYb+pdSqe3pjsPIxbqyOsW/Zy/0abfWfRiPx7rs3ZnN34/pXNxa/suVk+t7/1PI1zdYKLLfQsL2b9tEs3v2FzWemfU9H9Y276fVur/AJz9P6H6TYZJJTxuJifWOjD6XTV0+7HzMDp1ONRkB+M5jbv5rNx+pB+Ra5/TbnYXTMn1OnU/tD0fV9G6q79AuvqqqoqZTSxtVVTQyutgDWta0bWMYxvtaxrVNJJTUzum4+fs9d97PTnb9nyL8ed0Tv8Asd1Hq/R9vqfQVD6r9DHS+l4ItN7cxmJVVkVWZN11bXhlfqtrosvuw69ljNrPs9f/ABX6JbSSSnKx68sfWbOvfi2MxLMTGqqyi6ssc+l+XbY1rG2uyW+3PZt9Sj/A3/8AA+svrBXl5v1Zz6MbFsfl5mJZVXi7qw8PuYattj3W/Zv0LrP02y/8z9D6y1UklPNW09Xy+rWWO6fZTVkejRabTjPxrcLYyy/G6lV6+Tlfase3K6tVj/Ya2Y9t1mP9qsycNdKkkkpqZ3TcfP2eu+9npzt+z5F+PO6J3/Y7qPV+j7fU+gqH1X6GOl9LwRab25jMSqrIqsybrq2vDK/VbXRZfdh17LGbWfZ6/wDiv0S2kklPO/V7G6r6rH5+E7ErDXZFtN5oe2vOuO7It6Q/GtyshmPc/I6l9p+33+r+nx6sT06PtFS6JJJJT//S9VSXyqkkp+qkl8qpJKfqpJfKqSSn6qSXyqkkp+qkl8qpJKfqpJfKqSSn6qSXyqkkp+qkl8qpJKfqpJfKqSSn6qSXyqkkp+qkl8qpJKfqpJfKqSSn/9k='),
(4, 1, 0, '&amp;nbsp;', 'data:image/jpeg;base64,/9j/4AAQSkZJRgABAgEASABIAAD/4QmgRXhpZgAATU0AKgAAAAgABwESAAMAAAABAAEAAAEaAAUAAAABAAAAYgEbAAUAAAABAAAAagEoAAMAAAABAAIAAAExAAIAAAAUAAAAcgEyAAIAAAAUAAAAhodpAAQAAAABAAAAnAAAAMgAAABIAAAAAQAAAEgAAAABQWRvYmUgUGhvdG9zaG9wIDcuMAAyMDA1OjA0OjA1IDE0OjU2OjA3AAAAAAOgAQADAAAAAf//AACgAgAEAAAAAQAAALugAwAEAAAAAQAAADIAAAAAAAAABgEDAAMAAAABAAYAAAEaAAUAAAABAAABFgEbAAUAAAABAAABHgEoAAMAAAABAAIAAAIBAAQAAAABAAABJgICAAQAAAABAAAIcgAAAAAAAABIAAAAAQAAAEgAAAAB/9j/4AAQSkZJRgABAgEASABIAAD/7QAMQWRvYmVfQ00AAv/uAA5BZG9iZQBkgAAAAAH/2wCEAAwICAgJCAwJCQwRCwoLERUPDAwPFRgTExUTExgRDAwMDAwMEQwMDAwMDAwMDAwMDAwMDAwMDAwMDAwMDAwMDAwBDQsLDQ4NEA4OEBQODg4UFA4ODg4UEQwMDAwMEREMDAwMDAwRDAwMDAwMDAwMDAwMDAwMDAwMDAwMDAwMDAwMDP/AABEIACIAgAMBIgACEQEDEQH/3QAEAAj/xAE/AAABBQEBAQEBAQAAAAAAAAADAAECBAUGBwgJCgsBAAEFAQEBAQEBAAAAAAAAAAEAAgMEBQYHCAkKCxAAAQQBAwIEAgUHBggFAwwzAQACEQMEIRIxBUFRYRMicYEyBhSRobFCIyQVUsFiMzRygtFDByWSU/Dh8WNzNRaisoMmRJNUZEXCo3Q2F9JV4mXys4TD03Xj80YnlKSFtJXE1OT0pbXF1eX1VmZ2hpamtsbW5vY3R1dnd4eXp7fH1+f3EQACAgECBAQDBAUGBwcGBTUBAAIRAyExEgRBUWFxIhMFMoGRFKGxQiPBUtHwMyRi4XKCkkNTFWNzNPElBhaisoMHJjXC0kSTVKMXZEVVNnRl4vKzhMPTdePzRpSkhbSVxNTk9KW1xdXl9VZmdoaWprbG1ub2JzdHV2d3h5ent8f/2gAMAwEAAhEDEQA/APVUlxH1hz8ivqWYynJyPTbl4ddtdVr2ubDG2XYeJXU+p32nqeNk/q/5ll1Fn81m/YfW6Gp93ROkX5vUrnZNxc7IyAbWCtjrC39Wxbs12LVXiUfQo9eyr/tx6SnWSWR0j6yYXVa8myhsNxAHWBltGS4hwe7219LyM6zd+j+g5u+3/A+opf8AOXp3+hz/AP3HZ3/vGkp1Ulk/85enf6HP/wDcdnf+8af/AJy9O/0Of/7js7/3jSU6qwup/WSrF6xh9Mptx5fcyrL9SwB4NonHx6Ktzf01m71nP/wdfpV+l+t1Pqsf85enf6HP/wDcdnf+8ar5PWOiZTqnX42c91Fjbqz+z88Q9m4Vu9uJ7tvqP+kkptY3X8PIyMyprLWU4G8XZb2gU7qjtyK94c6yqyn9zIqo9Wr9Zx/Wxdlyr431ow+oDqFPT7aLMrF3jGa6322hlNGR61hDf0NLbsr0LPp/Q3qt0vL+r/SWubiUdShzGVA2YXUbS2qrd9nx2PuxXvbTR6tvps/4RGPVOguZl1vxc59fUCXZbH9Pz3NfNbMVwLXYh2sdj0117GJKSfVrqWXn13uut9ethr9Ox1YotlzPVsY/GDrP0Td1foX7/wBY/wAF6mP6GTkbS57A6j0XANjqq+p2227RZdfhdQtsLWT6dfq3Yr3+nXvs2M/4Sz99XP8AnL07/Q5//uOzv/eNJTqpLK/5y9O/0Of/AO47O/8AeNL/AJy9O/0Of/7js7/3jSU6qSzKfrDgXWsqZVmh1jg1pfgZjGy47RvttxWV1s/4Sx+xi00lP//Q9OdhYbn+o6itz/UF+4saT6rWill+6P55tLW1er9P0v0aOkkkpS5t3WMrpnU85nULb78emj1w19VdbXHfU0/s17fS2YmG3JrZ1G/qeTYyr1KrvtGNj0ZT10izLfq50q0ufYL3WOs9UXfacgWtcBY2KMgX+tjVbb7m+hj2V0/pP5tJSCjG6ll9cxetScXDbiXY1vT7wDa2x1tb22tdj3XYv6VtH0/0n6Ov/CfaP1aWd9ZcTC6pV0+yu525lrrLGY+Q+DWKHtbV6OPYzIa5mR+kfXZ+hWrTTVRSyihjaqamhldbAGta1o2sYxrfa1rWqL8Wh+TVlObN1DXsrfJ0bZs9UbZ2+70q0lOXlZObj9fxKjkvGPllzRS6poohtT7PSZkAfaHdSstqfcz9L9k+w1XM9D7T6Fl5cnNyqOv4+OXg4NmDk3uqbWXWepRZht372F77P0WXtroqp/7e/R+kezpGFblPy7PVdc9paJvu2slvomzFp9X0cS/0tzPtGLXTf+kt/SfpbE2d0Xp3UHbsut1h9C3EI9SxoNN4a3Jqc2uxjXer6dfv/nP0bElOXXY/6xXdN6rh44oqxLnn17n1OeWQxtjaPsX2r1Krv0lNjP2jhejkU/rmNl11/ZLLnVfrDjdNzMXFsruecizZY5lN7w1pqyMhrq3UUWsvs34uz0K3eps/TK9hYGLgUmnGaQ1zi97nvdY97jzZdfe6y+5+0bN9tn0PYp3YtF9lFtrdz8Ww20mSNryyzHLtPpfob7We5JTS6h1urDrxnMxr8p+ZJpqqaxjzDfVI/XbMRnrbP+0m/wC2WfpfTx/1fI9IXRcTI6XiZr81ja2uufeyqiy3JDaxXW07fUpqyH5F1lVuRkey6zIy7rsjfZbkK1kdH6fk5tedfWXZFQYAd7ww+m43UetQ17aL/s9zvWx/Xrs9C79LV+kV1JTk9J+sON1PLysauu1hx7Cxjn03sDmivHtc6x2RRSym3fk7PQc71P8ACqjT1Lq1+Lh4r8lteXlZ2Xi2ZdVbRDcV2W6v0ca45DGtf9kqqf6j7X+j6n6X1/09e/Ti0UPusqbtdk2ercZJ3P2Mp3e4+39FTW32qoehdNOO/HLH+nZe/KkXWh7bbC51z8e71fWxvV9S3fXj2VVbLr6/5u+5JTU6d9ZPtdfTGnFtdkdRw6cyz0tnp1ttDdzv09tV1zKrH/pfs1WR6G+n7R6Xr0+ptqhR0LpWPmHNpo2XaFrQ9/pNc2tuI22rE3/ZKbm4lbcb16qWXfZ/0O/01fSU/wD/0fVUl8qpJKfqpJfKqSSn6qSXyqkkp+qkl8qpJKfqpJfKqSSn6qSXyqkkp+qkl8qpJKfqpJfKqSSn/9n/7Q4+UGhvdG9zaG9wIDMuMAA4QklNBCUAAAAAABAAAAAAAAAAAAAAAAAAAAAAOEJJTQPtAAAAAAAQAEgAAAABAAIASAAAAAEAAjhCSU0EJgAAAAAADgAAAAAAAAAAAAA/gAAAOEJJTQQNAAAAAAAEAAAAHjhCSU0EGQAAAAAABAAAAB44QklNA/MAAAAAAAkAAAAAAAAAAAEAOEJJTQQKAAAAAAABAAA4QklNJxAAAAAAAAoAAQAAAAAAAAACOEJJTQP1AAAAAABIAC9mZgABAGxmZgAGAAAAAAABAC9mZgABAKGZmgAGAAAAAAABADIAAAABAFoAAAAGAAAAAAABADUAAAABAC0AAAAGAAAAAAABOEJJTQP4AAAAAABwAAD/////////////////////////////A+gAAAAA/////////////////////////////wPoAAAAAP////////////////////////////8D6AAAAAD/////////////////////////////A+gAADhCSU0ECAAAAAAAEAAAAAEAAAJAAAACQAAAAAA4QklNBB4AAAAAAAQAAAAAOEJJTQQaAAAAAANLAAAABgAAAAAAAAAAAAAAMgAAALsAAAALAHQAZQBzAHQAXwAxAF8AMAAxAF8ANAAAAAEAAAAAAAAAAAAAAAAAAAAAAAAAAQAAAAAAAAAAAAAAuwAAADIAAAAAAAAAAAAAAAAAAAAAAQAAAAAAAAAAAAAAAAAAAAAAAAAQAAAAAQAAAAAAAG51bGwAAAACAAAABmJvdW5kc09iamMAAAABAAAAAAAAUmN0MQAAAAQAAAAAVG9wIGxvbmcAAAAAAAAAAExlZnRsb25nAAAAAAAAAABCdG9tbG9uZwAAADIAAAAAUmdodGxvbmcAAAC7AAAABnNsaWNlc1ZsTHMAAAABT2JqYwAAAAEAAAAAAAVzbGljZQAAABIAAAAHc2xpY2VJRGxvbmcAAAAAAAAAB2dyb3VwSURsb25nAAAAAAAAAAZvcmlnaW5lbnVtAAAADEVTbGljZU9yaWdpbgAAAA1hdXRvR2VuZXJhdGVkAAAAAFR5cGVlbnVtAAAACkVTbGljZVR5cGUAAAAASW1nIAAAAAZib3VuZHNPYmpjAAAAAQAAAAAAAFJjdDEAAAAEAAAAAFRvcCBsb25nAAAAAAAAAABMZWZ0bG9uZwAAAAAAAAAAQnRvbWxvbmcAAAAyAAAAAFJnaHRsb25nAAAAuwAAAAN1cmxURVhUAAAAAQAAAAAAAG51bGxURVhUAAAAAQAAAAAAAE1zZ2VURVhUAAAAAQAAAAAABmFsdFRhZ1RFWFQAAAABAAAAAAAOY2VsbFRleHRJc0hUTUxib29sAQAAAAhjZWxsVGV4dFRFWFQAAAABAAAAAAAJaG9yekFsaWduZW51bQAAAA9FU2xpY2VIb3J6QWxpZ24AAAAHZGVmYXVsdAAAAAl2ZXJ0QWxpZ25lbnVtAAAAD0VTbGljZVZlcnRBbGlnbgAAAAdkZWZhdWx0AAAAC2JnQ29sb3JUeXBlZW51bQAAABFFU2xpY2VCR0NvbG9yVHlwZQAAAABOb25lAAAACXRvcE91dHNldGxvbmcAAAAAAAAACmxlZnRPdXRzZXRsb25nAAAAAAAAAAxib3R0b21PdXRzZXRsb25nAAAAAAAAAAtyaWdodE91dHNldGxvbmcAAAAAADhCSU0EEQAAAAAAAQEAOEJJTQQUAAAAAAAEAAAAAThCSU0EDAAAAAAIjgAAAAEAAACAAAAAIgAAAYAAADMAAAAIcgAYAAH/2P/gABBKRklGAAECAQBIAEgAAP/tAAxBZG9iZV9DTQAC/+4ADkFkb2JlAGSAAAAAAf/bAIQADAgICAkIDAkJDBELCgsRFQ8MDA8VGBMTFRMTGBEMDAwMDAwRDAwMDAwMDAwMDAwMDAwMDAwMDAwMDAwMDAwMDAENCwsNDg0QDg4QFA4ODhQUDg4ODhQRDAwMDAwREQwMDAwMDBEMDAwMDAwMDAwMDAwMDAwMDAwMDAwMDAwMDAwM/8AAEQgAIgCAAwEiAAIRAQMRAf/dAAQACP/EAT8AAAEFAQEBAQEBAAAAAAAAAAMAAQIEBQYHCAkKCwEAAQUBAQEBAQEAAAAAAAAAAQACAwQFBgcICQoLEAABBAEDAgQCBQcGCAUDDDMBAAIRAwQhEjEFQVFhEyJxgTIGFJGhsUIjJBVSwWIzNHKC0UMHJZJT8OHxY3M1FqKygyZEk1RkRcKjdDYX0lXiZfKzhMPTdePzRieUpIW0lcTU5PSltcXV5fVWZnaGlqa2xtbm9jdHV2d3h5ent8fX5/cRAAICAQIEBAMEBQYHBwYFNQEAAhEDITESBEFRYXEiEwUygZEUobFCI8FS0fAzJGLhcoKSQ1MVY3M08SUGFqKygwcmNcLSRJNUoxdkRVU2dGXi8rOEw9N14/NGlKSFtJXE1OT0pbXF1eX1VmZ2hpamtsbW5vYnN0dXZ3eHl6e3x//aAAwDAQACEQMRAD8A9VSXEfWHPyK+pZjKcnI9NuXh1211Wva5sMbZdh4ldT6nfaep42T+r/mWXUWfzWb9h9boan3dE6Rfm9Sudk3FzsjIBtYK2OsLf1bFuzXYtVeJR9Cj17Kv+3HpKdZJZHSPrJhdVrybKGw3EAdYGW0ZLiHB7vbX0vIzrN36P6Dm77f8D6il/wA5enf6HP8A/cdnf+8aSnVSWT/zl6d/oc//ANx2d/7xp/8AnL07/Q5//uOzv/eNJTqrC6n9ZKsXrGH0ym3Hl9zKsv1LAHg2icfHoq3N/TWbvWc//B1+lX6X63U+qx/zl6d/oc//ANx2d/7xqvk9Y6JlOqdfjZz3UWNurP7PzxD2bhW724nu2+o/6SSm1jdfw8jIzKmstZTgbxdlvaBTuqO3Ir3hzrKrKf3Miqj1av1nH9bF2XKvjfWjD6gOoU9PtosysXeMZrrfbaGU0ZHrWEN/Q0tuyvQs+n9Deq3S8v6v9Ja5uJR1KHMZUDZhdRtLaqt32fHY+7Fe9tNHq2+mz/hEY9U6C5mXW/Fzn19QJdlsf0/Pc181sxXAtdiHax2PTXXsYkpJ9WupZefXe663162Gv07HVii2XM9Wxj8YOs/RN3V+hfv/AFj/AAXqY/oZORtLnsDqPRcA2Oqr6nbbbtFl1+F1C2wtZPp1+rdivf6de+zYz/hLP31c/wCcvTv9Dn/+47O/940lOqksr/nL07/Q5/8A7js7/wB40v8AnL07/Q5//uOzv/eNJTqpLMp+sOBdayplWaHWODWl+BmMbLjtG+23FZXWz/hLH7GLTSU//9D052Fhuf6jqK3P9QX7ixpPqtaKWX7o/nm0tbV6v0/S/Ro6SSSlLm3dYyumdTzmdQtvvx6aPXDX1V1tcd9TT+zXt9LZiYbcmtnUb+p5NjKvUqu+0Y2PRlPXSLMt+rnSrS59gvdY6z1Rd9pyBa1wFjYoyBf62NVtvub6GPZXT+k/m0lIKMbqWX1zF61JxcNuJdjW9PvANrbHW1vba12Pddi/pW0fT/Sfo6/8J9o/VpZ31lxMLqlXT7K7nbmWussZj5D4NYoe1tXo49jMhrmZH6R9dn6FatNNVFLKKGNqpqaGV1sAa1rWjaxjGt9rWtaovxaH5NWU5s3UNeyt8nRtmz1Rtnb7vSrSU5eVk5uP1/EqOS8Y+WXNFLqmiiG1Ps9JmQB9od1Ky2p9zP0v2T7DVcz0PtPoWXlyc3Ko6/j45eDg2YOTe6ptZdZ6lFmG3fvYXvs/RZe2uiqn/t79H6R7OkYVuU/Ls9V1z2lom+7ayW+ibMWn1fRxL/S3M+0YtdN/6S39J+lsTZ3RendQduy63WH0LcQj1LGg03hrcmpza7GNd6vp1+/+c/RsSU5ddj/rFd03quHjiirEuefXufU55ZDG2No+xfavUqu/SU2M/aOF6ORT+uY2XXX9ksudV+sON03MxcWyu55yLNljmU3vDWmrIyGurdRRay+zfi7PQrd6mz9Mr2FgYuBSacZpDXOL3ue91j3uPNl197rL7n7Rs322fQ9indi0X2UW2t3PxbDbSZI2vLLMcu0+l+hvtZ7klNLqHW6sOvGczGvyn5kmmqprGPMN9Uj9dsxGets/7Sb/ALZZ+l9PH/V8j0hdFxMjpeJmvzWNra6597KqLLckNrFdbTt9SmrIfkXWVW5GR7LrMjLuuyN9luQrWR0fp+Tm1519ZdkVBgB3vDD6bjdR61DXtov+z3O9bH9euz0Lv0tX6RXUlOT0n6w43U8vKxq67WHHsLGOfTewOaK8e1zrHZFFLKbd+Ts9BzvU/wAKqNPUurX4uHivyW15eVnZeLZl1VtENxXZbq/RxrjkMa1/2Sqp/qPtf6PqfpfX/T179OLRQ+6ypu12TZ6txknc/Yynd7j7f0VNbfaqh6F00478csf6dl78qRdaHttsLnXPx7vV9bG9X1Ld9ePZVVsuvr/m77klNTp31k+119MacW12R1HDpzLPS2enW20N3O/T21XXMqsf+l+zVZHob6ftHpevT6m2qFHQulY+Yc2mjZdoWtD3+k1za24jbasTf9kpubiVtxvXqpZd9n/Q7/TV9JT/AP/R9VSXyqkkp+qkl8qpJKfqpJfKqSSn6qSXyqkkp+qkl8qpJKfqpJfKqSSn6qSXyqkkp+qkl8qpJKf/2ThCSU0EIQAAAAAAVQAAAAEBAAAADwBBAGQAbwBiAGUAIABQAGgAbwB0AG8AcwBoAG8AcAAAABMAQQBkAG8AYgBlACAAUABoAG8AdABvAHMAaABvAHAAIAA3AC4AMAAAAAEAOEJJTQQGAAAAAAAHAAEAAAABAQD/4RJIaHR0cDovL25zLmFkb2JlLmNvbS94YXAvMS4wLwA8P3hwYWNrZXQgYmVnaW49J++7vycgaWQ9J1c1TTBNcENlaGlIenJlU3pOVGN6a2M5ZCc/Pgo8P2Fkb2JlLXhhcC1maWx0ZXJzIGVzYz0iQ1IiPz4KPHg6eGFwbWV0YSB4bWxuczp4PSdhZG9iZTpuczptZXRhLycgeDp4YXB0az0nWE1QIHRvb2xraXQgMi44LjItMzMsIGZyYW1ld29yayAxLjUnPgo8cmRmOlJERiB4bWxuczpyZGY9J2h0dHA6Ly93d3cudzMub3JnLzE5OTkvMDIvMjItcmRmLXN5bnRheC1ucyMnIHhtbG5zOmlYPSdodHRwOi8vbnMuYWRvYmUuY29tL2lYLzEuMC8nPgoKIDxyZGY6RGVzY3JpcHRpb24gYWJvdXQ9J3V1aWQ6YTMzZjg5ODYtYTVjOS0xMWQ5LWI0YjAtOTliMDY3MGMxYWRmJwogIHhtbG5zOnhhcE1NPSdodHRwOi8vbnMuYWRvYmUuY29tL3hhcC8xLjAvbW0vJz4KICA8eGFwTU06RG9jdW1lbnRJRD5hZG9iZTpkb2NpZDpwaG90b3Nob3A6Y2VjOGZlZjAtYTVjMy0xMWQ5LWI0YjAtOTliMDY3MGMxYWRmPC94YXBNTTpEb2N1bWVudElEPgogPC9yZGY6RGVzY3JpcHRpb24+Cgo8L3JkZjpSREY+CjwveDp4YXBtZXRhPgogICAgICAgICAgICAgICAgICAgICAgICAgICAgICAgICAgICAgICAgICAgICAgICAgICAgICAgICAgICAgICAgICAgICAgICAgICAgICAgICAgICAgICAgICAgICAgICAgICAgCiAgICAgICAgICAgICAgICAgICAgICAgICAgICAgICAgICAgICAgICAgICAgICAgICAgICAgICAgICAgICAgICAgICAgICAgICAgICAgICAgICAgICAgICAgICAgICAgICAgICAKICAgICAgICAgICAgICAgICAgICAgICAgICAgICAgICAgICAgICAgICAgICAgICAgICAgICAgICAgICAgICAgICAgICAgICAgICAgICAgICAgICAgICAgICAgICAgICAgICAgIAogICAgICAgICAgICAgICAgICAgICAgICAgICAgICAgICAgICAgICAgICAgICAgICAgICAgICAgICAgICAgICAgICAgICAgICAgICAgICAgICAgICAgICAgICAgICAgICAgICAgCiAgICAgICAgICAgICAgICAgICAgICAgICAgICAgICAgICAgICAgICAgICAgICAgICAgICAgICAgICAgICAgICAgICAgICAgICAgICAgICAgICAgICAgICAgICAgICAgICAgICAKICAgICAgICAgICAgICAgICAgICAgICAgICAgICAgICAgICAgICAgICAgICAgICAgICAgICAgICAgICAgICAgICAgICAgICAgICAgICAgICAgICAgICAgICAgICAgICAgICAgIAogICAgICAgICAgICAgICAgICAgICAgICAgICAgICAgICAgICAgICAgICAgICAgICAgICAgICAgICAgICAgICAgICAgICAgICAgICAgICAgICAgICAgICAgICAgICAgICAgICAgCiAgICAgICAgICAgICAgICAgICAgICAgICAgICAgICAgICAgICAgICAgICAgICAgICAgICAgICAgICAgICAgICAgICAgICAgICAgICAgICAgICAgICAgICAgICAgICAgICAgICAKICAgICAgICAgICAgICAgICAgICAgICAgICAgICAgICAgICAgICAgICAgICAgICAgICAgICAgICAgICAgICAgICAgICAgICAgICAgICAgICAgICAgICAgICAgICAgICAgICAgIAogICAgICAgICAgICAgICAgICAgICAgICAgICAgICAgICAgICAgICAgICAgICAgICAgICAgICAgICAgICAgICAgICAgICAgICAgICAgICAgICAgICAgICAgICAgICAgICAgICAgCiAgICAgICAgICAgICAgICAgICAgICAgICAgICAgICAgICAgICAgICAgICAgICAgICAgICAgICAgICAgICAgICAgICAgICAgICAgICAgICAgICAgICAgICAgICAgICAgICAgICAKICAgICAgICAgICAgICAgICAgICAgICAgICAgICAgICAgICAgICAgICAgICAgICAgICAgICAgICAgICAgICAgICAgICAgICAgICAgICAgICAgICAgICAgICAgICAgICAgICAgIAogICAgICAgICAgICAgICAgICAgICAgICAgICAgICAgICAgICAgICAgICAgICAgICAgICAgICAgICAgICAgICAgICAgICAgICAgICAgICAgICAgICAgICAgICAgICAgICAgICAgCiAgICAgICAgICAgICAgICAgICAgICAgICAgICAgICAgICAgICAgICAgICAgICAgICAgICAgICAgICAgICAgICAgICAgICAgICAgICAgICAgICAgICAgICAgICAgICAgICAgICAKICAgICAgICAgICAgICAgICAgICAgICAgICAgICAgICAgICAgICAgICAgICAgICAgICAgICAgICAgICAgICAgICAgICAgICAgICAgICAgICAgICAgICAgICAgICAgICAgICAgIAogICAgICAgICAgICAgICAgICAgICAgICAgICAgICAgICAgICAgICAgICAgICAgICAgICAgICAgICAgICAgICAgICAgICAgICAgICAgICAgICAgICAgICAgICAgICAgICAgICAgCiAgICAgICAgICAgICAgICAgICAgICAgICAgICAgICAgICAgICAgICAgICAgICAgICAgICAgICAgICAgICAgICAgICAgICAgICAgICAgICAgICAgICAgICAgICAgICAgICAgICAKICAgICAgICAgICAgICAgICAgICAgICAgICAgICAgICAgICAgICAgICAgICAgICAgICAgICAgICAgICAgICAgICAgICAgICAgICAgICAgICAgICAgICAgICAgICAgICAgICAgIAogICAgICAgICAgICAgICAgICAgICAgICAgICAgICAgICAgICAgICAgICAgICAgICAgICAgICAgICAgICAgICAgICAgICAgICAgICAgICAgICAgICAgICAgICAgICAgICAgICAgCiAgICAgICAgICAgICAgICAgICAgICAgICAgICAgICAgICAgICAgICAgICAgICAgICAgICAgICAgICAgICAgICAgICAgICAgICAgICAgICAgICAgICAgICAgICAgICAgICAgICAKICAgICAgICAgICAgICAgICAgICAgICAgICAgICAgICAgICAgICAgICAgICAgICAgICAgICAgICAgICAgICAgICAgICAgICAgICAgICAgICAgICAgICAgICAgICAgICAgICAgIAogICAgICAgICAgICAgICAgICAgICAgICAgICAgICAgICAgICAgICAgICAgICAgICAgICAgICAgICAgICAgICAgICAgICAgICAgICAgICAgICAgICAgICAgICAgICAgICAgICAgCiAgICAgICAgICAgICAgICAgICAgICAgICAgICAgICAgICAgICAgICAgICAgICAgICAgICAgICAgICAgICAgICAgICAgICAgICAgICAgICAgICAgICAgICAgICAgICAgICAgICAKICAgICAgICAgICAgICAgICAgICAgICAgICAgICAgICAgICAgICAgICAgICAgICAgICAgICAgICAgICAgICAgICAgICAgICAgICAgICAgICAgICAgICAgICAgICAgICAgICAgIAogICAgICAgICAgICAgICAgICAgICAgICAgICAgICAgICAgICAgICAgICAgICAgICAgICAgICAgICAgICAgICAgICAgICAgICAgICAgICAgICAgICAgICAgICAgICAgICAgICAgCiAgICAgICAgICAgICAgICAgICAgICAgICAgICAgICAgICAgICAgICAgICAgICAgICAgICAgICAgICAgICAgICAgICAgICAgICAgICAgICAgICAgICAgICAgICAgICAgICAgICAKICAgICAgICAgICAgICAgICAgICAgICAgICAgICAgICAgICAgICAgICAgICAgICAgICAgICAgICAgICAgICAgICAgICAgICAgICAgICAgICAgICAgICAgICAgICAgICAgICAgIAogICAgICAgICAgICAgICAgICAgICAgICAgICAgICAgICAgICAgICAgICAgICAgICAgICAgICAgICAgICAgICAgICAgICAgICAgICAgICAgICAgICAgICAgICAgICAgICAgICAgCiAgICAgICAgICAgICAgICAgICAgICAgICAgICAgICAgICAgICAgICAgICAgICAgICAgICAgICAgICAgICAgICAgICAgICAgICAgICAgICAgICAgICAgICAgICAgICAgICAgICAKICAgICAgICAgICAgICAgICAgICAgICAgICAgICAgICAgICAgICAgICAgICAgICAgICAgICAgICAgICAgICAgICAgICAgICAgICAgICAgICAgICAgICAgICAgICAgICAgICAgIAogICAgICAgICAgICAgICAgICAgICAgICAgICAgICAgICAgICAgICAgICAgICAgICAgICAgICAgICAgICAgICAgICAgICAgICAgICAgICAgICAgICAgICAgICAgICAgICAgICAgCiAgICAgICAgICAgICAgICAgICAgICAgICAgICAgICAgICAgICAgICAgICAgICAgICAgICAgICAgICAgICAgICAgICAgICAgICAgICAgICAgICAgICAgICAgICAgICAgICAgICAKICAgICAgICAgICAgICAgICAgICAgICAgICAgICAgICAgICAgICAgICAgICAgICAgICAgICAgICAgICAgICAgICAgICAgICAgICAgICAgICAgICAgICAgICAgICAgICAgICAgIAogICAgICAgICAgICAgICAgICAgICAgICAgICAgICAgICAgICAgICAgICAgICAgICAgICAgICAgICAgICAgICAgICAgICAgICAgICAgICAgICAgICAgICAgICAgICAgICAgICAgCiAgICAgICAgICAgICAgICAgICAgICAgICAgICAgICAgICAgICAgICAgICAgICAgICAgICAgICAgICAgICAgICAgICAgICAgICAgICAgICAgICAgICAgICAgICAgICAgICAgICAKICAgICAgICAgICAgICAgICAgICAgICAgICAgICAgICAgICAgICAgICAgICAgICAgICAgICAgICAgICAgICAgICAgICAgICAgICAgICAgICAgICAgICAgICAgICAgICAgICAgIAogICAgICAgICAgICAgICAgICAgICAgICAgICAgICAgICAgICAgICAgICAgICAgICAgICAgICAgICAgICAgICAgICAgICAgICAgICAgICAgICAgICAgICAgICAgICAgICAgICAgCiAgICAgICAgICAgICAgICAgICAgICAgICAgICAgICAgICAgICAgICAgICAgICAgICAgICAgICAgICAgICAgICAgICAgICAgICAgICAgICAgICAgICAgICAgICAgICAgICAgICAKICAgICAgICAgICAgICAgICAgICAgICAgICAgICAgICAgICAgICAgICAgICAgICAgICAgICAgICAgICAgICAgICAgICAgICAgICAgICAgICAgICAgICAgICAgICAgICAgICAgIAogICAgICAgICAgICAgICAgICAgICAgICAgICAgICAgICAgICAgICAgICAgICAgICAgICAgICAgICAgICAgICAgICAgICAgICAgICAgICAgICAgICAgICAgICAgICAgICAgICAgCiAgICAgICAgICAgICAgICAgICAgICAgICAgICAgICAgICAgICAgICAgICAgICAgICAgICAgICAKPD94cGFja2V0IGVuZD0ndyc/Pv/uAA5BZG9iZQBkgAAAAAH/2wCEAAwICAgJCAwJCQwRCwoLERUPDAwPFRgTExUTExgRDAwMDAwMEQwMDAwMDAwMDAwMDAwMDAwMDAwMDAwMDAwMDAwBDQsLDQ4NEA4OEBQODg4UFA4ODg4UEQwMDAwMEREMDAwMDAwRDAwMDAwMDAwMDAwMDAwMDAwMDAwMDAwMDAwMDP/AABEIADIAuwMBIgACEQEDEQH/3QAEAAz/xAE/AAABBQEBAQEBAQAAAAAAAAADAAECBAUGBwgJCgsBAAEFAQEBAQEBAAAAAAAAAAEAAgMEBQYHCAkKCxAAAQQBAwIEAgUHBggFAwwzAQACEQMEIRIxBUFRYRMicYEyBhSRobFCIyQVUsFiMzRygtFDByWSU/Dh8WNzNRaisoMmRJNUZEXCo3Q2F9JV4mXys4TD03Xj80YnlKSFtJXE1OT0pbXF1eX1VmZ2hpamtsbW5vY3R1dnd4eXp7fH1+f3EQACAgECBAQDBAUGBwcGBTUBAAIRAyExEgRBUWFxIhMFMoGRFKGxQiPBUtHwMyRi4XKCkkNTFWNzNPElBhaisoMHJjXC0kSTVKMXZEVVNnRl4vKzhMPTdePzRpSkhbSVxNTk9KW1xdXl9VZmdoaWprbG1ub2JzdHV2d3h5ent8f/2gAMAwEAAhEDEQA/APVUlSyusYOLmMwbfWORZS/IYyui60Gur+ec2yiqyvez2N9Lf6u+2ivZvyKPUqD619GOM7LByfQZc3HLjh5Y/Sue/HbU1n2be9/2iv7O/Z/N5Hp0WfpraklOwkkkkpSSSSSlJJJJKUkkkkpSzOh9bq61Xk3UVOropubXS9xE21vox82nJ2D+aZdXlt9Op/6XZ/Pejd+gqn1rp+V1HFZj499dDfUDr2XVG6u6sBwONdXXdiWek+w1vs/T/pvT+z3stxrrqlisZ1fDxvrA/O9S77Vl01tswKLabgy2jAwsnPwwH9Rtf9kqd6jPSZZ+sYOR+k/SenjJT1SC7KoblV4bnRkXV2W1sg6sqNVdzt0bPY/Jo/z1kfVXAxserIyasCnCsuc2o20Y78Jt9dQL67j0y8uuw313ZOTjfpv0uR6P2j+j2Y3p17uidUPX8N46tnuYMTLDsn08T2E2YG2jcOn+j+sbX2fpGer+rfof8PvSnV6h1DKpyqMHBoryMvIrtuAutNNYrpNNdv6WunMs9X1Myj06/Q/0v6X/AEpemZ32/EGQWek9tltNrJ3AWUWWYl/p2Qz1KvWos9Gx1dXqVf4Kr+bWb1ustdgVZv2m/AqbY67Kxq7HZRyGtrpxvd0qv7VjMvptzrMi7Cqxv5tmN61eNkPxMq70EXt6TQy+v0vT310t2Co+gx768F9mOxtTce23CbRbdR6OP6Nv6P7NjfzFaU6CSSSSlJJJJKUkkkkpSSSSSn//0Ot6zbbmfWdnScV7qcsdOd+lYS1zcfLvqrz8qu0bfQyMKvprK8Pb6/q5vUMZ/pfZsXJsQvqNVVn9Oxup1sbVgVOyH9OxmABjXZVhycp+z27X9PstyOi4mymj9DTm3/0bqVVVHVCqoWuuDGi17WsfYANxawvdWxz/AKTmVutt2f8AGWJVVVUVMppY2qqpoZXWwBrWtaNrGMY32tY1qSml1rLycTFZZjWek82Bpd9kvztIcY+zdPfVcz6P8+53pf4P/CKr0XqWfl5T68m/1WCsuDf2ZmYOstE/aeoXW0v+l/MNb6v+E/wa2kklOfldSzaL3VVdJy8pjYi+p2KGOkB3tGTm493t+h76UL9s9R/8os//AD8H/wCSKsdUfn11epi342HVW11mRk5TXWNa1on+aZdht2bd9lmQ/K/Q+l/MW+t6mOGjrFVHS6czrdtPTjY4sD73Chr4L/RsFeS7fjvyqK/tX2K5/wBoxf5i79JTYkpj+2eo/wDlFn/5+D/8kUv2z1H/AMos/wDz8H/5IrP6tT1TL+sPQOo4Pp5PSq7C4OrteG/pqMsW5Vza6b6Lam0eh+z7/Vq/T3W43/a718fpUlOV+2eo/wDlFn/5+D/8kUv2z1H/AMos/wDz8H/5Iq7g5tWdS66oOa1l11BDoB3Y9tmJafaXex1lD/T/AJCz8nL61j59LS/GsryLtteBXXYbvRDm13Zjs51zaWMx6X/a7t+B6fqel0uu+zIyMbIuSmf7Z6j/AOUWf/n4P/yRS/bPUf8Ayiz/APPwf/kir+U7KbQ52HXXdkCNldthqYdRu3XV1ZL2ez/gHql07rFVn1ewusdStpxG5GNRffY5wrqa65jHRvud7GepZsr32JKY/tnqP/lFn/5+D/8AJFL9s9R/8os//Pwf/kis/qL8HqPVOlZ3TW15tjbGk5NFDn76Q99L21/WCn9Ww6sN32nKyMP1vUz/AEv2f/N5lleR0qSnK/bPUf8Ayiz/APPwf/kil+2eo/8AlFn/AOfg/wDyRV3Bzas6l11Qc1rLrqCHQDux7bMS0+0u9jrKH+n/ACFDO6t0vpuz9o5lGH6s+n9otZVu2xv2eq5m/ZvbuSU1f2z1H/yiz/8APwf/AJIpftnqP/lFn/5+D/8AJFUunml31ryPsuJk4zGU3Nycmym1rMm02YzmWPyr2sbezEb6uP0z33/oftrMf7HhU4v27a6hm1dPwMnPuDnVYlNl9jWQXFtbXWvDNxa3ftb+8kppftnqP/lFn/5+D/8AJFL9s9R/8os//Pwf/kitVYuN1zKqw+s5fVqK6v2PY7dVivNs1sxcfqDttt7MX1bXfaH/AOCx/wDR/wDDPSkv7Z6j/wCUWf8A5+D/APJFFxepZt97arek5eKx0zfa7FLGwC73DGzci73fQ9lKhiZufXnswOpCk25NNmTQ7H3bWNqdTVfjW+sd1z6nZdHpZbG0/av036lhej+sWMfq3S8nKswsbMovy6N3rY9drH2M2H07PUqY42M2WHY/ckptpJJJKf/R9VSSSSUpJJJJTn9YLXUDGt6VZ1fHu/naWjHcwbS17PWr6hkYzH+/3V7PV/m1hO6d1/Dsoqxcdxtx6X/Ysmh1P2el2Tfdff0rMZl2Mvd0fFZV0mmuzp+DVm/ZsX9U+zf0VdakkphVVVRUymljaqqmhldbAGta1o2sYxjfa1jWoWbg051QqudcxrXbgaLrcd0gFutuJZRY5nu/m9+xWEklOF9Xvq8zp7Dbaclt7cnLexj8vIsrNdmRkOx3vx3ZFmNY+zGsrt/S1+r6v6W39aSzMN/UupVPb0x2HkYt1ZHWLfs5f6NNvrPoxH4912bszm78f0rm4tf2XKyfW9/6nkbqSSkJusFFlvoWF7N+2iWb37C5rPTPqej+sbd9Pq3V/wA5+n9D9Js5irE6zV0XoOK7p+S2zBxttj8Z+IcijKprqwqrK/tmR+z7cfJxbeot9zMn+cp/o9661JJTXwKracOpl7Ka8gt35LccFtXrP/S5T6t3v2WZD7bP0n6R/wDhPelm4NOdUKrnXMa124Gi63HdIBbrbiWUWOZ7v5vfsVhJJThfV76vM6ew22nJbe3Jy3sY/LyLKzXZkZDsd78d2RZjWPsxrK7f0tfq+r+lt/WkLKxuq39bvjCd6Fzqsd9zjQ/EyMENa+6rPptttzvtFNmV1VmL9lx6Krbbcb7b6+KuiSSUpYv1o6GOqdLzhUb3Zj8S2rHqrybqa3PLLPSbZRXfTh2b7H7X/aK/+N/RLaSSU1MHpuPgb/Qfe/1I3faMi/IjbMbPtl1/pfS93p/TWU3puXnVfWXByKbMKvqlj24+Q/03hzH4lHTfWZXRe+z22Yr7fTu9D9FZT/hPV9HoEklOFczrd9tnVK8NtGbg4WTj4mNY9tjb8i00XB7bK31bML1MGmul9/2bJv8AWt9fHwPR/Tz+r2HkUbm241mPiY1baOnV5foOyaq/8NjV3YL7q/2f6dOD6HrX251l1N32uyz9WW0kkpSSSSSn/9L1VJfKqSSn6qSXyqkkp+qkl8qpJKfqpJfKqSSn6qSXyqkkp+qkl8qpJKfqpJfKqSSn6qSXyqkkp+qkl8qpJKfqpJfKqSSn6qSXyqkkp+qkl8qpJKf/2Q==');
INSERT INTO `answers` (`answer_id`, `question_id`, `true_answer`, `answer_text`, `attachment`) VALUES
(5, 2, 1, '&amp;nbsp;', 'data:image/jpeg;base64,/9j/4AAQSkZJRgABAgEASABIAAD/4QpGRXhpZgAATU0AKgAAAAgABwESAAMAAAABAAEAAAEaAAUAAAABAAAAYgEbAAUAAAABAAAAagEoAAMAAAABAAIAAAExAAIAAAAUAAAAcgEyAAIAAAAUAAAAhodpAAQAAAABAAAAnAAAAMgAAABIAAAAAQAAAEgAAAABQWRvYmUgUGhvdG9zaG9wIDcuMAAyMDA1OjA0OjA1IDE0OjU2OjAxAAAAAAOgAQADAAAAAf//AACgAgAEAAAAAQAAAJKgAwAEAAAAAQAAAC0AAAAAAAAABgEDAAMAAAABAAYAAAEaAAUAAAABAAABFgEbAAUAAAABAAABHgEoAAMAAAABAAIAAAIBAAQAAAABAAABJgICAAQAAAABAAAJGAAAAAAAAABIAAAAAQAAAEgAAAAB/9j/4AAQSkZJRgABAgEASABIAAD/7QAMQWRvYmVfQ00AAv/uAA5BZG9iZQBkgAAAAAH/2wCEAAwICAgJCAwJCQwRCwoLERUPDAwPFRgTExUTExgRDAwMDAwMEQwMDAwMDAwMDAwMDAwMDAwMDAwMDAwMDAwMDAwBDQsLDQ4NEA4OEBQODg4UFA4ODg4UEQwMDAwMEREMDAwMDAwRDAwMDAwMDAwMDAwMDAwMDAwMDAwMDAwMDAwMDP/AABEIACcAgAMBIgACEQEDEQH/3QAEAAj/xAE/AAABBQEBAQEBAQAAAAAAAAADAAECBAUGBwgJCgsBAAEFAQEBAQEBAAAAAAAAAAEAAgMEBQYHCAkKCxAAAQQBAwIEAgUHBggFAwwzAQACEQMEIRIxBUFRYRMicYEyBhSRobFCIyQVUsFiMzRygtFDByWSU/Dh8WNzNRaisoMmRJNUZEXCo3Q2F9JV4mXys4TD03Xj80YnlKSFtJXE1OT0pbXF1eX1VmZ2hpamtsbW5vY3R1dnd4eXp7fH1+f3EQACAgECBAQDBAUGBwcGBTUBAAIRAyExEgRBUWFxIhMFMoGRFKGxQiPBUtHwMyRi4XKCkkNTFWNzNPElBhaisoMHJjXC0kSTVKMXZEVVNnRl4vKzhMPTdePzRpSkhbSVxNTk9KW1xdXl9VZmdoaWprbG1ub2JzdHV2d3h5ent8f/2gAMAwEAAhEDEQA/APVUlh9U+sOTg9QyMNmNU8U4jMquyy57N7n3DFbiiqnFyrPVs/wHo+vbkX+jjV0/plDon1jzOrWYjW4dLWXYzMvLczIdYcdtzRbg0uacWlt2RksdvfVv/V6/0n+ExftKU76SSSSlJJJJKc76wdQy+mdGy+oYlNeRZiVWXFlrzW3bWx1r3Syu1z3ez+b9nqf6WpWM/Oq6f07J6hcHOpxKX5FjWAFxbW02vDA4tbv2t/fQOv4eT1DoefgYmz18zHsx2G1xYweq0073uYy53sa/f/Nowf1IViKKdwo3R6zo+0R/Mbvs39G/7t7PV/7pJKc7p/WsuvJuwetnGrvoxm5zsjHcRjihxcx/qOyDuZ6D6rP0381dT+m/Q++mvTws/Bz6fXwMmrLpBLfVoe2xu4ct31Fzd2q5l31RzKaHvxWY3rZNrDdite+iuqhgtuoows4U5mU23E6g/GyKLfRx8f8AVf1XCwP5pbWN0YWdGHT+qkXvth2S+tzmFzg4Pr35FP2e66ypldNT8r9D9q9L1PRq9T0ElNrA6jRnjINLXt+y32Y1m8AS+sw9zILv0evtVHL67ZX13D6VRQLKrbPSy8ku0re6jKzacatrZ35Hp4fq5Hqen6FGRifzv2v9FW6B9UsXpeTfl2Nm85V92M5t9zwK7Rsb6tdr/Tfds+nuZZ/xiX/NJtGf0/JxcvJNOJl2ZVlF173ti2vL3+k0tdutfk5fv9Wz+Y9f9Ikp6FJJJJSkkkklP//Q63rHQuq5ef1TOoMPGGG9MIeGvOS2vIbVr9Guii65l9W//tZ+sf8AafH9LX6D0tvS+m14xDBe735Br+h6hAHp07gH/ZcZjWYmE2z9JVhY+NR/g1opJKec6z9U/wBp9QfmxgS9rWzkYtt1kNH51tXUMRjv+2FqY/TLKOkVdOpv+yOpY1jbsRjWBoaeKac39oMY3b7P0vrq+qnVjeOlZpx9/rjHt9L05L9+x3p+ns9/qbvobUlNCnp+TkGwUfWPMtNLzVaGDAdssADnVWbeneyxrXN9jkOyj0syvBt+tGTXmXDdVjOPTxa8Hd7q6XdP9R7f0dn0W/mKr9X247cvoxwdvpv6O52WaY2kl+G7Cfk7PpPe93Vfsz7f/Nh6f/ahS+tuP6X2a5tFLsK/Kp/aLWHZl3vL8enCrxXtb7nNfXVZd+krt9DF9GuxiSm7f0vqFNNlx651F4raXltdWE952jdtrrZ03c9/7rGqv0zH6hn127ur9SxcjHs9HIxrWdPLq37WXsa59GBdQ/fj30XforbP5z/S+oxRwer9T6l1OzGbfXjYl9TrsQtqm1+O5rW4/UMHMfbdj3+67HsuoyenVfZ33ej+sfzt2n0TozOjYjsVmTkZYfYbTZkua54Lg0P/AJqulv6R7PXtds9S7JuvyLrLLrnpKQ/sbqP/AJe5/wDmYP8A8jULIwb8b0/tP1jy6fWsbTV6gwGb7H/zdNe/pw322fmVtUqOq/WGy2pl3Q3U1ve1tln2ml2xpID7Nrfc/wBNvv2tVLqtONb9YcwdRax2I3pBdV9oj0h+ku/aD6/V/R/zf2L7Y9v0GfZfW/wSSnQ/Y3Uf/L3P/wAzB/8Akag42Hbliw4n1ly8gUvNVpqHT37bG/Tqs2dPdstZu91blUy7uoVfULEOQ+yrLtxsKnMuuc6uyv1jj4+fkXXu/SY9uPVbfdZkW/zD2ercgO69lYOFfhYlWOzJwb3VW24tJdT9moZj/aMzHwfXp3fYvtWJhZWL9u3436X0/X+z/Z0lOx+xuo/+Xuf/AJmD/wDI1L9jdR/8vc//ADMH/wCRql9v6o3pWJlY+NX1TIvDTZ9neKaixzXWfaKvtTnfo3fo/wBHu3/pEbpmX1LJ9X7fgHA2bfTm1lu+Z3fzP0Nn8pJTT6cK7M99VX1it6hbikjIw5wnEEE1lmQzFw6smra//hK/etpc0MZuJ9a8LHdjVMw2U2DpdeJLXVbWVtyr8+lrGN9B25uLj7bPRrs9H9F699X2XpUlP//R9VSXyqkkp+qkl8qpJKfpf/sb+yZv9C+yeu79ofzXpfaJZ6v23/B/at/pep6/6X+bTD/mx+3HbfsP7ej3R6X2yNg+l/2q/o3/AIB/wa+aUklP0r0L/mtF/wDze+wR7ftP2D0f5Xpev9l/656fqfy1qr5VSSU/VSqdQ/ZX6t+0vs/9IZ9j+0bP6Tr9n+zet/2r+n6Ppfpl8wJJKfqCv9m+rl+n6HrS37ft2bp2N9P7XHu/o2zZ63+A/wCDWblf8yvs2B9r/Zn2aD+zPV9D04lm/wCwb/Z9L0t32f8A4NfOKSSn6qSXyqkkp+lOhf8ANX9P/wA3fsH5n2n7B6P8v0fX+y/9d9P1P+EWsvlVJJT/AP/Z/+0O5FBob3Rvc2hvcCAzLjAAOEJJTQQlAAAAAAAQAAAAAAAAAAAAAAAAAAAAADhCSU0D7QAAAAAAEABIAAAAAQACAEgAAAABAAI4QklNBCYAAAAAAA4AAAAAAAAAAAAAP4AAADhCSU0EDQAAAAAABAAAAB44QklNBBkAAAAAAAQAAAAeOEJJTQPzAAAAAAAJAAAAAAAAAAABADhCSU0ECgAAAAAAAQAAOEJJTScQAAAAAAAKAAEAAAAAAAAAAjhCSU0D9QAAAAAASAAvZmYAAQBsZmYABgAAAAAAAQAvZmYAAQChmZoABgAAAAAAAQAyAAAAAQBaAAAABgAAAAAAAQA1AAAAAQAtAAAABgAAAAAAAThCSU0D+AAAAAAAcAAA/////////////////////////////wPoAAAAAP////////////////////////////8D6AAAAAD/////////////////////////////A+gAAAAA/////////////////////////////wPoAAA4QklNBAgAAAAAABAAAAABAAACQAAAAkAAAAAAOEJJTQQeAAAAAAAEAAAAADhCSU0EGgAAAAADSwAAAAYAAAAAAAAAAAAAAC0AAACSAAAACwB0AGUAcwB0AF8AMQBfADAAMgBfADEAAAABAAAAAAAAAAAAAAAAAAAAAAAAAAEAAAAAAAAAAAAAAJIAAAAtAAAAAAAAAAAAAAAAAAAAAAEAAAAAAAAAAAAAAAAAAAAAAAAAEAAAAAEAAAAAAABudWxsAAAAAgAAAAZib3VuZHNPYmpjAAAAAQAAAAAAAFJjdDEAAAAEAAAAAFRvcCBsb25nAAAAAAAAAABMZWZ0bG9uZwAAAAAAAAAAQnRvbWxvbmcAAAAtAAAAAFJnaHRsb25nAAAAkgAAAAZzbGljZXNWbExzAAAAAU9iamMAAAABAAAAAAAFc2xpY2UAAAASAAAAB3NsaWNlSURsb25nAAAAAAAAAAdncm91cElEbG9uZwAAAAAAAAAGb3JpZ2luZW51bQAAAAxFU2xpY2VPcmlnaW4AAAANYXV0b0dlbmVyYXRlZAAAAABUeXBlZW51bQAAAApFU2xpY2VUeXBlAAAAAEltZyAAAAAGYm91bmRzT2JqYwAAAAEAAAAAAABSY3QxAAAABAAAAABUb3AgbG9uZwAAAAAAAAAATGVmdGxvbmcAAAAAAAAAAEJ0b21sb25nAAAALQAAAABSZ2h0bG9uZwAAAJIAAAADdXJsVEVYVAAAAAEAAAAAAABudWxsVEVYVAAAAAEAAAAAAABNc2dlVEVYVAAAAAEAAAAAAAZhbHRUYWdURVhUAAAAAQAAAAAADmNlbGxUZXh0SXNIVE1MYm9vbAEAAAAIY2VsbFRleHRURVhUAAAAAQAAAAAACWhvcnpBbGlnbmVudW0AAAAPRVNsaWNlSG9yekFsaWduAAAAB2RlZmF1bHQAAAAJdmVydEFsaWduZW51bQAAAA9FU2xpY2VWZXJ0QWxpZ24AAAAHZGVmYXVsdAAAAAtiZ0NvbG9yVHlwZWVudW0AAAARRVNsaWNlQkdDb2xvclR5cGUAAAAATm9uZQAAAAl0b3BPdXRzZXRsb25nAAAAAAAAAApsZWZ0T3V0c2V0bG9uZwAAAAAAAAAMYm90dG9tT3V0c2V0bG9uZwAAAAAAAAALcmlnaHRPdXRzZXRsb25nAAAAAAA4QklNBBEAAAAAAAEBADhCSU0EFAAAAAAABAAAAAE4QklNBAwAAAAACTQAAAABAAAAgAAAACcAAAGAAAA6gAAACRgAGAAB/9j/4AAQSkZJRgABAgEASABIAAD/7QAMQWRvYmVfQ00AAv/uAA5BZG9iZQBkgAAAAAH/2wCEAAwICAgJCAwJCQwRCwoLERUPDAwPFRgTExUTExgRDAwMDAwMEQwMDAwMDAwMDAwMDAwMDAwMDAwMDAwMDAwMDAwBDQsLDQ4NEA4OEBQODg4UFA4ODg4UEQwMDAwMEREMDAwMDAwRDAwMDAwMDAwMDAwMDAwMDAwMDAwMDAwMDAwMDP/AABEIACcAgAMBIgACEQEDEQH/3QAEAAj/xAE/AAABBQEBAQEBAQAAAAAAAAADAAECBAUGBwgJCgsBAAEFAQEBAQEBAAAAAAAAAAEAAgMEBQYHCAkKCxAAAQQBAwIEAgUHBggFAwwzAQACEQMEIRIxBUFRYRMicYEyBhSRobFCIyQVUsFiMzRygtFDByWSU/Dh8WNzNRaisoMmRJNUZEXCo3Q2F9JV4mXys4TD03Xj80YnlKSFtJXE1OT0pbXF1eX1VmZ2hpamtsbW5vY3R1dnd4eXp7fH1+f3EQACAgECBAQDBAUGBwcGBTUBAAIRAyExEgRBUWFxIhMFMoGRFKGxQiPBUtHwMyRi4XKCkkNTFWNzNPElBhaisoMHJjXC0kSTVKMXZEVVNnRl4vKzhMPTdePzRpSkhbSVxNTk9KW1xdXl9VZmdoaWprbG1ub2JzdHV2d3h5ent8f/2gAMAwEAAhEDEQA/APVUlh9U+sOTg9QyMNmNU8U4jMquyy57N7n3DFbiiqnFyrPVs/wHo+vbkX+jjV0/plDon1jzOrWYjW4dLWXYzMvLczIdYcdtzRbg0uacWlt2RksdvfVv/V6/0n+ExftKU76SSSSlJJJJKc76wdQy+mdGy+oYlNeRZiVWXFlrzW3bWx1r3Syu1z3ez+b9nqf6WpWM/Oq6f07J6hcHOpxKX5FjWAFxbW02vDA4tbv2t/fQOv4eT1DoefgYmz18zHsx2G1xYweq0073uYy53sa/f/Nowf1IViKKdwo3R6zo+0R/Mbvs39G/7t7PV/7pJKc7p/WsuvJuwetnGrvoxm5zsjHcRjihxcx/qOyDuZ6D6rP0381dT+m/Q++mvTws/Bz6fXwMmrLpBLfVoe2xu4ct31Fzd2q5l31RzKaHvxWY3rZNrDdite+iuqhgtuoows4U5mU23E6g/GyKLfRx8f8AVf1XCwP5pbWN0YWdGHT+qkXvth2S+tzmFzg4Pr35FP2e66ypldNT8r9D9q9L1PRq9T0ElNrA6jRnjINLXt+y32Y1m8AS+sw9zILv0evtVHL67ZX13D6VRQLKrbPSy8ku0re6jKzacatrZ35Hp4fq5Hqen6FGRifzv2v9FW6B9UsXpeTfl2Nm85V92M5t9zwK7Rsb6tdr/Tfds+nuZZ/xiX/NJtGf0/JxcvJNOJl2ZVlF173ti2vL3+k0tdutfk5fv9Wz+Y9f9Ikp6FJJJJSkkkklP//Q63rHQuq5ef1TOoMPGGG9MIeGvOS2vIbVr9Guii65l9W//tZ+sf8AafH9LX6D0tvS+m14xDBe735Br+h6hAHp07gH/ZcZjWYmE2z9JVhY+NR/g1opJKec6z9U/wBp9QfmxgS9rWzkYtt1kNH51tXUMRjv+2FqY/TLKOkVdOpv+yOpY1jbsRjWBoaeKac39oMY3b7P0vrq+qnVjeOlZpx9/rjHt9L05L9+x3p+ns9/qbvobUlNCnp+TkGwUfWPMtNLzVaGDAdssADnVWbeneyxrXN9jkOyj0syvBt+tGTXmXDdVjOPTxa8Hd7q6XdP9R7f0dn0W/mKr9X247cvoxwdvpv6O52WaY2kl+G7Cfk7PpPe93Vfsz7f/Nh6f/ahS+tuP6X2a5tFLsK/Kp/aLWHZl3vL8enCrxXtb7nNfXVZd+krt9DF9GuxiSm7f0vqFNNlx651F4raXltdWE952jdtrrZ03c9/7rGqv0zH6hn127ur9SxcjHs9HIxrWdPLq37WXsa59GBdQ/fj30XforbP5z/S+oxRwer9T6l1OzGbfXjYl9TrsQtqm1+O5rW4/UMHMfbdj3+67HsuoyenVfZ33ej+sfzt2n0TozOjYjsVmTkZYfYbTZkua54Lg0P/AJqulv6R7PXtds9S7JuvyLrLLrnpKQ/sbqP/AJe5/wDmYP8A8jULIwb8b0/tP1jy6fWsbTV6gwGb7H/zdNe/pw322fmVtUqOq/WGy2pl3Q3U1ve1tln2ml2xpID7Nrfc/wBNvv2tVLqtONb9YcwdRax2I3pBdV9oj0h+ku/aD6/V/R/zf2L7Y9v0GfZfW/wSSnQ/Y3Uf/L3P/wAzB/8Akag42Hbliw4n1ly8gUvNVpqHT37bG/Tqs2dPdstZu91blUy7uoVfULEOQ+yrLtxsKnMuuc6uyv1jj4+fkXXu/SY9uPVbfdZkW/zD2ercgO69lYOFfhYlWOzJwb3VW24tJdT9moZj/aMzHwfXp3fYvtWJhZWL9u3436X0/X+z/Z0lOx+xuo/+Xuf/AJmD/wDI1L9jdR/8vc//ADMH/wCRql9v6o3pWJlY+NX1TIvDTZ9neKaixzXWfaKvtTnfo3fo/wBHu3/pEbpmX1LJ9X7fgHA2bfTm1lu+Z3fzP0Nn8pJTT6cK7M99VX1it6hbikjIw5wnEEE1lmQzFw6smra//hK/etpc0MZuJ9a8LHdjVMw2U2DpdeJLXVbWVtyr8+lrGN9B25uLj7bPRrs9H9F699X2XpUlP//R9VSXyqkkp+qkl8qpJKfpf/sb+yZv9C+yeu79ofzXpfaJZ6v23/B/at/pep6/6X+bTD/mx+3HbfsP7ej3R6X2yNg+l/2q/o3/AIB/wa+aUklP0r0L/mtF/wDze+wR7ftP2D0f5Xpev9l/656fqfy1qr5VSSU/VSqdQ/ZX6t+0vs/9IZ9j+0bP6Tr9n+zet/2r+n6Ppfpl8wJJKfqCv9m+rl+n6HrS37ft2bp2N9P7XHu/o2zZ63+A/wCDWblf8yvs2B9r/Zn2aD+zPV9D04lm/wCwb/Z9L0t32f8A4NfOKSSn6qSXyqkkp+lOhf8ANX9P/wA3fsH5n2n7B6P8v0fX+y/9d9P1P+EWsvlVJJT/AP/ZOEJJTQQhAAAAAABVAAAAAQEAAAAPAEEAZABvAGIAZQAgAFAAaABvAHQAbwBzAGgAbwBwAAAAEwBBAGQAbwBiAGUAIABQAGgAbwB0AG8AcwBoAG8AcAAgADcALgAwAAAAAQA4QklNBAYAAAAAAAcAAQAAAAEBAP/hEkhodHRwOi8vbnMuYWRvYmUuY29tL3hhcC8xLjAvADw/eHBhY2tldCBiZWdpbj0n77u/JyBpZD0nVzVNME1wQ2VoaUh6cmVTek5UY3prYzlkJz8+Cjw/YWRvYmUteGFwLWZpbHRlcnMgZXNjPSJDUiI/Pgo8eDp4YXBtZXRhIHhtbG5zOng9J2Fkb2JlOm5zOm1ldGEvJyB4OnhhcHRrPSdYTVAgdG9vbGtpdCAyLjguMi0zMywgZnJhbWV3b3JrIDEuNSc+CjxyZGY6UkRGIHhtbG5zOnJkZj0naHR0cDovL3d3dy53My5vcmcvMTk5OS8wMi8yMi1yZGYtc3ludGF4LW5zIycgeG1sbnM6aVg9J2h0dHA6Ly9ucy5hZG9iZS5jb20vaVgvMS4wLyc+CgogPHJkZjpEZXNjcmlwdGlvbiBhYm91dD0ndXVpZDphMzNmODk4NC1hNWM5LTExZDktYjRiMC05OWIwNjcwYzFhZGYnCiAgeG1sbnM6eGFwTU09J2h0dHA6Ly9ucy5hZG9iZS5jb20veGFwLzEuMC9tbS8nPgogIDx4YXBNTTpEb2N1bWVudElEPmFkb2JlOmRvY2lkOnBob3Rvc2hvcDpjZWM4ZmVmMi1hNWMzLTExZDktYjRiMC05OWIwNjcwYzFhZGY8L3hhcE1NOkRvY3VtZW50SUQ+CiA8L3JkZjpEZXNjcmlwdGlvbj4KCjwvcmRmOlJERj4KPC94OnhhcG1ldGE+CiAgICAgICAgICAgICAgICAgICAgICAgICAgICAgICAgICAgICAgICAgICAgICAgICAgICAgICAgICAgICAgICAgICAgICAgICAgICAgICAgICAgICAgICAgICAgICAgICAgICAKICAgICAgICAgICAgICAgICAgICAgICAgICAgICAgICAgICAgICAgICAgICAgICAgICAgICAgICAgICAgICAgICAgICAgICAgICAgICAgICAgICAgICAgICAgICAgICAgICAgIAogICAgICAgICAgICAgICAgICAgICAgICAgICAgICAgICAgICAgICAgICAgICAgICAgICAgICAgICAgICAgICAgICAgICAgICAgICAgICAgICAgICAgICAgICAgICAgICAgICAgCiAgICAgICAgICAgICAgICAgICAgICAgICAgICAgICAgICAgICAgICAgICAgICAgICAgICAgICAgICAgICAgICAgICAgICAgICAgICAgICAgICAgICAgICAgICAgICAgICAgICAKICAgICAgICAgICAgICAgICAgICAgICAgICAgICAgICAgICAgICAgICAgICAgICAgICAgICAgICAgICAgICAgICAgICAgICAgICAgICAgICAgICAgICAgICAgICAgICAgICAgIAogICAgICAgICAgICAgICAgICAgICAgICAgICAgICAgICAgICAgICAgICAgICAgICAgICAgICAgICAgICAgICAgICAgICAgICAgICAgICAgICAgICAgICAgICAgICAgICAgICAgCiAgICAgICAgICAgICAgICAgICAgICAgICAgICAgICAgICAgICAgICAgICAgICAgICAgICAgICAgICAgICAgICAgICAgICAgICAgICAgICAgICAgICAgICAgICAgICAgICAgICAKICAgICAgICAgICAgICAgICAgICAgICAgICAgICAgICAgICAgICAgICAgICAgICAgICAgICAgICAgICAgICAgICAgICAgICAgICAgICAgICAgICAgICAgICAgICAgICAgICAgIAogICAgICAgICAgICAgICAgICAgICAgICAgICAgICAgICAgICAgICAgICAgICAgICAgICAgICAgICAgICAgICAgICAgICAgICAgICAgICAgICAgICAgICAgICAgICAgICAgICAgCiAgICAgICAgICAgICAgICAgICAgICAgICAgICAgICAgICAgICAgICAgICAgICAgICAgICAgICAgICAgICAgICAgICAgICAgICAgICAgICAgICAgICAgICAgICAgICAgICAgICAKICAgICAgICAgICAgICAgICAgICAgICAgICAgICAgICAgICAgICAgICAgICAgICAgICAgICAgICAgICAgICAgICAgICAgICAgICAgICAgICAgICAgICAgICAgICAgICAgICAgIAogICAgICAgICAgICAgICAgICAgICAgICAgICAgICAgICAgICAgICAgICAgICAgICAgICAgICAgICAgICAgICAgICAgICAgICAgICAgICAgICAgICAgICAgICAgICAgICAgICAgCiAgICAgICAgICAgICAgICAgICAgICAgICAgICAgICAgICAgICAgICAgICAgICAgICAgICAgICAgICAgICAgICAgICAgICAgICAgICAgICAgICAgICAgICAgICAgICAgICAgICAKICAgICAgICAgICAgICAgICAgICAgICAgICAgICAgICAgICAgICAgICAgICAgICAgICAgICAgICAgICAgICAgICAgICAgICAgICAgICAgICAgICAgICAgICAgICAgICAgICAgIAogICAgICAgICAgICAgICAgICAgICAgICAgICAgICAgICAgICAgICAgICAgICAgICAgICAgICAgICAgICAgICAgICAgICAgICAgICAgICAgICAgICAgICAgICAgICAgICAgICAgCiAgICAgICAgICAgICAgICAgICAgICAgICAgICAgICAgICAgICAgICAgICAgICAgICAgICAgICAgICAgICAgICAgICAgICAgICAgICAgICAgICAgICAgICAgICAgICAgICAgICAKICAgICAgICAgICAgICAgICAgICAgICAgICAgICAgICAgICAgICAgICAgICAgICAgICAgICAgICAgICAgICAgICAgICAgICAgICAgICAgICAgICAgICAgICAgICAgICAgICAgIAogICAgICAgICAgICAgICAgICAgICAgICAgICAgICAgICAgICAgICAgICAgICAgICAgICAgICAgICAgICAgICAgICAgICAgICAgICAgICAgICAgICAgICAgICAgICAgICAgICAgCiAgICAgICAgICAgICAgICAgICAgICAgICAgICAgICAgICAgICAgICAgICAgICAgICAgICAgICAgICAgICAgICAgICAgICAgICAgICAgICAgICAgICAgICAgICAgICAgICAgICAKICAgICAgICAgICAgICAgICAgICAgICAgICAgICAgICAgICAgICAgICAgICAgICAgICAgICAgICAgICAgICAgICAgICAgICAgICAgICAgICAgICAgICAgICAgICAgICAgICAgIAogICAgICAgICAgICAgICAgICAgICAgICAgICAgICAgICAgICAgICAgICAgICAgICAgICAgICAgICAgICAgICAgICAgICAgICAgICAgICAgICAgICAgICAgICAgICAgICAgICAgCiAgICAgICAgICAgICAgICAgICAgICAgICAgICAgICAgICAgICAgICAgICAgICAgICAgICAgICAgICAgICAgICAgICAgICAgICAgICAgICAgICAgICAgICAgICAgICAgICAgICAKICAgICAgICAgICAgICAgICAgICAgICAgICAgICAgICAgICAgICAgICAgICAgICAgICAgICAgICAgICAgICAgICAgICAgICAgICAgICAgICAgICAgICAgICAgICAgICAgICAgIAogICAgICAgICAgICAgICAgICAgICAgICAgICAgICAgICAgICAgICAgICAgICAgICAgICAgICAgICAgICAgICAgICAgICAgICAgICAgICAgICAgICAgICAgICAgICAgICAgICAgCiAgICAgICAgICAgICAgICAgICAgICAgICAgICAgICAgICAgICAgICAgICAgICAgICAgICAgICAgICAgICAgICAgICAgICAgICAgICAgICAgICAgICAgICAgICAgICAgICAgICAKICAgICAgICAgICAgICAgICAgICAgICAgICAgICAgICAgICAgICAgICAgICAgICAgICAgICAgICAgICAgICAgICAgICAgICAgICAgICAgICAgICAgICAgICAgICAgICAgICAgIAogICAgICAgICAgICAgICAgICAgICAgICAgICAgICAgICAgICAgICAgICAgICAgICAgICAgICAgICAgICAgICAgICAgICAgICAgICAgICAgICAgICAgICAgICAgICAgICAgICAgCiAgICAgICAgICAgICAgICAgICAgICAgICAgICAgICAgICAgICAgICAgICAgICAgICAgICAgICAgICAgICAgICAgICAgICAgICAgICAgICAgICAgICAgICAgICAgICAgICAgICAKICAgICAgICAgICAgICAgICAgICAgICAgICAgICAgICAgICAgICAgICAgICAgICAgICAgICAgICAgICAgICAgICAgICAgICAgICAgICAgICAgICAgICAgICAgICAgICAgICAgIAogICAgICAgICAgICAgICAgICAgICAgICAgICAgICAgICAgICAgICAgICAgICAgICAgICAgICAgICAgICAgICAgICAgICAgICAgICAgICAgICAgICAgICAgICAgICAgICAgICAgCiAgICAgICAgICAgICAgICAgICAgICAgICAgICAgICAgICAgICAgICAgICAgICAgICAgICAgICAgICAgICAgICAgICAgICAgICAgICAgICAgICAgICAgICAgICAgICAgICAgICAKICAgICAgICAgICAgICAgICAgICAgICAgICAgICAgICAgICAgICAgICAgICAgICAgICAgICAgICAgICAgICAgICAgICAgICAgICAgICAgICAgICAgICAgICAgICAgICAgICAgIAogICAgICAgICAgICAgICAgICAgICAgICAgICAgICAgICAgICAgICAgICAgICAgICAgICAgICAgICAgICAgICAgICAgICAgICAgICAgICAgICAgICAgICAgICAgICAgICAgICAgCiAgICAgICAgICAgICAgICAgICAgICAgICAgICAgICAgICAgICAgICAgICAgICAgICAgICAgICAgICAgICAgICAgICAgICAgICAgICAgICAgICAgICAgICAgICAgICAgICAgICAKICAgICAgICAgICAgICAgICAgICAgICAgICAgICAgICAgICAgICAgICAgICAgICAgICAgICAgICAgICAgICAgICAgICAgICAgICAgICAgICAgICAgICAgICAgICAgICAgICAgIAogICAgICAgICAgICAgICAgICAgICAgICAgICAgICAgICAgICAgICAgICAgICAgICAgICAgICAgICAgICAgICAgICAgICAgICAgICAgICAgICAgICAgICAgICAgICAgICAgICAgCiAgICAgICAgICAgICAgICAgICAgICAgICAgICAgICAgICAgICAgICAgICAgICAgICAgICAgICAgICAgICAgICAgICAgICAgICAgICAgICAgICAgICAgICAgICAgICAgICAgICAKICAgICAgICAgICAgICAgICAgICAgICAgICAgICAgICAgICAgICAgICAgICAgICAgICAgICAgICAgICAgICAgICAgICAgICAgICAgICAgICAgICAgICAgICAgICAgICAgICAgIAogICAgICAgICAgICAgICAgICAgICAgICAgICAgICAgICAgICAgICAgICAgICAgICAgICAgICAgICAgICAgICAgICAgICAgICAgICAgICAgICAgICAgICAgICAgICAgICAgICAgCiAgICAgICAgICAgICAgICAgICAgICAgICAgICAgICAgICAgICAgICAgICAgICAgICAgICAgICAgICAgICAgICAgICAgICAgICAgICAgICAgICAgICAgICAgICAgICAgICAgICAKICAgICAgICAgICAgICAgICAgICAgICAgICAgICAgICAgICAgICAgICAgICAgICAgICAgICAgIAo8P3hwYWNrZXQgZW5kPSd3Jz8+/+4ADkFkb2JlAGSAAAAAAf/bAIQADAgICAkIDAkJDBELCgsRFQ8MDA8VGBMTFRMTGBEMDAwMDAwRDAwMDAwMDAwMDAwMDAwMDAwMDAwMDAwMDAwMDAENCwsNDg0QDg4QFA4ODhQUDg4ODhQRDAwMDAwREQwMDAwMDBEMDAwMDAwMDAwMDAwMDAwMDAwMDAwMDAwMDAwM/8AAEQgALQCSAwEiAAIRAQMRAf/dAAQACv/EAT8AAAEFAQEBAQEBAAAAAAAAAAMAAQIEBQYHCAkKCwEAAQUBAQEBAQEAAAAAAAAAAQACAwQFBgcICQoLEAABBAEDAgQCBQcGCAUDDDMBAAIRAwQhEjEFQVFhEyJxgTIGFJGhsUIjJBVSwWIzNHKC0UMHJZJT8OHxY3M1FqKygyZEk1RkRcKjdDYX0lXiZfKzhMPTdePzRieUpIW0lcTU5PSltcXV5fVWZnaGlqa2xtbm9jdHV2d3h5ent8fX5/cRAAICAQIEBAMEBQYHBwYFNQEAAhEDITESBEFRYXEiEwUygZEUobFCI8FS0fAzJGLhcoKSQ1MVY3M08SUGFqKygwcmNcLSRJNUoxdkRVU2dGXi8rOEw9N14/NGlKSFtJXE1OT0pbXF1eX1VmZ2hpamtsbW5vYnN0dXZ3eHl6e3x//aAAwDAQACEQMRAD8A9VSVLK6xg4uYzBt9Y5FlL8hjK6LrQa6v55zbKKrK97PY30t/q77aK9m/Io9SoPrX0Y4zssHJ9BlzccuOHlj9K578dtTWfZt73/aK/s79n83kenRZ+mtqSU7CSSSSlJJJJKUs/rvVLOkdLyOo14lmb9nrfY6utzGQ1jH2ussfe9n6L2e/0W33/wCjx7VoLK+tYe76s9VrrrsusuxLqq66mOse59jHU1NbVS19n849v5vs/nLP0aSnVWP07r1uU7HfkYzaMTqTnDpd7LDYbWhtmRS7IpNVLsR+VhU/bKGfp/Z6lOVZjZPpU36VeTXb6W0WD16zazdW9kNGzS31GN9C39K39Bf6d/8AOfo/0N2zmPstrbh1XBx81/Tuj035PT8C0GkPuNT6K8TBw/T+2sx9tmXXs6jjepjP+xV9F/yb69NqU9ag3ZVFFlFVrtr8qw1UCCdzwyzJLfaPb+hx7n+9YH1X6biVZV2VXie+qv0a+p2Y1mJk3iwh+RX1CrKDLs7KZ9mxci7qj62VZN2Tb6FVPp5Sn1jo/UrepdMtq6nm+n9tseQyvFLcdpxc7a9jvsLnbNzmYn62+/8An/8AuR6VqSnolmdD63V1qvJuoqdXRTc2ul7iJtrfRj5tOTsH80y6vLb6dT/0uz+e9G79BVHqHSM7K6dVhMz95bZuybMultovr9/6tk04TumM9Le+rf6Xp+tVT9nyWX035Hqi+r2N1SjN6y7qL67PVy63VvrpfQ18YuHW+2v1b8rdV7G0fS/n8fI/Se/0cdKdpJJJJSkkkklKSSSSU//Q63rNtuZ9Z2dJxXupyx0536VhLXNx8u+qvPyq7Rt9DIwq+msrw9vr+rm9Qxn+l9mxcmxC+o1VWf07G6nWxtWBU7If07GYAGNdlWHJyn7Pbtf0+y3I6LibKaP0NObf/RupVVUdUKqha64MaLXtax9gA3FrC91bHP8ApOZW623Z/wAZYlVVVRUymljaqqmhldbAGta1o2sYxjfa1jWpKaXWsvJxMVlmNZ6TzYGl32S/O0hxj7N099VzPo/z7nel/g/8IqvRepZ+XlPryb/VYKy4N/ZmZg6y0T9p6hdbS/6X8w1vq/4T/BraSSU5+V1LNovdVV0nLymNiL6nYoY6QHe0ZObj3e36HvpQv2z1H/yiz/8APwf/AJIovUMzKblUdNwTXXl5NdtwvuabK2V0Gllv6Guyiy619mXRXXX61H+Fv9X9D9nyS9Mzvt+IMgs9J7bLabWTuAsossxL/TshnqVetRZ6Njq6vUq/wVX82kpq/tnqP/lFn/5+D/8AJFL9s9R/8os//Pwf/kioUZfWmdUpxcl+NeLmmy/Hx67GuxayHmq63MtuezKY6+v7HU37HhW5f6bLprZXhZVKsP6t0bJ+1YVeZXfdRXZ9px8W0vyWNZ+ju21YbjmstY47P0P6f1v5v9KkpF+2eo/+UWf/AJ+D/wDJFL9s9R/8os//AD8H/wCSKr/VEtdiZb6sS7p2O/JLsfBtpdjilno4/wCjope2v2Ps9S7I9Kr0ft9uYyr7Uz9dyd1JTlftnqP/AJRZ/wDn4P8A8kUv2z1H/wAos/8Az8H/AOSKtdTzvsGIcgM9V7rKqamTtBsvsrxKPUsh/p1etfX61ja7fTq/wVv82hdPzMp2Vf03ONdmXjV1XG+lprrfXebmVfobLL7KbWWYl9dlfrX/AOCv9X9N9nxkpF+2eo/+UWf/AJ+D/wDJFL9s9R/8os//AD8H/wCSKhm9Wts6oOkYGTjY2UG7nWZLTbvdBs+x42NVfiPtyKaNuXl/pv1XHuwv0F3231ce7kdW6XjZVeFk5lFGXft9HHstYyx+8+nX6dT3Cx++wbGbUlNX9s9R/wDKLP8A8/B/+SKX7Z6j/wCUWf8A5+D/APJFaqSSnMq6tn2Wsrf0bNqa9wa6178MtaCY9R/pZ9lmxn/B12PWmsejL60zqlOLkvxrxc02X4+PXY12LWQ81XW5ltz2ZTHX1/Y6m/Y8K3L/AE2XTWyvCyqVsJKUkkkkp//R9VSSSSUpJJJJTmdRoya8/G6rj0uyzjU3478WssbY5uQ7Gt9Wl+Q+mhz6X4TN1VttP6K2y31vUpZj5E+kYt+Djtxrm7n3WZOVbYwg11vvvfmfZtzzXdbt+1PZVd9n/S/Z/Ut+zepXStBJJTzWTjdQyMh/VundI/Z/Useu2w2ZH2f1Mx/oW4+JgWvwcm3fi+s6i+77VlU+n9lxPSrs/n8O39XsPIo3NtxrMfExq20dOry/Qdk1V/4bGruwX3V/s/06cH0PWvtzrLqbvtdln6stpJJSlmW/V/Autfa+3NDrHFzgzPzGNlx3eyqrKZXWz/g62bGLTSSU5/UumvyOmMxMZ3vx7Me6n1nuduOLbTl11XZD/Wu/T/Z/SsyXevb7/X2X/QQsKvLObk9XuxbKXZVeNiswy6t1rWU2ZDnZN767XYzfdn2P9Gm+/wDVsf1P0mTf9jp1UklPO5/Rck3dVqx8drndcdW8dRBY12K6qqrGqfaHEZFj8N9H2/pn2bf+u2enZ+zv6dasPG6rZ1e12RhOpx7cmy3L9U0PxbW0n0+mZuI1tuR1CvqXpYvSv570MJnoZNvoV5norokklNLN6RiZ1otusyWOa3aBRlZOO2AS7WrEvorc/wB385s3ouFg04NRqpdc9rnbib7rch0kBuluXZfY1nt/m9+xWEklOFRhvzOsU9Sb0x3SbaXF2Vk2/Z/WyWmp+NVhufgXZTrMdjnV5Nn2m79HZiYfpUXfzuJupJJKUkkkkp//2Q=='),
(6, 2, 0, '&amp;nbsp;', 'data:image/jpeg;base64,/9j/4AAQSkZJRgABAgEASABIAAD/4QoXRXhpZgAATU0AKgAAAAgABwESAAMAAAABAAEAAAEaAAUAAAABAAAAYgEbAAUAAAABAAAAagEoAAMAAAABAAIAAAExAAIAAAAUAAAAcgEyAAIAAAAUAAAAhodpAAQAAAABAAAAnAAAAMgAAABIAAAAAQAAAEgAAAABQWRvYmUgUGhvdG9zaG9wIDcuMAAyMDA1OjA0OjA1IDE0OjU1OjUxAAAAAAOgAQADAAAAAf//AACgAgAEAAAAAQAAAJKgAwAEAAAAAQAAAC0AAAAAAAAABgEDAAMAAAABAAYAAAEaAAUAAAABAAABFgEbAAUAAAABAAABHgEoAAMAAAABAAIAAAIBAAQAAAABAAABJgICAAQAAAABAAAI6QAAAAAAAABIAAAAAQAAAEgAAAAB/9j/4AAQSkZJRgABAgEASABIAAD/7QAMQWRvYmVfQ00AAv/uAA5BZG9iZQBkgAAAAAH/2wCEAAwICAgJCAwJCQwRCwoLERUPDAwPFRgTExUTExgRDAwMDAwMEQwMDAwMDAwMDAwMDAwMDAwMDAwMDAwMDAwMDAwBDQsLDQ4NEA4OEBQODg4UFA4ODg4UEQwMDAwMEREMDAwMDAwRDAwMDAwMDAwMDAwMDAwMDAwMDAwMDAwMDAwMDP/AABEIACcAgAMBIgACEQEDEQH/3QAEAAj/xAE/AAABBQEBAQEBAQAAAAAAAAADAAECBAUGBwgJCgsBAAEFAQEBAQEBAAAAAAAAAAEAAgMEBQYHCAkKCxAAAQQBAwIEAgUHBggFAwwzAQACEQMEIRIxBUFRYRMicYEyBhSRobFCIyQVUsFiMzRygtFDByWSU/Dh8WNzNRaisoMmRJNUZEXCo3Q2F9JV4mXys4TD03Xj80YnlKSFtJXE1OT0pbXF1eX1VmZ2hpamtsbW5vY3R1dnd4eXp7fH1+f3EQACAgECBAQDBAUGBwcGBTUBAAIRAyExEgRBUWFxIhMFMoGRFKGxQiPBUtHwMyRi4XKCkkNTFWNzNPElBhaisoMHJjXC0kSTVKMXZEVVNnRl4vKzhMPTdePzRpSkhbSVxNTk9KW1xdXl9VZmdoaWprbG1ub2JzdHV2d3h5ent8f/2gAMAwEAAhEDEQA/APVUlh9U+sOTg9QyMNmNU8U4jMquyy57N7n3DFbiiqnFyrPVs/wHo+vbkX+jjV0/plDon1jzOrWYjW4dLWXYzMvLczIdYcdtzRbg0uacWlt2RksdvfVv/V6/0n+ExftKU76SSSSlJJJJKUsbM6l1bDzTffRU3pIupxGiSch7sh1NFeZWWuNPoNycluO/FtZXfsqty/W/msW3ZWHk4nX7OtNyhViXYlNlYxXWXWNNVZDG5132JmM6u3qFlbsmijIdm7KqPTYyur1M77WlOk7qfTW5zenOy6W5zxuZimxouIgv3No3eq72Nc76Klk5tWNdiU2Bxdm3GiotiA5tV+ZNkkez0sWz+2sbpnROp0dbyM7K+ztx7LLbSytzrPUeXOrw8v0H00V9PzKcD9UyraLcn7b+epdV+qPT8/qONm7HSMk3Zs33N3M+z34rBSyuzZW/1rMf+b9H9H6v/XEp1eo9Qx+nYj8q+XNbDWVsgvse47aqKGEt9S+5/sqr/PehdD6hZ1PpVGbaxtdlodvYx25oLXOrIZZ/hG+z6f56DkfVvAtqw6a7MjGb0/cMc03PDgHANdussNj3u2+z1P530321+p6d1qf6sdKyOj9DxunZNnrXU791m4vnfZZaP0j21u9rbNv0ElOokkkkpSSSSSn/0Ot6x0LquXn9UzqDDxhhvTCHhrzktryG1a/RroouuZfVv/7WfrH/AGnx/S1+g9Lb0vpteMQwXu9+Qa/oeoQB6dO4B/2XGY1mJhNs/SVYWPjUf4NaKSSnnOs/VP8AafUH5sYEva1s5GLbdZDR+dbV1DEY7/thamP0yyjpFXTqb/sjqWNY27EY1gaGnimnN/aDGN2+z9L66vqp1Y3jpWacff64x7fS9OS/fsd6fp7Pf6m76G1JTQp6fk5BsFH1jzLTS81WhgwHbLAA51Vm3p3ssa1zfY5Dysc4dlVWZ9Z8nHsyDtoZb+z2OscC1u2ptnT2+o7dZX9D99Vfq+3Hbl9GODt9N/R3OyzTG0kvw3YT8nZ9J73u6r9mfb/5sPT/AO1CJ1/Ff07LPX6b3XX22YmL+z7W1OqsaLTVXVQRT9rryGOzMjJrs9ez9J9OuyhnpMSm3f0vqFNNlx651F4raXltdWE952jdtrrZ03c9/wC6xqr9Mx+oZ9du7q/UsXIx7PRyMa1nTy6t+1l7GufRgXUP3499F36K2z+c/wBL6jFHB6v1PqXU7MZt9eNiX1OuxC2qbX47mtbj9Qwcx9t2Pf7rsey6jJ6dV9nfd6P6x/O3afROjM6NiOxWZORlh9htNmS5rnguDQ/+arpb+kez17XbPUuybr8i6yy656SkP7G6j/5e5/8AmYP/AMjULIwb8b0/tP1jy6fWsbTV6gwGb7H/AM3TXv6cN9tn5lbVKjqv1hstqZd0N1Nb3tbZZ9ppdsaSA+za33P9Nvv2tVLqtONb9YcwdRax2I3pBdV9oj0h+ku/aD6/V/R/zf2L7Y9v0GfZfW/wSSnQ/Y3Uf/L3P/zMH/5GoONh25YsOJ9ZcvIFLzVaah09+2xv06rNnT3bLWbvdW5VMu7qFX1CxDkPsqy7cbCpzLrnOrsr9Y4+Pn5F17v0mPbj1W33WZFv8w9nq3JmdYy8TpmTiYWPjuzsXK+w44xa9tNxZS3JsOJi+o39NiYdd1f2KzNr/T4f2b7Ykp0v2N1H/wAvc/8AzMH/AORqX7G6j/5e5/8AmYP/AMjUPE6r1S3ouLnY1NXWLchxO7GP2ZhqO91d2zLfa5j/AG1120+q/wDSq50zL6lk+r9vwDgbNvpzay3fM7v5n6Gz+Ukpp9OFdme+qr6xW9QtxSRkYc4TiCCayzIZi4dWTVtf/wAJX71tLmhjNxPrXhY7sapmGymwdLrxJa6raytuVfn0tYxvoO3NxcfbZ6Ndno/ovXvq+y9Kkp//0fVUl8qpJKfqpJfKqSSn6X/7G/smb/Qvsnru/aH816X2iWer9t/wf2rf6Xqev+l/m0w/5sftx237D+3o90el9sjYPpf9qv6N/wCAf8GvmlJJT9K9C/5rRf8A83vsEe37T9g9H+V6Xr/Zf+uen6n8taq+VUklP1UqnUP2V+rftL7P/SGfY/tGz+k6/Z/s3rf9q/p+j6X6ZfMCSSn6gr/Zvq5fp+h60t+37dm6djfT+1x7v6Ns2et/gP8Ag1Ry/wDmh+yMf7b+zv2PuH2T1vR+y7ofs+z+p+r79nq7fT/4RfNqSSn6nq9L0mejt9LaPT2Rt2x7dm327dqmvlVJJT9KdC/5q/p/+bv2D8z7T9g9H+X6Pr/Zf+u+n6n/AAi1l8qpJKf/2f/tDrZQaG90b3Nob3AgMy4wADhCSU0EJQAAAAAAEAAAAAAAAAAAAAAAAAAAAAA4QklNA+0AAAAAABAASAAAAAEAAgBIAAAAAQACOEJJTQQmAAAAAAAOAAAAAAAAAAAAAD+AAAA4QklNBA0AAAAAAAQAAAAeOEJJTQQZAAAAAAAEAAAAHjhCSU0D8wAAAAAACQAAAAAAAAAAAQA4QklNBAoAAAAAAAEAADhCSU0nEAAAAAAACgABAAAAAAAAAAI4QklNA/UAAAAAAEgAL2ZmAAEAbGZmAAYAAAAAAAEAL2ZmAAEAoZmaAAYAAAAAAAEAMgAAAAEAWgAAAAYAAAAAAAEANQAAAAEALQAAAAYAAAAAAAE4QklNA/gAAAAAAHAAAP////////////////////////////8D6AAAAAD/////////////////////////////A+gAAAAA/////////////////////////////wPoAAAAAP////////////////////////////8D6AAAOEJJTQQIAAAAAAAQAAAAAQAAAkAAAAJAAAAAADhCSU0EHgAAAAAABAAAAAA4QklNBBoAAAAAA0sAAAAGAAAAAAAAAAAAAAAtAAAAkgAAAAsAdABlAHMAdABfADEAXwAwADIAXwAyAAAAAQAAAAAAAAAAAAAAAAAAAAAAAAABAAAAAAAAAAAAAACSAAAALQAAAAAAAAAAAAAAAAAAAAABAAAAAAAAAAAAAAAAAAAAAAAAABAAAAABAAAAAAAAbnVsbAAAAAIAAAAGYm91bmRzT2JqYwAAAAEAAAAAAABSY3QxAAAABAAAAABUb3AgbG9uZwAAAAAAAAAATGVmdGxvbmcAAAAAAAAAAEJ0b21sb25nAAAALQAAAABSZ2h0bG9uZwAAAJIAAAAGc2xpY2VzVmxMcwAAAAFPYmpjAAAAAQAAAAAABXNsaWNlAAAAEgAAAAdzbGljZUlEbG9uZwAAAAAAAAAHZ3JvdXBJRGxvbmcAAAAAAAAABm9yaWdpbmVudW0AAAAMRVNsaWNlT3JpZ2luAAAADWF1dG9HZW5lcmF0ZWQAAAAAVHlwZWVudW0AAAAKRVNsaWNlVHlwZQAAAABJbWcgAAAABmJvdW5kc09iamMAAAABAAAAAAAAUmN0MQAAAAQAAAAAVG9wIGxvbmcAAAAAAAAAAExlZnRsb25nAAAAAAAAAABCdG9tbG9uZwAAAC0AAAAAUmdodGxvbmcAAACSAAAAA3VybFRFWFQAAAABAAAAAAAAbnVsbFRFWFQAAAABAAAAAAAATXNnZVRFWFQAAAABAAAAAAAGYWx0VGFnVEVYVAAAAAEAAAAAAA5jZWxsVGV4dElzSFRNTGJvb2wBAAAACGNlbGxUZXh0VEVYVAAAAAEAAAAAAAlob3J6QWxpZ25lbnVtAAAAD0VTbGljZUhvcnpBbGlnbgAAAAdkZWZhdWx0AAAACXZlcnRBbGlnbmVudW0AAAAPRVNsaWNlVmVydEFsaWduAAAAB2RlZmF1bHQAAAALYmdDb2xvclR5cGVlbnVtAAAAEUVTbGljZUJHQ29sb3JUeXBlAAAAAE5vbmUAAAAJdG9wT3V0c2V0bG9uZwAAAAAAAAAKbGVmdE91dHNldGxvbmcAAAAAAAAADGJvdHRvbU91dHNldGxvbmcAAAAAAAAAC3JpZ2h0T3V0c2V0bG9uZwAAAAAAOEJJTQQRAAAAAAABAQA4QklNBBQAAAAAAAQAAAABOEJJTQQMAAAAAAkFAAAAAQAAAIAAAAAnAAABgAAAOoAAAAjpABgAAf/Y/+AAEEpGSUYAAQIBAEgASAAA/+0ADEFkb2JlX0NNAAL/7gAOQWRvYmUAZIAAAAAB/9sAhAAMCAgICQgMCQkMEQsKCxEVDwwMDxUYExMVExMYEQwMDAwMDBEMDAwMDAwMDAwMDAwMDAwMDAwMDAwMDAwMDAwMAQ0LCw0ODRAODhAUDg4OFBQODg4OFBEMDAwMDBERDAwMDAwMEQwMDAwMDAwMDAwMDAwMDAwMDAwMDAwMDAwMDAz/wAARCAAnAIADASIAAhEBAxEB/90ABAAI/8QBPwAAAQUBAQEBAQEAAAAAAAAAAwABAgQFBgcICQoLAQABBQEBAQEBAQAAAAAAAAABAAIDBAUGBwgJCgsQAAEEAQMCBAIFBwYIBQMMMwEAAhEDBCESMQVBUWETInGBMgYUkaGxQiMkFVLBYjM0coLRQwclklPw4fFjczUWorKDJkSTVGRFwqN0NhfSVeJl8rOEw9N14/NGJ5SkhbSVxNTk9KW1xdXl9VZmdoaWprbG1ub2N0dXZ3eHl6e3x9fn9xEAAgIBAgQEAwQFBgcHBgU1AQACEQMhMRIEQVFhcSITBTKBkRShsUIjwVLR8DMkYuFygpJDUxVjczTxJQYWorKDByY1wtJEk1SjF2RFVTZ0ZeLys4TD03Xj80aUpIW0lcTU5PSltcXV5fVWZnaGlqa2xtbm9ic3R1dnd4eXp7fH/9oADAMBAAIRAxEAPwD1VJYfVPrDk4PUMjDZjVPFOIzKrssueze59wxW4oqpxcqz1bP8B6Pr25F/o41dP6ZQ6J9Y8zq1mI1uHS1l2MzLy3MyHWHHbc0W4NLmnFpbdkZLHb31b/1ev9J/hMX7SlO+kkkkpSSSSSlLGzOpdWw80330VN6SLqcRoknIe7IdTRXmVlrjT6DcnJbjvxbWV37Krcv1v5rFt2Vh5OJ1+zrTcoVYl2JTZWMV1l1jTVWQxudd9iZjOrt6hZW7JooyHZuyqj02Mrq9TO+1pTpO6n01uc3pzsuluc8bmYpsaLiIL9zaN3qu9jXO+ipZObVjXYlNgcXZtxoqLYgObVfmTZJHs9LFs/trG6Z0TqdHW8jOyvs7ceyy20src6z1Hlzq8PL9B9NFfT8ynA/VMq2i3J+2/nqXVfqj0/P6jjZux0jJN2bN9zdzPs9+KwUsrs2Vv9azH/m/R/R+r/1xKdXqPUMfp2I/KvlzWw1lbIL7HuO2qihhLfUvuf7Kq/z3oXQ+oWdT6VRm2sbXZaHb2MduaC1zqyGWf4Rvs+n+eg5H1bwLasOmuzIxm9P3DHNNzw4BwDXbrLDY97tvs9T+d9N9tfqendan+rHSsjo/Q8bp2TZ611O/dZuL532WWj9I9tbva2zb9BJTqJJJJKUkkkkp/9DresdC6rl5/VM6gw8YYb0wh4a85La8htWv0a6KLrmX1b/+1n6x/wBp8f0tfoPS29L6bXjEMF7vfkGv6HqEAenTuAf9lxmNZiYTbP0lWFj41H+DWikkp5zrP1T/AGn1B+bGBL2tbORi23WQ0fnW1dQxGO/7YWpj9Mso6RV06m/7I6ljWNuxGNYGhp4ppzf2gxjdvs/S+ur6qdWN46VmnH3+uMe30vTkv37Hen6ez3+pu+htSU0Ken5OQbBR9Y8y00vNVoYMB2ywAOdVZt6d7LGtc32OQ8rHOHZVVmfWfJx7Mg7aGW/s9jrHAtbtqbZ09vqO3WV/Q/fVX6vtx25fRjg7fTf0dzss0xtJL8N2E/J2fSe97uq/Zn2/+bD0/wDtQidfxX9Oyz1+m9119tmJi/s+1tTqrGi01V1UEU/a68hjszIya7PXs/SfTrsoZ6TEpt39L6hTTZceudReK2l5bXVhPedo3ba62dN3Pf8Ausaq/TMfqGfXbu6v1LFyMez0cjGtZ08urftZexrn0YF1D9+PfRd+its/nP8AS+oxRwer9T6l1OzGbfXjYl9TrsQtqm1+O5rW4/UMHMfbdj3+67HsuoyenVfZ33ej+sfzt2n0TozOjYjsVmTkZYfYbTZkua54Lg0P/mq6W/pHs9e12z1Lsm6/IussuuekpD+xuo/+Xuf/AJmD/wDI1CyMG/G9P7T9Y8un1rG01eoMBm+x/wDN017+nDfbZ+ZW1So6r9YbLamXdDdTW97W2WfaaXbGkgPs2t9z/Tb79rVS6rTjW/WHMHUWsdiN6QXVfaI9IfpLv2g+v1f0f839i+2Pb9Bn2X1v8Ekp0P2N1H/y9z/8zB/+RqDjYduWLDifWXLyBS81WmodPftsb9OqzZ092y1m73VuVTLu6hV9QsQ5D7Ksu3Gwqcy65zq7K/WOPj5+Rde79Jj249Vt91mRb/MPZ6tyZnWMvE6Zk4mFj47s7FyvsOOMWvbTcWUtybDiYvqN/TYmHXdX9isza/0+H9m+2JKdL9jdR/8AL3P/AMzB/wDkal+xuo/+Xuf/AJmD/wDI1DxOq9Ut6Li52NTV1i3IcTuxj9mYajvdXdsy32uY/wBtddtPqv8A0qudMy+pZPq/b8A4Gzb6c2st3zO7+Z+hs/lJKafThXZnvqq+sVvULcUkZGHOE4ggmssyGYuHVk1bX/8ACV+9bS5oYzcT614WO7GqZhspsHS68SWuq2srblX59LWMb6DtzcXH22ejXZ6P6L176vsvSpKf/9H1VJfKqSSn6qSXyqkkp+l/+xv7Jm/0L7J67v2h/Nel9olnq/bf8H9q3+l6nr/pf5tMP+bH7cdt+w/t6PdHpfbI2D6X/ar+jf8AgH/Br5pSSU/SvQv+a0X/APN77BHt+0/YPR/lel6/2X/rnp+p/LWqvlVJJT9VKp1D9lfq37S+z/0hn2P7Rs/pOv2f7N63/av6fo+l+mXzAkkp+oK/2b6uX6foetLft+3ZunY30/tce7+jbNnrf4D/AINUcv8A5ofsjH+2/s79j7h9k9b0fsu6H7Ps/qfq+/Z6u30/+EXzakkp+p6vS9Jno7fS2j09kbdse3Zt9u3apr5VSSU/SnQv+av6f/m79g/M+0/YPR/l+j6/2X/rvp+p/wAItZfKqSSn/9kAOEJJTQQhAAAAAABVAAAAAQEAAAAPAEEAZABvAGIAZQAgAFAAaABvAHQAbwBzAGgAbwBwAAAAEwBBAGQAbwBiAGUAIABQAGgAbwB0AG8AcwBoAG8AcAAgADcALgAwAAAAAQA4QklNBAYAAAAAAAcAAQAAAAEBAP/hEkhodHRwOi8vbnMuYWRvYmUuY29tL3hhcC8xLjAvADw/eHBhY2tldCBiZWdpbj0n77u/JyBpZD0nVzVNME1wQ2VoaUh6cmVTek5UY3prYzlkJz8+Cjw/YWRvYmUteGFwLWZpbHRlcnMgZXNjPSJDUiI/Pgo8eDp4YXBtZXRhIHhtbG5zOng9J2Fkb2JlOm5zOm1ldGEvJyB4OnhhcHRrPSdYTVAgdG9vbGtpdCAyLjguMi0zMywgZnJhbWV3b3JrIDEuNSc+CjxyZGY6UkRGIHhtbG5zOnJkZj0naHR0cDovL3d3dy53My5vcmcvMTk5OS8wMi8yMi1yZGYtc3ludGF4LW5zIycgeG1sbnM6aVg9J2h0dHA6Ly9ucy5hZG9iZS5jb20vaVgvMS4wLyc+CgogPHJkZjpEZXNjcmlwdGlvbiBhYm91dD0ndXVpZDphMzNmODk4Mi1hNWM5LTExZDktYjRiMC05OWIwNjcwYzFhZGYnCiAgeG1sbnM6eGFwTU09J2h0dHA6Ly9ucy5hZG9iZS5jb20veGFwLzEuMC9tbS8nPgogIDx4YXBNTTpEb2N1bWVudElEPmFkb2JlOmRvY2lkOnBob3Rvc2hvcDplMDIyYmJkZS1hNWMzLTExZDktYjRiMC05OWIwNjcwYzFhZGY8L3hhcE1NOkRvY3VtZW50SUQ+CiA8L3JkZjpEZXNjcmlwdGlvbj4KCjwvcmRmOlJERj4KPC94OnhhcG1ldGE+CiAgICAgICAgICAgICAgICAgICAgICAgICAgICAgICAgICAgICAgICAgICAgICAgICAgICAgICAgICAgICAgICAgICAgICAgICAgICAgICAgICAgICAgICAgICAgICAgICAgICAKICAgICAgICAgICAgICAgICAgICAgICAgICAgICAgICAgICAgICAgICAgICAgICAgICAgICAgICAgICAgICAgICAgICAgICAgICAgICAgICAgICAgICAgICAgICAgICAgICAgIAogICAgICAgICAgICAgICAgICAgICAgICAgICAgICAgICAgICAgICAgICAgICAgICAgICAgICAgICAgICAgICAgICAgICAgICAgICAgICAgICAgICAgICAgICAgICAgICAgICAgCiAgICAgICAgICAgICAgICAgICAgICAgICAgICAgICAgICAgICAgICAgICAgICAgICAgICAgICAgICAgICAgICAgICAgICAgICAgICAgICAgICAgICAgICAgICAgICAgICAgICAKICAgICAgICAgICAgICAgICAgICAgICAgICAgICAgICAgICAgICAgICAgICAgICAgICAgICAgICAgICAgICAgICAgICAgICAgICAgICAgICAgICAgICAgICAgICAgICAgICAgIAogICAgICAgICAgICAgICAgICAgICAgICAgICAgICAgICAgICAgICAgICAgICAgICAgICAgICAgICAgICAgICAgICAgICAgICAgICAgICAgICAgICAgICAgICAgICAgICAgICAgCiAgICAgICAgICAgICAgICAgICAgICAgICAgICAgICAgICAgICAgICAgICAgICAgICAgICAgICAgICAgICAgICAgICAgICAgICAgICAgICAgICAgICAgICAgICAgICAgICAgICAKICAgICAgICAgICAgICAgICAgICAgICAgICAgICAgICAgICAgICAgICAgICAgICAgICAgICAgICAgICAgICAgICAgICAgICAgICAgICAgICAgICAgICAgICAgICAgICAgICAgIAogICAgICAgICAgICAgICAgICAgICAgICAgICAgICAgICAgICAgICAgICAgICAgICAgICAgICAgICAgICAgICAgICAgICAgICAgICAgICAgICAgICAgICAgICAgICAgICAgICAgCiAgICAgICAgICAgICAgICAgICAgICAgICAgICAgICAgICAgICAgICAgICAgICAgICAgICAgICAgICAgICAgICAgICAgICAgICAgICAgICAgICAgICAgICAgICAgICAgICAgICAKICAgICAgICAgICAgICAgICAgICAgICAgICAgICAgICAgICAgICAgICAgICAgICAgICAgICAgICAgICAgICAgICAgICAgICAgICAgICAgICAgICAgICAgICAgICAgICAgICAgIAogICAgICAgICAgICAgICAgICAgICAgICAgICAgICAgICAgICAgICAgICAgICAgICAgICAgICAgICAgICAgICAgICAgICAgICAgICAgICAgICAgICAgICAgICAgICAgICAgICAgCiAgICAgICAgICAgICAgICAgICAgICAgICAgICAgICAgICAgICAgICAgICAgICAgICAgICAgICAgICAgICAgICAgICAgICAgICAgICAgICAgICAgICAgICAgICAgICAgICAgICAKICAgICAgICAgICAgICAgICAgICAgICAgICAgICAgICAgICAgICAgICAgICAgICAgICAgICAgICAgICAgICAgICAgICAgICAgICAgICAgICAgICAgICAgICAgICAgICAgICAgIAogICAgICAgICAgICAgICAgICAgICAgICAgICAgICAgICAgICAgICAgICAgICAgICAgICAgICAgICAgICAgICAgICAgICAgICAgICAgICAgICAgICAgICAgICAgICAgICAgICAgCiAgICAgICAgICAgICAgICAgICAgICAgICAgICAgICAgICAgICAgICAgICAgICAgICAgICAgICAgICAgICAgICAgICAgICAgICAgICAgICAgICAgICAgICAgICAgICAgICAgICAKICAgICAgICAgICAgICAgICAgICAgICAgICAgICAgICAgICAgICAgICAgICAgICAgICAgICAgICAgICAgICAgICAgICAgICAgICAgICAgICAgICAgICAgICAgICAgICAgICAgIAogICAgICAgICAgICAgICAgICAgICAgICAgICAgICAgICAgICAgICAgICAgICAgICAgICAgICAgICAgICAgICAgICAgICAgICAgICAgICAgICAgICAgICAgICAgICAgICAgICAgCiAgICAgICAgICAgICAgICAgICAgICAgICAgICAgICAgICAgICAgICAgICAgICAgICAgICAgICAgICAgICAgICAgICAgICAgICAgICAgICAgICAgICAgICAgICAgICAgICAgICAKICAgICAgICAgICAgICAgICAgICAgICAgICAgICAgICAgICAgICAgICAgICAgICAgICAgICAgICAgICAgICAgICAgICAgICAgICAgICAgICAgICAgICAgICAgICAgICAgICAgIAogICAgICAgICAgICAgICAgICAgICAgICAgICAgICAgICAgICAgICAgICAgICAgICAgICAgICAgICAgICAgICAgICAgICAgICAgICAgICAgICAgICAgICAgICAgICAgICAgICAgCiAgICAgICAgICAgICAgICAgICAgICAgICAgICAgICAgICAgICAgICAgICAgICAgICAgICAgICAgICAgICAgICAgICAgICAgICAgICAgICAgICAgICAgICAgICAgICAgICAgICAKICAgICAgICAgICAgICAgICAgICAgICAgICAgICAgICAgICAgICAgICAgICAgICAgICAgICAgICAgICAgICAgICAgICAgICAgICAgICAgICAgICAgICAgICAgICAgICAgICAgIAogICAgICAgICAgICAgICAgICAgICAgICAgICAgICAgICAgICAgICAgICAgICAgICAgICAgICAgICAgICAgICAgICAgICAgICAgICAgICAgICAgICAgICAgICAgICAgICAgICAgCiAgICAgICAgICAgICAgICAgICAgICAgICAgICAgICAgICAgICAgICAgICAgICAgICAgICAgICAgICAgICAgICAgICAgICAgICAgICAgICAgICAgICAgICAgICAgICAgICAgICAKICAgICAgICAgICAgICAgICAgICAgICAgICAgICAgICAgICAgICAgICAgICAgICAgICAgICAgICAgICAgICAgICAgICAgICAgICAgICAgICAgICAgICAgICAgICAgICAgICAgIAogICAgICAgICAgICAgICAgICAgICAgICAgICAgICAgICAgICAgICAgICAgICAgICAgICAgICAgICAgICAgICAgICAgICAgICAgICAgICAgICAgICAgICAgICAgICAgICAgICAgCiAgICAgICAgICAgICAgICAgICAgICAgICAgICAgICAgICAgICAgICAgICAgICAgICAgICAgICAgICAgICAgICAgICAgICAgICAgICAgICAgICAgICAgICAgICAgICAgICAgICAKICAgICAgICAgICAgICAgICAgICAgICAgICAgICAgICAgICAgICAgICAgICAgICAgICAgICAgICAgICAgICAgICAgICAgICAgICAgICAgICAgICAgICAgICAgICAgICAgICAgIAogICAgICAgICAgICAgICAgICAgICAgICAgICAgICAgICAgICAgICAgICAgICAgICAgICAgICAgICAgICAgICAgICAgICAgICAgICAgICAgICAgICAgICAgICAgICAgICAgICAgCiAgICAgICAgICAgICAgICAgICAgICAgICAgICAgICAgICAgICAgICAgICAgICAgICAgICAgICAgICAgICAgICAgICAgICAgICAgICAgICAgICAgICAgICAgICAgICAgICAgICAKICAgICAgICAgICAgICAgICAgICAgICAgICAgICAgICAgICAgICAgICAgICAgICAgICAgICAgICAgICAgICAgICAgICAgICAgICAgICAgICAgICAgICAgICAgICAgICAgICAgIAogICAgICAgICAgICAgICAgICAgICAgICAgICAgICAgICAgICAgICAgICAgICAgICAgICAgICAgICAgICAgICAgICAgICAgICAgICAgICAgICAgICAgICAgICAgICAgICAgICAgCiAgICAgICAgICAgICAgICAgICAgICAgICAgICAgICAgICAgICAgICAgICAgICAgICAgICAgICAgICAgICAgICAgICAgICAgICAgICAgICAgICAgICAgICAgICAgICAgICAgICAKICAgICAgICAgICAgICAgICAgICAgICAgICAgICAgICAgICAgICAgICAgICAgICAgICAgICAgICAgICAgICAgICAgICAgICAgICAgICAgICAgICAgICAgICAgICAgICAgICAgIAogICAgICAgICAgICAgICAgICAgICAgICAgICAgICAgICAgICAgICAgICAgICAgICAgICAgICAgICAgICAgICAgICAgICAgICAgICAgICAgICAgICAgICAgICAgICAgICAgICAgCiAgICAgICAgICAgICAgICAgICAgICAgICAgICAgICAgICAgICAgICAgICAgICAgICAgICAgICAgICAgICAgICAgICAgICAgICAgICAgICAgICAgICAgICAgICAgICAgICAgICAKICAgICAgICAgICAgICAgICAgICAgICAgICAgICAgICAgICAgICAgICAgICAgICAgICAgICAgICAgICAgICAgICAgICAgICAgICAgICAgICAgICAgICAgICAgICAgICAgICAgIAogICAgICAgICAgICAgICAgICAgICAgICAgICAgICAgICAgICAgICAgICAgICAgICAgICAgICAgICAgICAgICAgICAgICAgICAgICAgICAgICAgICAgICAgICAgICAgICAgICAgCiAgICAgICAgICAgICAgICAgICAgICAgICAgICAgICAgICAgICAgICAgICAgICAgICAgICAgICAgICAgICAgICAgICAgICAgICAgICAgICAgICAgICAgICAgICAgICAgICAgICAKICAgICAgICAgICAgICAgICAgICAgICAgICAgICAgICAgICAgICAgICAgICAgICAgICAgICAgIAo8P3hwYWNrZXQgZW5kPSd3Jz8+/+4ADkFkb2JlAGSAAAAAAf/bAIQADAgICAkIDAkJDBELCgsRFQ8MDA8VGBMTFRMTGBEMDAwMDAwRDAwMDAwMDAwMDAwMDAwMDAwMDAwMDAwMDAwMDAENCwsNDg0QDg4QFA4ODhQUDg4ODhQRDAwMDAwREQwMDAwMDBEMDAwMDAwMDAwMDAwMDAwMDAwMDAwMDAwMDAwM/8AAEQgALQCSAwEiAAIRAQMRAf/dAAQACv/EAT8AAAEFAQEBAQEBAAAAAAAAAAMAAQIEBQYHCAkKCwEAAQUBAQEBAQEAAAAAAAAAAQACAwQFBgcICQoLEAABBAEDAgQCBQcGCAUDDDMBAAIRAwQhEjEFQVFhEyJxgTIGFJGhsUIjJBVSwWIzNHKC0UMHJZJT8OHxY3M1FqKygyZEk1RkRcKjdDYX0lXiZfKzhMPTdePzRieUpIW0lcTU5PSltcXV5fVWZnaGlqa2xtbm9jdHV2d3h5ent8fX5/cRAAICAQIEBAMEBQYHBwYFNQEAAhEDITESBEFRYXEiEwUygZEUobFCI8FS0fAzJGLhcoKSQ1MVY3M08SUGFqKygwcmNcLSRJNUoxdkRVU2dGXi8rOEw9N14/NGlKSFtJXE1OT0pbXF1eX1VmZ2hpamtsbW5vYnN0dXZ3eHl6e3x//aAAwDAQACEQMRAD8A9VSVLK6xg4uYzBt9Y5FlL8hjK6LrQa6v55zbKKrK97PY30t/q77aK9m/Io9SoPrX0Y4zssHJ9BlzccuOHlj9K578dtTWfZt73/aK/s79n83kenRZ+mtqSU7CSSSSlJJJJKUkkkkpyszrGViWZNz8OOl4H9LynPLbNoYzItyMXF9F1eVi49dv6az7XXf+hy6qMa+6mqvI1VzvWuqsdk5GFl4ubZhYzQX0Y+JkXfbXFguFDb6aXYn2L3elbVZkM+2ZG/Hy/QwKrv2jU6zjU9V63Zi5nTnZlbXV4gpyMe19Roe1lt/UOn9U2V4nS8ir7Xkfav0t1+b+zMXHo+z5HopKetQcTKozMWnMxnepj5NbbaXwRuY8Cyt214a9u5jvzkLOw8jK2ehn34Oyd32dtDt8xG/7ZjZf0I9vp+ms36o9NzsPovTjlZeS8jCoY7CvZSxtLvTr9g9LGoy99O30f099n/C/pElNrL63Vj9Yw+ktqdbblOi14Ia2prqsvIoc6fda/Id03JrYyv6Hp2Pusq/V2ZGmuV/Y3X8TN6Pvy6Mtrc91+Xe3EsbY5xxcuq3Jyrvt11f6Sv8AVKf0VVGNvxKqK/s2PVhLqklKSSSSUpJJJJSkkkklP//Q63rNtuZ9Z2dJxXupyx0536VhLXNx8u+qvPyq7Rt9DIwq+msrw9vr+rm9Qxn+l9mxcmxC+o1VWf07G6nWxtWBU7If07GYAGNdlWHJyn7Pbtf0+y3I6LibKaP0NObf/RupVVUdUKqha64MaLXtax9gA3FrC91bHP8ApOZW623Z/wAZYlVVVRUymljaqqmhldbAGta1o2sYxjfa1jWpKaXWsvJxMVlmNZ6TzYGl32S/O0hxj7N099VzPo/z7nel/g/8IqvRepZ+XlPryb/VYKy4N/ZmZg6y0T9p6hdbS/6X8w1vq/4T/BraSSU5+V1LNovdVV0nLymNiL6nYoY6QHe0ZObj3e36HvpQv2z1H/yiz/8APwf/AJIovUMzKblUdNwTXXl5NdtwvuabK2V0Gllv6Guyiy619mXRXXX61H+Fv9X9D9nyS9Mzvt+IMgs9J7bLabWTuAsossxL/TshnqVetRZ6Njq6vUq/wVX82kpq/tnqP/lFn/5+D/8AJFL9s9R/8os//Pwf/kiq/SesZ3Us94c9uJQ11pbgZGHkU5D6mOdRXk1ZeVbj12ss/V8m30sB/wBk+004l/6b9Mrr+rdGyftWFXmV33UV2facfFtL8ljWfo7ttWG45rLWOOz9D+n9b+b/AEqSkX7Z6j/5RZ/+fg//ACRS/bPUf/KLP/z8H/5Iqv8AVEtdiZb6sS7p2O/JLsfBtpdjilno4/6Oil7a/Y+z1Lsj0qvR+325jKvtTP13J3UlOV+2eo/+UWf/AJ+D/wDJFL9s9R/8os//AD8H/wCSKtdTzvsGIcgM9V7rKqamTtBsvsrxKPUsh/p1etfX61ja7fTq/wAFb/NoXT8zKdlX9NzjXZl41dVxvpaa6313m5lX6Gyy+ym1lmJfXZX61/8Agr/V/TfZ8ZKRftnqP/lFn/5+D/8AJFL9s9R/8os//Pwf/kioZvVrbOqDpGBk42NlBu51mS0273QbPseNjVX4j7cimjbl5f6b9Vx7sL9Bd9t9XHu53Vul9N2ftHMow/Vn0/tFrKt22N+z1XM37N7dySmr+2eo/wDlFn/5+D/8kUv2z1H/AMos/wDz8H/5IrVSSU5lXVs+y1lb+jZtTXuDXWvfhlrQTHqP9LPss2M/4Oux601j0ZfWmdUpxcl+NeLmmy/Hx67GuxayHmq63MtuezKY6+v7HU37HhW5f6bLprZXhZVK2ElKSSSSU//R9VSSSSUpJJJJTmdRoya8/G6rj0uyzjU3478WssbY5uQ7Gt9Wl+Q+mhz6X4TN1VttP6K2y31vUpZj5E+kYt+Djtxrm7n3WZOVbYwg11vvvfmfZtzzXdbt+1PZVd9n/S/Z/Ut+zepXStBJJTz/AFB3WuoNrycXp1mJkdM9bKxq8t9LvXvOPk4eNjNbh5VzG1b8rffddkY+zZVXX6nrW3Ypvq9h5FG5tuNZj4mNW2jp1eX6Dsmqv/DY1d2C+6v9n+nTg+h619udZdTd9rss/VltJJKUsy36v4F1r7X25odY4ucGZ+YxsuO72VVZTK62f8HWzYxaaSSnP6l01+R0xmJjO9+PZj3U+s9ztxxbacuuq7If6136f7P6VmS717ff6+y/6CFhV5Zzcnq92LZS7KrxsVmGXVutaymzIc7JvfXa7Gb7s+x/o033/q2P6n6TJv8AsdOqkkp53P6Lkm7qtWPjtc7rjq3jqILGuxXVVVY1T7Q4jIsfhvo+39M+zb/12z07P2d/TrVlY3Vb+t3xhO9C51WO+5xofiZGCGtfdVn0222532imzK6qzF+y49FVttuN9t9fFXRJJKaWb0jEzrRbdZksc1u0CjKycdsAl2tWJfRW5/u/nNm9FwsGnBqNVLrntc7cTfdbkOkgN0ty7L7Gs9v83v2KwkkpwqMN+Z1inqTemO6TbS4uysm37P62S01PxqsNz8C7KdZjsc6vJs+03fo7MTD9Ki7+dxN1JJJSkkkklP8A/9k=');
INSERT INTO `answers` (`answer_id`, `question_id`, `true_answer`, `answer_text`, `attachment`) VALUES
(7, 2, 0, '&amp;nbsp;', 'data:image/jpeg;base64,/9j/4AAQSkZJRgABAgEASABIAAD/4QpgRXhpZgAATU0AKgAAAAgABwESAAMAAAABAAEAAAEaAAUAAAABAAAAYgEbAAUAAAABAAAAagEoAAMAAAABAAIAAAExAAIAAAAUAAAAcgEyAAIAAAAUAAAAhodpAAQAAAABAAAAnAAAAMgAAABIAAAAAQAAAEgAAAABQWRvYmUgUGhvdG9zaG9wIDcuMAAyMDA1OjA0OjA1IDE0OjU1OjQzAAAAAAOgAQADAAAAAf//AACgAgAEAAAAAQAAAJKgAwAEAAAAAQAAAC0AAAAAAAAABgEDAAMAAAABAAYAAAEaAAUAAAABAAABFgEbAAUAAAABAAABHgEoAAMAAAABAAIAAAIBAAQAAAABAAABJgICAAQAAAABAAAJMgAAAAAAAABIAAAAAQAAAEgAAAAB/9j/4AAQSkZJRgABAgEASABIAAD/7QAMQWRvYmVfQ00AAv/uAA5BZG9iZQBkgAAAAAH/2wCEAAwICAgJCAwJCQwRCwoLERUPDAwPFRgTExUTExgRDAwMDAwMEQwMDAwMDAwMDAwMDAwMDAwMDAwMDAwMDAwMDAwBDQsLDQ4NEA4OEBQODg4UFA4ODg4UEQwMDAwMEREMDAwMDAwRDAwMDAwMDAwMDAwMDAwMDAwMDAwMDAwMDAwMDP/AABEIACcAgAMBIgACEQEDEQH/3QAEAAj/xAE/AAABBQEBAQEBAQAAAAAAAAADAAECBAUGBwgJCgsBAAEFAQEBAQEBAAAAAAAAAAEAAgMEBQYHCAkKCxAAAQQBAwIEAgUHBggFAwwzAQACEQMEIRIxBUFRYRMicYEyBhSRobFCIyQVUsFiMzRygtFDByWSU/Dh8WNzNRaisoMmRJNUZEXCo3Q2F9JV4mXys4TD03Xj80YnlKSFtJXE1OT0pbXF1eX1VmZ2hpamtsbW5vY3R1dnd4eXp7fH1+f3EQACAgECBAQDBAUGBwcGBTUBAAIRAyExEgRBUWFxIhMFMoGRFKGxQiPBUtHwMyRi4XKCkkNTFWNzNPElBhaisoMHJjXC0kSTVKMXZEVVNnRl4vKzhMPTdePzRpSkhbSVxNTk9KW1xdXl9VZmdoaWprbG1ub2JzdHV2d3h5ent8f/2gAMAwEAAhEDEQA/APVUlh9U+sOTg9QyMNmNU8U4jMquyy57N7n3DFbiiqnFyrPVs/wHo+vbkX+jjV0/plDon1jzOrWYjW4dLWXYzMvLczIdYcdtzRbg0uacWlt2RksdvfVv/V6/0n+ExftKU76SSSSlJJJJKc76wdQy+mdGy+oYlNeRZiVWXFlrzW3bWx1r3Syu1z3ez+b9nqf6WpWM/Oq6f07J6hcHOpxKX5FjWAFxbW02vDA4tbv2t/fQOv4eT1DoefgYmz18zHsx2G1xYweq0073uYy53sa/f/Nowf1IViKKdwo3R6zo+0R/Mbvs39G/7t7PV/7pJKaPSuq57s6zpfVW0fbG0My22Yhd6Jqsc6rYfW/SepXbW/8ASfQyK/0v6H+YrvYPU+m9RY5/T8unMYw7XuosbaGk67XGpz9qwa/qpfjYGccevFOVn+nW7E9zMZmL6gfldOZkOZkZPp2Y9mTjstbTVRX+i+ydPwP5tXendCsd0m3C604ZDr3gvLLHmz02FrqKreoNGJk5b63M/n/Sx/8AQbP8JalOjgdRozxkGlr2/Zb7MazeAJfWYe5kF36PX2rKPWepXdfOBS2vFxK7BXOXRkNdkbWetc7AyiKcJzm/pG10/p7X/ZcjK/oyj0D6pYvS8m/LsbN5yr7sZzb7ngV2jY31a7X+m+7Z9Pcyz/jFbzMPqfUshmPlV0UdPoyKslttVz7LrDj2Nycet1D8einH33V1vuf6+X+jZ6Ff899qx0p1kkkklKSSSSU//9DresdC6rl5/VM6gw8YYb0wh4a85La8htWv0a6KLrmX1b/+1n6x/wBp8f0tfoPS29L6bXjEMF7vfkGv6HqEAenTuAf9lxmNZiYTbP0lWFj41H+DWikkp5zrP1T/AGn1B+bGBL2tbORi23WQ0fnW1dQxGO/7YWpj9Mso6RV06m/7I6ljWNuxGNYGhp4ppzf2gxjdvs/S+ur6qdWN46VmnH3+uMe30vTkv37Hen6ez3+pu+htSU0Ken5OQbBR9Y8y00vNVoYMB2ywAOdVZt6d7LGtc32OQ8rHOHZVVmfWfJx7Mg7aGW/s9jrHAtbtqbZ09vqO3WV/Q/fVX6vtx25fRjg7fTf0dzss0xtJL8N2E/J2fSe97uq/Zn2/+bD0/wDtQidfxX9Oyz1+m9119tmJi/s+1tTqrGi01V1UEU/a68hjszIya7PXs/SfTrsoZ6TEpt39L6hTTZceudReK2l5bXVhPedo3ba62dN3Pf8Ausaq/TMfqGfXbu6v1LFyMez0cjGtZ08urftZexrn0YF1D9+PfRd+its/nP8AS+oxRwer9T6l1OzGbfXjYl9TrsQtqm1+O5rW4/UMHMfbdj3+67HsuoyenVfZ33ej+sfzt2n0TozOjYjsVmTkZYfYbTZkua54Lg0P/mq6W/pHs9e12z1Lsm6/IussuuekpD+xuo/+Xuf/AJmD/wDI1CyMG/G9P7T9Y8un1rG01eoMBm+x/wDN017+nDfbZ+ZW1So6r9YbLamXdDdTW97W2WfaaXbGkgPs2t9z/Tb79rVS6rTjW/WHMHUWsdiN6QXVfaI9IfpLv2g+v1f0f839i+2Pb9Bn2X1v8Ekp0P2N1H/y9z/8zB/+RqDjYduWLDifWXLyBS81WmodPftsb9OqzZ092y1m73VuVTLu6hV9QsQ5D7Ksu3Gwqcy65zq7K/WOPj5+Rde79Jj249Vt91mRb/MPZ6tyZnWMvE6Zk4mFj47s7FyvsOOMWvbTcWUtybDiYvqN/TYmHXdX9isza/0+H9m+2JKdL9jdR/8AL3P/AMzB/wDkal+xuo/+Xuf/AJmD/wDI1DxOq9Ut6Li52NTV1i3IcTuxj9mYajvdXdsy32uY/wBtddtPqv8A0qudMy+pZPq/b8A4Gzb6c2st3zO7+Z+hs/lJKafThXZnvqq+sVvULcUkZGHOE4ggmssyGYuHVk1bX/8ACV+9bS5oYzcT614WO7GqZhspsHS68SWuq2srblX59LWMb6DtzcXH22ejXZ6P6L176vsvSpKf/9H1VJfKqSSn6qSXyqkkp+l/+xv7Jm/0L7J67v2h/Nel9olnq/bf8H9q3+l6nr/pf5tMP+bH7cdt+w/t6PdHpfbI2D6X/ar+jf8AgH/Br5pSSU/SvQv+a0X/APN77BHt+0/YPR/lel6/2X/rnp+p/LWqvlVJJT9VKp1D9lfq37S+z/0hn2P7Rs/pOv2f7N63/av6fo+l+mXzAkkp+oK/2b6uX6foetLft+3ZunY30/tce7+jbNnrf4D/AINUcv8A5ofsjH+2/s79j7h9k9b0fsu6H7Ps/qfq+/Z6u30/+EXzakkp+p6vS9Jno7fS2j09kbdse3Zt9u3apr5VSSU/SnQv+av6f/m79g/M+0/YPR/l+j6/2X/rvp+p/wAItZfKqSSn/9n/7Q7+UGhvdG9zaG9wIDMuMAA4QklNBCUAAAAAABAAAAAAAAAAAAAAAAAAAAAAOEJJTQPtAAAAAAAQAEgAAAABAAIASAAAAAEAAjhCSU0EJgAAAAAADgAAAAAAAAAAAAA/gAAAOEJJTQQNAAAAAAAEAAAAHjhCSU0EGQAAAAAABAAAAB44QklNA/MAAAAAAAkAAAAAAAAAAAEAOEJJTQQKAAAAAAABAAA4QklNJxAAAAAAAAoAAQAAAAAAAAACOEJJTQP1AAAAAABIAC9mZgABAGxmZgAGAAAAAAABAC9mZgABAKGZmgAGAAAAAAABADIAAAABAFoAAAAGAAAAAAABADUAAAABAC0AAAAGAAAAAAABOEJJTQP4AAAAAABwAAD/////////////////////////////A+gAAAAA/////////////////////////////wPoAAAAAP////////////////////////////8D6AAAAAD/////////////////////////////A+gAADhCSU0ECAAAAAAAEAAAAAEAAAJAAAACQAAAAAA4QklNBB4AAAAAAAQAAAAAOEJJTQQaAAAAAANLAAAABgAAAAAAAAAAAAAALQAAAJIAAAALAHQAZQBzAHQAXwAxAF8AMAAyAF8AMwAAAAEAAAAAAAAAAAAAAAAAAAAAAAAAAQAAAAAAAAAAAAAAkgAAAC0AAAAAAAAAAAAAAAAAAAAAAQAAAAAAAAAAAAAAAAAAAAAAAAAQAAAAAQAAAAAAAG51bGwAAAACAAAABmJvdW5kc09iamMAAAABAAAAAAAAUmN0MQAAAAQAAAAAVG9wIGxvbmcAAAAAAAAAAExlZnRsb25nAAAAAAAAAABCdG9tbG9uZwAAAC0AAAAAUmdodGxvbmcAAACSAAAABnNsaWNlc1ZsTHMAAAABT2JqYwAAAAEAAAAAAAVzbGljZQAAABIAAAAHc2xpY2VJRGxvbmcAAAAAAAAAB2dyb3VwSURsb25nAAAAAAAAAAZvcmlnaW5lbnVtAAAADEVTbGljZU9yaWdpbgAAAA1hdXRvR2VuZXJhdGVkAAAAAFR5cGVlbnVtAAAACkVTbGljZVR5cGUAAAAASW1nIAAAAAZib3VuZHNPYmpjAAAAAQAAAAAAAFJjdDEAAAAEAAAAAFRvcCBsb25nAAAAAAAAAABMZWZ0bG9uZwAAAAAAAAAAQnRvbWxvbmcAAAAtAAAAAFJnaHRsb25nAAAAkgAAAAN1cmxURVhUAAAAAQAAAAAAAG51bGxURVhUAAAAAQAAAAAAAE1zZ2VURVhUAAAAAQAAAAAABmFsdFRhZ1RFWFQAAAABAAAAAAAOY2VsbFRleHRJc0hUTUxib29sAQAAAAhjZWxsVGV4dFRFWFQAAAABAAAAAAAJaG9yekFsaWduZW51bQAAAA9FU2xpY2VIb3J6QWxpZ24AAAAHZGVmYXVsdAAAAAl2ZXJ0QWxpZ25lbnVtAAAAD0VTbGljZVZlcnRBbGlnbgAAAAdkZWZhdWx0AAAAC2JnQ29sb3JUeXBlZW51bQAAABFFU2xpY2VCR0NvbG9yVHlwZQAAAABOb25lAAAACXRvcE91dHNldGxvbmcAAAAAAAAACmxlZnRPdXRzZXRsb25nAAAAAAAAAAxib3R0b21PdXRzZXRsb25nAAAAAAAAAAtyaWdodE91dHNldGxvbmcAAAAAADhCSU0EEQAAAAAAAQEAOEJJTQQUAAAAAAAEAAAAAThCSU0EDAAAAAAJTgAAAAEAAACAAAAAJwAAAYAAADqAAAAJMgAYAAH/2P/gABBKRklGAAECAQBIAEgAAP/tAAxBZG9iZV9DTQAC/+4ADkFkb2JlAGSAAAAAAf/bAIQADAgICAkIDAkJDBELCgsRFQ8MDA8VGBMTFRMTGBEMDAwMDAwRDAwMDAwMDAwMDAwMDAwMDAwMDAwMDAwMDAwMDAENCwsNDg0QDg4QFA4ODhQUDg4ODhQRDAwMDAwREQwMDAwMDBEMDAwMDAwMDAwMDAwMDAwMDAwMDAwMDAwMDAwM/8AAEQgAJwCAAwEiAAIRAQMRAf/dAAQACP/EAT8AAAEFAQEBAQEBAAAAAAAAAAMAAQIEBQYHCAkKCwEAAQUBAQEBAQEAAAAAAAAAAQACAwQFBgcICQoLEAABBAEDAgQCBQcGCAUDDDMBAAIRAwQhEjEFQVFhEyJxgTIGFJGhsUIjJBVSwWIzNHKC0UMHJZJT8OHxY3M1FqKygyZEk1RkRcKjdDYX0lXiZfKzhMPTdePzRieUpIW0lcTU5PSltcXV5fVWZnaGlqa2xtbm9jdHV2d3h5ent8fX5/cRAAICAQIEBAMEBQYHBwYFNQEAAhEDITESBEFRYXEiEwUygZEUobFCI8FS0fAzJGLhcoKSQ1MVY3M08SUGFqKygwcmNcLSRJNUoxdkRVU2dGXi8rOEw9N14/NGlKSFtJXE1OT0pbXF1eX1VmZ2hpamtsbW5vYnN0dXZ3eHl6e3x//aAAwDAQACEQMRAD8A9VSWH1T6w5OD1DIw2Y1TxTiMyq7LLns3ufcMVuKKqcXKs9Wz/Aej69uRf6ONXT+mUOifWPM6tZiNbh0tZdjMy8tzMh1hx23NFuDS5pxaW3ZGSx299W/9Xr/Sf4TF+0pTvpJJJKUkkkkpzvrB1DL6Z0bL6hiU15FmJVZcWWvNbdtbHWvdLK7XPd7P5v2ep/palYz86rp/TsnqFwc6nEpfkWNYAXFtbTa8MDi1u/a399A6/h5PUOh5+BibPXzMezHYbXFjB6rTTve5jLnexr9/82jB/UhWIop3CjdHrOj7RH8xu+zf0b/u3s9X/ukkpo9K6rnuzrOl9VbR9sbQzLbZiF3omqxzqth9b9J6ldtb/wBJ9DIr/S/of5iu9g9T6b1Fjn9Py6cxjDte6ixtoaTrtcanP2rBr+ql+NgZxx68U5Wf6dbsT3MxmYvqB+V05mQ5mRk+nZj2ZOOy1tNVFf6L7J0/A/m1d6d0Kx3SbcLrThkOveC8ssebPTYWuoqt6g0YmTlvrcz+f9LH/wBBs/wlqU6OB1GjPGQaWvb9lvsxrN4Al9Zh7mQXfo9faso9Z6ld184FLa8XErsFc5dGQ12RtZ61zsDKIpwnOb+kbXT+ntf9lyMr+jKPQPqli9Lyb8uxs3nKvuxnNvueBXaNjfVrtf6b7tn09zLP+MVvMw+p9SyGY+VXRR0+jIqyW21XPsusOPY3Jx63UPx6KcffdXW+5/r5f6NnoV/z32rHSnWSSSSUpJJJJT//0Ot6x0LquXn9UzqDDxhhvTCHhrzktryG1a/RroouuZfVv/7WfrH/AGnx/S1+g9Lb0vpteMQwXu9+Qa/oeoQB6dO4B/2XGY1mJhNs/SVYWPjUf4NaKSSnnOs/VP8AafUH5sYEva1s5GLbdZDR+dbV1DEY7/thamP0yyjpFXTqb/sjqWNY27EY1gaGnimnN/aDGN2+z9L66vqp1Y3jpWacff64x7fS9OS/fsd6fp7Pf6m76G1JTQp6fk5BsFH1jzLTS81WhgwHbLAA51Vm3p3ssa1zfY5Dysc4dlVWZ9Z8nHsyDtoZb+z2OscC1u2ptnT2+o7dZX9D99Vfq+3Hbl9GODt9N/R3OyzTG0kvw3YT8nZ9J73u6r9mfb/5sPT/AO1CJ1/Ff07LPX6b3XX22YmL+z7W1OqsaLTVXVQRT9rryGOzMjJrs9ez9J9OuyhnpMSm3f0vqFNNlx651F4raXltdWE952jdtrrZ03c9/wC6xqr9Mx+oZ9du7q/UsXIx7PRyMa1nTy6t+1l7GufRgXUP3499F36K2z+c/wBL6jFHB6v1PqXU7MZt9eNiX1OuxC2qbX47mtbj9Qwcx9t2Pf7rsey6jJ6dV9nfd6P6x/O3afROjM6NiOxWZORlh9htNmS5rnguDQ/+arpb+kez17XbPUuybr8i6yy656SkP7G6j/5e5/8AmYP/AMjULIwb8b0/tP1jy6fWsbTV6gwGb7H/AM3TXv6cN9tn5lbVKjqv1hstqZd0N1Nb3tbZZ9ppdsaSA+za33P9Nvv2tVLqtONb9YcwdRax2I3pBdV9oj0h+ku/aD6/V/R/zf2L7Y9v0GfZfW/wSSnQ/Y3Uf/L3P/zMH/5GoONh25YsOJ9ZcvIFLzVaah09+2xv06rNnT3bLWbvdW5VMu7qFX1CxDkPsqy7cbCpzLrnOrsr9Y4+Pn5F17v0mPbj1W33WZFv8w9nq3JmdYy8TpmTiYWPjuzsXK+w44xa9tNxZS3JsOJi+o39NiYdd1f2KzNr/T4f2b7Ykp0v2N1H/wAvc/8AzMH/AORqX7G6j/5e5/8AmYP/AMjUPE6r1S3ouLnY1NXWLchxO7GP2ZhqO91d2zLfa5j/AG1120+q/wDSq50zL6lk+r9vwDgbNvpzay3fM7v5n6Gz+Ukpp9OFdme+qr6xW9QtxSRkYc4TiCCayzIZi4dWTVtf/wAJX71tLmhjNxPrXhY7sapmGymwdLrxJa6raytuVfn0tYxvoO3NxcfbZ6Ndno/ovXvq+y9Kkp//0fVUl8qpJKfqpJfKqSSn6X/7G/smb/Qvsnru/aH816X2iWer9t/wf2rf6Xqev+l/m0w/5sftx237D+3o90el9sjYPpf9qv6N/wCAf8GvmlJJT9K9C/5rRf8A83vsEe37T9g9H+V6Xr/Zf+uen6n8taq+VUklP1UqnUP2V+rftL7P/SGfY/tGz+k6/Z/s3rf9q/p+j6X6ZfMCSSn6gr/Zvq5fp+h60t+37dm6djfT+1x7v6Ns2et/gP8Ag1Ry/wDmh+yMf7b+zv2PuH2T1vR+y7ofs+z+p+r79nq7fT/4RfNqSSn6nq9L0mejt9LaPT2Rt2x7dm327dqmvlVJJT9KdC/5q/p/+bv2D8z7T9g9H+X6Pr/Zf+u+n6n/AAi1l8qpJKf/2ThCSU0EIQAAAAAAVQAAAAEBAAAADwBBAGQAbwBiAGUAIABQAGgAbwB0AG8AcwBoAG8AcAAAABMAQQBkAG8AYgBlACAAUABoAG8AdABvAHMAaABvAHAAIAA3AC4AMAAAAAEAOEJJTQQGAAAAAAAHAAEAAAABAQD/4RJIaHR0cDovL25zLmFkb2JlLmNvbS94YXAvMS4wLwA8P3hwYWNrZXQgYmVnaW49J++7vycgaWQ9J1c1TTBNcENlaGlIenJlU3pOVGN6a2M5ZCc/Pgo8P2Fkb2JlLXhhcC1maWx0ZXJzIGVzYz0iQ1IiPz4KPHg6eGFwbWV0YSB4bWxuczp4PSdhZG9iZTpuczptZXRhLycgeDp4YXB0az0nWE1QIHRvb2xraXQgMi44LjItMzMsIGZyYW1ld29yayAxLjUnPgo8cmRmOlJERiB4bWxuczpyZGY9J2h0dHA6Ly93d3cudzMub3JnLzE5OTkvMDIvMjItcmRmLXN5bnRheC1ucyMnIHhtbG5zOmlYPSdodHRwOi8vbnMuYWRvYmUuY29tL2lYLzEuMC8nPgoKIDxyZGY6RGVzY3JpcHRpb24gYWJvdXQ9J3V1aWQ6YTMzZjg5ODAtYTVjOS0xMWQ5LWI0YjAtOTliMDY3MGMxYWRmJwogIHhtbG5zOnhhcE1NPSdodHRwOi8vbnMuYWRvYmUuY29tL3hhcC8xLjAvbW0vJz4KICA8eGFwTU06RG9jdW1lbnRJRD5hZG9iZTpkb2NpZDpwaG90b3Nob3A6ZTAyMmJiZGYtYTVjMy0xMWQ5LWI0YjAtOTliMDY3MGMxYWRmPC94YXBNTTpEb2N1bWVudElEPgogPC9yZGY6RGVzY3JpcHRpb24+Cgo8L3JkZjpSREY+CjwveDp4YXBtZXRhPgogICAgICAgICAgICAgICAgICAgICAgICAgICAgICAgICAgICAgICAgICAgICAgICAgICAgICAgICAgICAgICAgICAgICAgICAgICAgICAgICAgICAgICAgICAgICAgICAgICAgCiAgICAgICAgICAgICAgICAgICAgICAgICAgICAgICAgICAgICAgICAgICAgICAgICAgICAgICAgICAgICAgICAgICAgICAgICAgICAgICAgICAgICAgICAgICAgICAgICAgICAKICAgICAgICAgICAgICAgICAgICAgICAgICAgICAgICAgICAgICAgICAgICAgICAgICAgICAgICAgICAgICAgICAgICAgICAgICAgICAgICAgICAgICAgICAgICAgICAgICAgIAogICAgICAgICAgICAgICAgICAgICAgICAgICAgICAgICAgICAgICAgICAgICAgICAgICAgICAgICAgICAgICAgICAgICAgICAgICAgICAgICAgICAgICAgICAgICAgICAgICAgCiAgICAgICAgICAgICAgICAgICAgICAgICAgICAgICAgICAgICAgICAgICAgICAgICAgICAgICAgICAgICAgICAgICAgICAgICAgICAgICAgICAgICAgICAgICAgICAgICAgICAKICAgICAgICAgICAgICAgICAgICAgICAgICAgICAgICAgICAgICAgICAgICAgICAgICAgICAgICAgICAgICAgICAgICAgICAgICAgICAgICAgICAgICAgICAgICAgICAgICAgIAogICAgICAgICAgICAgICAgICAgICAgICAgICAgICAgICAgICAgICAgICAgICAgICAgICAgICAgICAgICAgICAgICAgICAgICAgICAgICAgICAgICAgICAgICAgICAgICAgICAgCiAgICAgICAgICAgICAgICAgICAgICAgICAgICAgICAgICAgICAgICAgICAgICAgICAgICAgICAgICAgICAgICAgICAgICAgICAgICAgICAgICAgICAgICAgICAgICAgICAgICAKICAgICAgICAgICAgICAgICAgICAgICAgICAgICAgICAgICAgICAgICAgICAgICAgICAgICAgICAgICAgICAgICAgICAgICAgICAgICAgICAgICAgICAgICAgICAgICAgICAgIAogICAgICAgICAgICAgICAgICAgICAgICAgICAgICAgICAgICAgICAgICAgICAgICAgICAgICAgICAgICAgICAgICAgICAgICAgICAgICAgICAgICAgICAgICAgICAgICAgICAgCiAgICAgICAgICAgICAgICAgICAgICAgICAgICAgICAgICAgICAgICAgICAgICAgICAgICAgICAgICAgICAgICAgICAgICAgICAgICAgICAgICAgICAgICAgICAgICAgICAgICAKICAgICAgICAgICAgICAgICAgICAgICAgICAgICAgICAgICAgICAgICAgICAgICAgICAgICAgICAgICAgICAgICAgICAgICAgICAgICAgICAgICAgICAgICAgICAgICAgICAgIAogICAgICAgICAgICAgICAgICAgICAgICAgICAgICAgICAgICAgICAgICAgICAgICAgICAgICAgICAgICAgICAgICAgICAgICAgICAgICAgICAgICAgICAgICAgICAgICAgICAgCiAgICAgICAgICAgICAgICAgICAgICAgICAgICAgICAgICAgICAgICAgICAgICAgICAgICAgICAgICAgICAgICAgICAgICAgICAgICAgICAgICAgICAgICAgICAgICAgICAgICAKICAgICAgICAgICAgICAgICAgICAgICAgICAgICAgICAgICAgICAgICAgICAgICAgICAgICAgICAgICAgICAgICAgICAgICAgICAgICAgICAgICAgICAgICAgICAgICAgICAgIAogICAgICAgICAgICAgICAgICAgICAgICAgICAgICAgICAgICAgICAgICAgICAgICAgICAgICAgICAgICAgICAgICAgICAgICAgICAgICAgICAgICAgICAgICAgICAgICAgICAgCiAgICAgICAgICAgICAgICAgICAgICAgICAgICAgICAgICAgICAgICAgICAgICAgICAgICAgICAgICAgICAgICAgICAgICAgICAgICAgICAgICAgICAgICAgICAgICAgICAgICAKICAgICAgICAgICAgICAgICAgICAgICAgICAgICAgICAgICAgICAgICAgICAgICAgICAgICAgICAgICAgICAgICAgICAgICAgICAgICAgICAgICAgICAgICAgICAgICAgICAgIAogICAgICAgICAgICAgICAgICAgICAgICAgICAgICAgICAgICAgICAgICAgICAgICAgICAgICAgICAgICAgICAgICAgICAgICAgICAgICAgICAgICAgICAgICAgICAgICAgICAgCiAgICAgICAgICAgICAgICAgICAgICAgICAgICAgICAgICAgICAgICAgICAgICAgICAgICAgICAgICAgICAgICAgICAgICAgICAgICAgICAgICAgICAgICAgICAgICAgICAgICAKICAgICAgICAgICAgICAgICAgICAgICAgICAgICAgICAgICAgICAgICAgICAgICAgICAgICAgICAgICAgICAgICAgICAgICAgICAgICAgICAgICAgICAgICAgICAgICAgICAgIAogICAgICAgICAgICAgICAgICAgICAgICAgICAgICAgICAgICAgICAgICAgICAgICAgICAgICAgICAgICAgICAgICAgICAgICAgICAgICAgICAgICAgICAgICAgICAgICAgICAgCiAgICAgICAgICAgICAgICAgICAgICAgICAgICAgICAgICAgICAgICAgICAgICAgICAgICAgICAgICAgICAgICAgICAgICAgICAgICAgICAgICAgICAgICAgICAgICAgICAgICAKICAgICAgICAgICAgICAgICAgICAgICAgICAgICAgICAgICAgICAgICAgICAgICAgICAgICAgICAgICAgICAgICAgICAgICAgICAgICAgICAgICAgICAgICAgICAgICAgICAgIAogICAgICAgICAgICAgICAgICAgICAgICAgICAgICAgICAgICAgICAgICAgICAgICAgICAgICAgICAgICAgICAgICAgICAgICAgICAgICAgICAgICAgICAgICAgICAgICAgICAgCiAgICAgICAgICAgICAgICAgICAgICAgICAgICAgICAgICAgICAgICAgICAgICAgICAgICAgICAgICAgICAgICAgICAgICAgICAgICAgICAgICAgICAgICAgICAgICAgICAgICAKICAgICAgICAgICAgICAgICAgICAgICAgICAgICAgICAgICAgICAgICAgICAgICAgICAgICAgICAgICAgICAgICAgICAgICAgICAgICAgICAgICAgICAgICAgICAgICAgICAgIAogICAgICAgICAgICAgICAgICAgICAgICAgICAgICAgICAgICAgICAgICAgICAgICAgICAgICAgICAgICAgICAgICAgICAgICAgICAgICAgICAgICAgICAgICAgICAgICAgICAgCiAgICAgICAgICAgICAgICAgICAgICAgICAgICAgICAgICAgICAgICAgICAgICAgICAgICAgICAgICAgICAgICAgICAgICAgICAgICAgICAgICAgICAgICAgICAgICAgICAgICAKICAgICAgICAgICAgICAgICAgICAgICAgICAgICAgICAgICAgICAgICAgICAgICAgICAgICAgICAgICAgICAgICAgICAgICAgICAgICAgICAgICAgICAgICAgICAgICAgICAgIAogICAgICAgICAgICAgICAgICAgICAgICAgICAgICAgICAgICAgICAgICAgICAgICAgICAgICAgICAgICAgICAgICAgICAgICAgICAgICAgICAgICAgICAgICAgICAgICAgICAgCiAgICAgICAgICAgICAgICAgICAgICAgICAgICAgICAgICAgICAgICAgICAgICAgICAgICAgICAgICAgICAgICAgICAgICAgICAgICAgICAgICAgICAgICAgICAgICAgICAgICAKICAgICAgICAgICAgICAgICAgICAgICAgICAgICAgICAgICAgICAgICAgICAgICAgICAgICAgICAgICAgICAgICAgICAgICAgICAgICAgICAgICAgICAgICAgICAgICAgICAgIAogICAgICAgICAgICAgICAgICAgICAgICAgICAgICAgICAgICAgICAgICAgICAgICAgICAgICAgICAgICAgICAgICAgICAgICAgICAgICAgICAgICAgICAgICAgICAgICAgICAgCiAgICAgICAgICAgICAgICAgICAgICAgICAgICAgICAgICAgICAgICAgICAgICAgICAgICAgICAgICAgICAgICAgICAgICAgICAgICAgICAgICAgICAgICAgICAgICAgICAgICAKICAgICAgICAgICAgICAgICAgICAgICAgICAgICAgICAgICAgICAgICAgICAgICAgICAgICAgICAgICAgICAgICAgICAgICAgICAgICAgICAgICAgICAgICAgICAgICAgICAgIAogICAgICAgICAgICAgICAgICAgICAgICAgICAgICAgICAgICAgICAgICAgICAgICAgICAgICAgICAgICAgICAgICAgICAgICAgICAgICAgICAgICAgICAgICAgICAgICAgICAgCiAgICAgICAgICAgICAgICAgICAgICAgICAgICAgICAgICAgICAgICAgICAgICAgICAgICAgICAgICAgICAgICAgICAgICAgICAgICAgICAgICAgICAgICAgICAgICAgICAgICAKICAgICAgICAgICAgICAgICAgICAgICAgICAgICAgICAgICAgICAgICAgICAgICAgICAgICAgICAgICAgICAgICAgICAgICAgICAgICAgICAgICAgICAgICAgICAgICAgICAgIAogICAgICAgICAgICAgICAgICAgICAgICAgICAgICAgICAgICAgICAgICAgICAgICAgICAgICAgICAgICAgICAgICAgICAgICAgICAgICAgICAgICAgICAgICAgICAgICAgICAgCiAgICAgICAgICAgICAgICAgICAgICAgICAgICAgICAgICAgICAgICAgICAgICAgICAgICAgICAKPD94cGFja2V0IGVuZD0ndyc/Pv/uAA5BZG9iZQBkgAAAAAH/2wCEAAwICAgJCAwJCQwRCwoLERUPDAwPFRgTExUTExgRDAwMDAwMEQwMDAwMDAwMDAwMDAwMDAwMDAwMDAwMDAwMDAwBDQsLDQ4NEA4OEBQODg4UFA4ODg4UEQwMDAwMEREMDAwMDAwRDAwMDAwMDAwMDAwMDAwMDAwMDAwMDAwMDAwMDP/AABEIAC0AkgMBIgACEQEDEQH/3QAEAAr/xAE/AAABBQEBAQEBAQAAAAAAAAADAAECBAUGBwgJCgsBAAEFAQEBAQEBAAAAAAAAAAEAAgMEBQYHCAkKCxAAAQQBAwIEAgUHBggFAwwzAQACEQMEIRIxBUFRYRMicYEyBhSRobFCIyQVUsFiMzRygtFDByWSU/Dh8WNzNRaisoMmRJNUZEXCo3Q2F9JV4mXys4TD03Xj80YnlKSFtJXE1OT0pbXF1eX1VmZ2hpamtsbW5vY3R1dnd4eXp7fH1+f3EQACAgECBAQDBAUGBwcGBTUBAAIRAyExEgRBUWFxIhMFMoGRFKGxQiPBUtHwMyRi4XKCkkNTFWNzNPElBhaisoMHJjXC0kSTVKMXZEVVNnRl4vKzhMPTdePzRpSkhbSVxNTk9KW1xdXl9VZmdoaWprbG1ub2JzdHV2d3h5ent8f/2gAMAwEAAhEDEQA/APVUlSyusYOLmMwbfWORZS/IYyui60Gur+ec2yiqyvez2N9Lf6u+2ivZvyKPUqD619GOM7LByfQZc3HLjh5Y/Sue/HbU1n2be9/2iv7O/Z/N5Hp0WfpraklOwkkkkpSSSSSlLP671SzpHS8jqNeJZm/Z632OrrcxkNYx9rrLH3vZ+i9nv9Ft9/8Ao8e1aCyvrWHu+rPVa667LrLsS6quupjrHufYx1NTW1UtfZ/OPb+b7P5yz9Gkp1Vj9O69blOx35GM2jE6k5w6Xeyw2G1obZkUuyKTVS7EflYVP2yhn6f2epTlWY2T6VN+lXk12+ltFg9es2s3VvZDRs0t9RjfQt/St/QX+nf/ADn6P9DdswOn9M+09WxcvHbl0dJ6d6lmHRkD0WCyxhxRXiYT2szGYtdd2ZvZ1Kqv7N+p19G9Ppvr1WJT0qDdlUUWUVWu2vyrDVQIJ3PDLMkt9o9v6HHuf71zH1exqc3qjOpX9Oc3I2uy3ZWTj20ZWNfaNjun25uSyj9r47a8rKx8X0KWUYONg41Vvqv+y3K31jo/UrepdMtq6nm+n9tseQyvFLcdpxc7a9jvsLnbNzmYn62+/wDn/wDuR6VqSnX6r1PF6T07J6lmO24+LWbH6gEx9Guv1HMY621/6Klm/wDSWoXR8/K6hQcm1uJ9nf8AzF2FknKY+C5lv6R2NiMb6b27fZ6v/W9iLv8A2bg78q6/M9L6dvperc7c72/q/TaGb9m/b+hxv5v32fn2Kr0oPv6jm9SrrspwsquhlbLWOpe+6r125GW7FubXbX6lVmJiepkV15Fv2H6H2WvEttSnVSSSSUpJJJJSkkkklP8A/9Dres225n1nZ0nFe6nLHTnfpWEtc3Hy76q8/KrtG30MjCr6ayvD2+v6ub1DGf6X2bFybEL6jVVZ/TsbqdbG1YFTsh/TsZgAY12VYcnKfs9u1/T7LcjouJspo/Q05t/9G6lVVR1QqqFrrgxote1rH2ADcWsL3Vsc/wCk5lbrbdn/ABliVVVVFTKaWNqqqaGV1sAa1rWjaxjGN9rWNakppday8nExWWY1npPNgaXfZL87SHGPs3T31XM+j/Pud6X+D/wiq9F6ln5eU+vJv9VgrLg39mZmDrLRP2nqF1tL/pfzDW+r/hP8GtpJJTn5XUs2i91VXScvKY2IvqdihjpAd7Rk5uPd7foe+lC/bPUf/KLP/wA/B/8Akii9QzMpuVR03BNdeXk123C+5psrZXQaWW/oa7KLLrX2ZdFddfrUf4W/1f0P2fJL0zO+34gyCz0ntstptZO4CyiyzEv9OyGepV61Fno2Orq9Sr/BVfzaSmr+2eo/+UWf/n4P/wAkUv2z1H/yiz/8/B/+SKr9J6xndSz3hz24lDXWluBkYeRTkPqY51FeTVl5VuPXayz9XybfSwH/AGT7TTiX/pv0yuv6t0bJ+1YVeZXfdRXZ9px8W0vyWNZ+ju21YbjmstY47P0P6f1v5v8ASpKRftnqP/lFn/5+D/8AJFL9s9R/8os//Pwf/kiq/wBUS12JlvqxLunY78kux8G2l2OKWejj/o6KXtr9j7PUuyPSq9H7fbmMq+1M/XcndSU5X7Z6j/5RZ/8An4P/AMkUv2z1H/yiz/8APwf/AJIq11PO+wYhyAz1XusqpqZO0Gy+yvEo9SyH+nV619frWNrt9Or/AAVv82hdPzMp2Vf03ONdmXjV1XG+lprrfXebmVfobLL7KbWWYl9dlfrX/wCCv9X9N9nxkpF+2eo/+UWf/n4P/wAkUv2z1H/yiz/8/B/+SKhm9Wts6oOkYGTjY2UG7nWZLTbvdBs+x42NVfiPtyKaNuXl/pv1XHuwv0F3231ce7ndW6X03Z+0cyjD9WfT+0Wsq3bY37PVczfs3t3JKav7Z6j/AOUWf/n4P/yRS/bPUf8Ayiz/APPwf/kitVJJTmVdWz7LWVv6Nm1Ne4Nda9+GWtBMeo/0s+yzYz/g67HrTWPRl9aZ1SnFyX414uabL8fHrsa7FrIearrcy257Mpjr6/sdTfseFbl/psumtleFlUrYSUpJJJJT/9H1VJJJJSkkkklOZ1GjJrz8bquPS7LONTfjvxayxtjm5Dsa31aX5D6aHPpfhM3VW20/orbLfW9SlmPkT6Ri34OO3GubufdZk5VtjCDXW++9+Z9m3PNd1u37U9lV32f9L9n9S37N6ldK0EklPP8AUHda6g2vJxenWYmR0z1srGry30u9e84+Th42M1uHlXMbVvyt9912Rj7NlVdfqetbdim+r2HkUbm241mPiY1baOnV5foOyaq/8NjV3YL7q/2f6dOD6HrX251l1N32uyz9WW0kkpSzLfq/gXWvtfbmh1ji5wZn5jGy47vZVVlMrrZ/wdbNjFppJKc/qXTX5HTGYmM7349mPdT6z3O3HFtpy66rsh/rXfp/s/pWZLvXt9/r7L/oIWFXlnNyer3YtlLsqvGxWYZdW61rKbMhzsm99drsZvuz7H+jTff+rY/qfpMm/wCx06qSSnnc/ouSbuq1Y+O1zuuOreOogsa7FdVVVjVPtDiMix+G+j7f0z7Nv/XbPTs/Z39OtWVjdVv63fGE70LnVY77nGh+JkYIa191WfTbbbnfaKbMrqrMX7Lj0VW22432318VdEkkppZvSMTOtFt1mSxzW7QKMrJx2wCXa1Yl9Fbn+7+c2b0XCwacGo1Uuue1ztxN91uQ6SA3S3Lsvsaz2/ze/YrCSSnCow35nWKepN6Y7pNtLi7Kybfs/rZLTU/Gqw3PwLsp1mOxzq8mz7Td+jsxMP0qLv53E3UkklKSSSSU/wD/2Q=='),
(8, 2, 0, '&amp;nbsp;', 'data:image/jpeg;base64,/9j/4AAQSkZJRgABAgEASABIAAD/4Qm6RXhpZgAATU0AKgAAAAgABwESAAMAAAABAAEAAAEaAAUAAAABAAAAYgEbAAUAAAABAAAAagEoAAMAAAABAAIAAAExAAIAAAAUAAAAcgEyAAIAAAAUAAAAhodpAAQAAAABAAAAnAAAAMgAAABIAAAAAQAAAEgAAAABQWRvYmUgUGhvdG9zaG9wIDcuMAAyMDA1OjA0OjA1IDE0OjU1OjM0AAAAAAOgAQADAAAAAf//AACgAgAEAAAAAQAAAJKgAwAEAAAAAQAAAC0AAAAAAAAABgEDAAMAAAABAAYAAAEaAAUAAAABAAABFgEbAAUAAAABAAABHgEoAAMAAAABAAIAAAIBAAQAAAABAAABJgICAAQAAAABAAAIjAAAAAAAAABIAAAAAQAAAEgAAAAB/9j/4AAQSkZJRgABAgEASABIAAD/7QAMQWRvYmVfQ00AAv/uAA5BZG9iZQBkgAAAAAH/2wCEAAwICAgJCAwJCQwRCwoLERUPDAwPFRgTExUTExgRDAwMDAwMEQwMDAwMDAwMDAwMDAwMDAwMDAwMDAwMDAwMDAwBDQsLDQ4NEA4OEBQODg4UFA4ODg4UEQwMDAwMEREMDAwMDAwRDAwMDAwMDAwMDAwMDAwMDAwMDAwMDAwMDAwMDP/AABEIACcAgAMBIgACEQEDEQH/3QAEAAj/xAE/AAABBQEBAQEBAQAAAAAAAAADAAECBAUGBwgJCgsBAAEFAQEBAQEBAAAAAAAAAAEAAgMEBQYHCAkKCxAAAQQBAwIEAgUHBggFAwwzAQACEQMEIRIxBUFRYRMicYEyBhSRobFCIyQVUsFiMzRygtFDByWSU/Dh8WNzNRaisoMmRJNUZEXCo3Q2F9JV4mXys4TD03Xj80YnlKSFtJXE1OT0pbXF1eX1VmZ2hpamtsbW5vY3R1dnd4eXp7fH1+f3EQACAgECBAQDBAUGBwcGBTUBAAIRAyExEgRBUWFxIhMFMoGRFKGxQiPBUtHwMyRi4XKCkkNTFWNzNPElBhaisoMHJjXC0kSTVKMXZEVVNnRl4vKzhMPTdePzRpSkhbSVxNTk9KW1xdXl9VZmdoaWprbG1ub2JzdHV2d3h5ent8f/2gAMAwEAAhEDEQA/APVUlh9U+sOTg9QyMNmNU8U4jMquyy57N7n3DFbiiqnFyrPVs/wHo+vbkX+jjV0/plDon1jzOrWYjW4dLWXYzMvLczIdYcdtzRbg0uacWlt2RksdvfVv/V6/0n+ExftKU76SSSSlJJJJKUoXOtbTY6hjbLg0mtjnbGucB7GPsDbPTa535/p2KaSSnP6F1DJ6l04ZWVU2i8XZFNlVbi9rTRfdie20tZ6n8x9PYxUen9ey8jKrfdXWOn52VfhYOzcLm2YwyDa/L3n0nV3uwMzZ6P8AMbMb+f8AtVv2Kx0LE6pg4IoyqqBY/LybrPTue8NryLb81uxz8an1ba7b20ensqZs/T+r/wBp0GroDn9at6xcyii5u8Y7Ktz5eW+g3OyLLBW37Q7G/QuqooZ+j/pGTm+li/Zkp0qeqdMvy7MGjLotzKQTbjMsY61gBDXGylrvUZtc9v0mq0sD6sdF6j07e/PGOwlo2U47nWMZY+H592NZbTjPxMfOuZVb+zq2WUU21eoy39It9JSkkkklKSSSSU//0Ot6x0LquXn9UzqDDxhhvTCHhrzktryG1a/RroouuZfVv/7WfrH/AGnx/S1+g9Lb0vpteMQwXu9+Qa/oeoQB6dO4B/2XGY1mJhNs/SVYWPjUf4NaKSSnnOs/VP8AafUH5sYEva1s5GLbdZDR+dbV1DEY7/thamP0yyjpFXTqb/sjqWNY27EY1gaGnimnN/aDGN2+z9L66vqp1Y3jpWacff64x7fS9OS/fsd6fp7Pf6m76G1JTQp6fk5BsFH1jzLTS81WhgwHbLAA51Vm3p3ssa1zfY5Dysc4dlVWZ9Z8nHsyDtoZb+z2OscC1u2ptnT2+o7dZX9D99Vfq+3Hbl9GODt9N/R3OyzTG0kvw3YT8nZ9J73u6r9mfb/5sPT/AO1CJ1/Ff07LPX6b3XX22YmL+z7W1OqsaLTVXVQRT9rryGOzMjJrs9ez9J9OuyhnpMSm3f0vqFNNlx651F4raXltdWE952jdtrrZ03c9/wC6xqr9Mx+oZ9du7q/UsXIx7PRyMa1nTy6t+1l7GufRgXUP3499F36K2z+c/wBL6jFHB6v1PqXU7MZt9eNiX1OuxC2qbX47mtbj9Qwcx9t2Pf7rsey6jJ6dV9nfd6P6x/O3afROjM6NiOxWZORlh9htNmS5rnguDQ/+arpb+kez17XbPUuybr8i6yy656SkP7G6j/5e5/8AmYP/AMjULIwb8b0/tP1jy6fWsbTV6gwGb7H/AM3TXv6cN9tn5lbVKjqv1hstqZd0N1Nb3tbZZ9ppdsaSA+za33P9Nvv2tVLqtONb9YcwdRax2I3pBdV9oj0h+ku/aD6/V/R/zf2L7Y9v0GfZfW/wSSnQ/Y3Uf/L3P/zMH/5GoONh25YsOJ9ZcvIFLzVaah09+2xv06rNnT3bLWbvdW5VMu7qFX1CxDkPsqy7cbCpzLrnOrsr9Y4+Pn5F17v0mPbj1W33WZFv8w9nq3JmdYy8TpmTiYWPjuzsXK+w44xa9tNxZS3JsOJi+o39NiYdd1f2KzNr/T4f2b7Ykp0v2N1H/wAvc/8AzMH/AORqX7G6j/5e5/8AmYP/AMjUPE6r1S3ouLnY1NXWLchxO7GP2ZhqO91d2zLfa5j/AG1120+q/wDSq50zL6lk+r9vwDgbNvpzay3fM7v5n6Gz+Ukpp9OFdme+qr6xW9QtxSRkYc4TiCCayzIZi4dWTVtf/wAJX71tLmhjNxPrXhY7sapmGymwdLrxJa6raytuVfn0tYxvoO3NxcfbZ6Ndno/ovXvq+y9Kkp//0fVUl8qpJKfqpJfKqSSn6X/7G/smb/Qvsnru/aH816X2iWer9t/wf2rf6Xqev+l/m0w/5sftx237D+3o90el9sjYPpf9qv6N/wCAf8GvmlJJT9K9C/5rRf8A83vsEe37T9g9H+V6Xr/Zf+uen6n8taq+VUklP1UqnUP2V+rftL7P/SGfY/tGz+k6/Z/s3rf9q/p+j6X6ZfMCSSn6gr/Zvq5fp+h60t+37dm6djfT+1x7v6Ns2et/gP8Ag1Ry/wDmh+yMf7b+zv2PuH2T1vR+y7ofs+z+p+r79nq7fT/4RfNqSSn6nq9L0mejt9LaPT2Rt2x7dm327dqmvlVJJT9KdC/5q/p/+bv2D8z7T9g9H+X6Pr/Zf+u+n6n/AAi1l8qpJKf/2f/tDlhQaG90b3Nob3AgMy4wADhCSU0EJQAAAAAAEAAAAAAAAAAAAAAAAAAAAAA4QklNA+0AAAAAABAASAAAAAEAAgBIAAAAAQACOEJJTQQmAAAAAAAOAAAAAAAAAAAAAD+AAAA4QklNBA0AAAAAAAQAAAAeOEJJTQQZAAAAAAAEAAAAHjhCSU0D8wAAAAAACQAAAAAAAAAAAQA4QklNBAoAAAAAAAEAADhCSU0nEAAAAAAACgABAAAAAAAAAAI4QklNA/UAAAAAAEgAL2ZmAAEAbGZmAAYAAAAAAAEAL2ZmAAEAoZmaAAYAAAAAAAEAMgAAAAEAWgAAAAYAAAAAAAEANQAAAAEALQAAAAYAAAAAAAE4QklNA/gAAAAAAHAAAP////////////////////////////8D6AAAAAD/////////////////////////////A+gAAAAA/////////////////////////////wPoAAAAAP////////////////////////////8D6AAAOEJJTQQIAAAAAAAQAAAAAQAAAkAAAAJAAAAAADhCSU0EHgAAAAAABAAAAAA4QklNBBoAAAAAA0sAAAAGAAAAAAAAAAAAAAAtAAAAkgAAAAsAdABlAHMAdABfADEAXwAwADIAXwA0AAAAAQAAAAAAAAAAAAAAAAAAAAAAAAABAAAAAAAAAAAAAACSAAAALQAAAAAAAAAAAAAAAAAAAAABAAAAAAAAAAAAAAAAAAAAAAAAABAAAAABAAAAAAAAbnVsbAAAAAIAAAAGYm91bmRzT2JqYwAAAAEAAAAAAABSY3QxAAAABAAAAABUb3AgbG9uZwAAAAAAAAAATGVmdGxvbmcAAAAAAAAAAEJ0b21sb25nAAAALQAAAABSZ2h0bG9uZwAAAJIAAAAGc2xpY2VzVmxMcwAAAAFPYmpjAAAAAQAAAAAABXNsaWNlAAAAEgAAAAdzbGljZUlEbG9uZwAAAAAAAAAHZ3JvdXBJRGxvbmcAAAAAAAAABm9yaWdpbmVudW0AAAAMRVNsaWNlT3JpZ2luAAAADWF1dG9HZW5lcmF0ZWQAAAAAVHlwZWVudW0AAAAKRVNsaWNlVHlwZQAAAABJbWcgAAAABmJvdW5kc09iamMAAAABAAAAAAAAUmN0MQAAAAQAAAAAVG9wIGxvbmcAAAAAAAAAAExlZnRsb25nAAAAAAAAAABCdG9tbG9uZwAAAC0AAAAAUmdodGxvbmcAAACSAAAAA3VybFRFWFQAAAABAAAAAAAAbnVsbFRFWFQAAAABAAAAAAAATXNnZVRFWFQAAAABAAAAAAAGYWx0VGFnVEVYVAAAAAEAAAAAAA5jZWxsVGV4dElzSFRNTGJvb2wBAAAACGNlbGxUZXh0VEVYVAAAAAEAAAAAAAlob3J6QWxpZ25lbnVtAAAAD0VTbGljZUhvcnpBbGlnbgAAAAdkZWZhdWx0AAAACXZlcnRBbGlnbmVudW0AAAAPRVNsaWNlVmVydEFsaWduAAAAB2RlZmF1bHQAAAALYmdDb2xvclR5cGVlbnVtAAAAEUVTbGljZUJHQ29sb3JUeXBlAAAAAE5vbmUAAAAJdG9wT3V0c2V0bG9uZwAAAAAAAAAKbGVmdE91dHNldGxvbmcAAAAAAAAADGJvdHRvbU91dHNldGxvbmcAAAAAAAAAC3JpZ2h0T3V0c2V0bG9uZwAAAAAAOEJJTQQRAAAAAAABAQA4QklNBBQAAAAAAAQAAAABOEJJTQQMAAAAAAioAAAAAQAAAIAAAAAnAAABgAAAOoAAAAiMABgAAf/Y/+AAEEpGSUYAAQIBAEgASAAA/+0ADEFkb2JlX0NNAAL/7gAOQWRvYmUAZIAAAAAB/9sAhAAMCAgICQgMCQkMEQsKCxEVDwwMDxUYExMVExMYEQwMDAwMDBEMDAwMDAwMDAwMDAwMDAwMDAwMDAwMDAwMDAwMAQ0LCw0ODRAODhAUDg4OFBQODg4OFBEMDAwMDBERDAwMDAwMEQwMDAwMDAwMDAwMDAwMDAwMDAwMDAwMDAwMDAz/wAARCAAnAIADASIAAhEBAxEB/90ABAAI/8QBPwAAAQUBAQEBAQEAAAAAAAAAAwABAgQFBgcICQoLAQABBQEBAQEBAQAAAAAAAAABAAIDBAUGBwgJCgsQAAEEAQMCBAIFBwYIBQMMMwEAAhEDBCESMQVBUWETInGBMgYUkaGxQiMkFVLBYjM0coLRQwclklPw4fFjczUWorKDJkSTVGRFwqN0NhfSVeJl8rOEw9N14/NGJ5SkhbSVxNTk9KW1xdXl9VZmdoaWprbG1ub2N0dXZ3eHl6e3x9fn9xEAAgIBAgQEAwQFBgcHBgU1AQACEQMhMRIEQVFhcSITBTKBkRShsUIjwVLR8DMkYuFygpJDUxVjczTxJQYWorKDByY1wtJEk1SjF2RFVTZ0ZeLys4TD03Xj80aUpIW0lcTU5PSltcXV5fVWZnaGlqa2xtbm9ic3R1dnd4eXp7fH/9oADAMBAAIRAxEAPwD1VJYfVPrDk4PUMjDZjVPFOIzKrssueze59wxW4oqpxcqz1bP8B6Pr25F/o41dP6ZQ6J9Y8zq1mI1uHS1l2MzLy3MyHWHHbc0W4NLmnFpbdkZLHb31b/1ev9J/hMX7SlO+kkkkpSSSSSlKFzrW02OoY2y4NJrY52xrnAexj7A2z02ud+f6dimkkpz+hdQyepdOGVlVNovF2RTZVW4va00X3YnttLWep/MfT2MVHp/XsvIyq33V1jp+dlX4WDs3C5tmMMg2vy959J1d7sDM2ej/ADGzG/n/ALVb9isdCxOqYOCKMqqgWPy8m6z07nvDa8i2/Nbsc/Gp9W2u29tHp7KmbP0/q/8AadBq6A5/WresXMooubvGOyrc+XlvoNzsiywVt+0Oxv0LqqKGfo/6Rk5vpYv2ZKdKnqnTL8uzBoy6LcykE24zLGOtYAQ1xspa71GbXPb9JqtLA+rHReo9O3vzxjsJaNlOO51jGWPh+fdjWW04z8THzrmVW/s6tllFNtXqMt/SLfSUpJJJJSkkkklP/9DresdC6rl5/VM6gw8YYb0wh4a85La8htWv0a6KLrmX1b/+1n6x/wBp8f0tfoPS29L6bXjEMF7vfkGv6HqEAenTuAf9lxmNZiYTbP0lWFj41H+DWikkp5zrP1T/AGn1B+bGBL2tbORi23WQ0fnW1dQxGO/7YWpj9Mso6RV06m/7I6ljWNuxGNYGhp4ppzf2gxjdvs/S+ur6qdWN46VmnH3+uMe30vTkv37Hen6ez3+pu+htSU0Ken5OQbBR9Y8y00vNVoYMB2ywAOdVZt6d7LGtc32OQ8rHOHZVVmfWfJx7Mg7aGW/s9jrHAtbtqbZ09vqO3WV/Q/fVX6vtx25fRjg7fTf0dzss0xtJL8N2E/J2fSe97uq/Zn2/+bD0/wDtQidfxX9Oyz1+m9119tmJi/s+1tTqrGi01V1UEU/a68hjszIya7PXs/SfTrsoZ6TEpt39L6hTTZceudReK2l5bXVhPedo3ba62dN3Pf8Ausaq/TMfqGfXbu6v1LFyMez0cjGtZ08urftZexrn0YF1D9+PfRd+its/nP8AS+oxRwer9T6l1OzGbfXjYl9TrsQtqm1+O5rW4/UMHMfbdj3+67HsuoyenVfZ33ej+sfzt2n0TozOjYjsVmTkZYfYbTZkua54Lg0P/mq6W/pHs9e12z1Lsm6/IussuuekpD+xuo/+Xuf/AJmD/wDI1CyMG/G9P7T9Y8un1rG01eoMBm+x/wDN017+nDfbZ+ZW1So6r9YbLamXdDdTW97W2WfaaXbGkgPs2t9z/Tb79rVS6rTjW/WHMHUWsdiN6QXVfaI9IfpLv2g+v1f0f839i+2Pb9Bn2X1v8Ekp0P2N1H/y9z/8zB/+RqDjYduWLDifWXLyBS81WmodPftsb9OqzZ092y1m73VuVTLu6hV9QsQ5D7Ksu3Gwqcy65zq7K/WOPj5+Rde79Jj249Vt91mRb/MPZ6tyZnWMvE6Zk4mFj47s7FyvsOOMWvbTcWUtybDiYvqN/TYmHXdX9isza/0+H9m+2JKdL9jdR/8AL3P/AMzB/wDkal+xuo/+Xuf/AJmD/wDI1DxOq9Ut6Li52NTV1i3IcTuxj9mYajvdXdsy32uY/wBtddtPqv8A0qudMy+pZPq/b8A4Gzb6c2st3zO7+Z+hs/lJKafThXZnvqq+sVvULcUkZGHOE4ggmssyGYuHVk1bX/8ACV+9bS5oYzcT614WO7GqZhspsHS68SWuq2srblX59LWMb6DtzcXH22ejXZ6P6L176vsvSpKf/9H1VJfKqSSn6qSXyqkkp+l/+xv7Jm/0L7J67v2h/Nel9olnq/bf8H9q3+l6nr/pf5tMP+bH7cdt+w/t6PdHpfbI2D6X/ar+jf8AgH/Br5pSSU/SvQv+a0X/APN77BHt+0/YPR/lel6/2X/rnp+p/LWqvlVJJT9VKp1D9lfq37S+z/0hn2P7Rs/pOv2f7N63/av6fo+l+mXzAkkp+oK/2b6uX6foetLft+3ZunY30/tce7+jbNnrf4D/AINUcv8A5ofsjH+2/s79j7h9k9b0fsu6H7Ps/qfq+/Z6u30/+EXzakkp+p6vS9Jno7fS2j09kbdse3Zt9u3apr5VSSU/SnQv+av6f/m79g/M+0/YPR/l+j6/2X/rvp+p/wAItZfKqSSn/9k4QklNBCEAAAAAAFUAAAABAQAAAA8AQQBkAG8AYgBlACAAUABoAG8AdABvAHMAaABvAHAAAAATAEEAZABvAGIAZQAgAFAAaABvAHQAbwBzAGgAbwBwACAANwAuADAAAAABADhCSU0EBgAAAAAABwABAAAAAQEA/+ESSGh0dHA6Ly9ucy5hZG9iZS5jb20veGFwLzEuMC8APD94cGFja2V0IGJlZ2luPSfvu78nIGlkPSdXNU0wTXBDZWhpSHpyZVN6TlRjemtjOWQnPz4KPD9hZG9iZS14YXAtZmlsdGVycyBlc2M9IkNSIj8+Cjx4OnhhcG1ldGEgeG1sbnM6eD0nYWRvYmU6bnM6bWV0YS8nIHg6eGFwdGs9J1hNUCB0b29sa2l0IDIuOC4yLTMzLCBmcmFtZXdvcmsgMS41Jz4KPHJkZjpSREYgeG1sbnM6cmRmPSdodHRwOi8vd3d3LnczLm9yZy8xOTk5LzAyLzIyLXJkZi1zeW50YXgtbnMjJyB4bWxuczppWD0naHR0cDovL25zLmFkb2JlLmNvbS9pWC8xLjAvJz4KCiA8cmRmOkRlc2NyaXB0aW9uIGFib3V0PSd1dWlkOjg4MmNiNThiLWE1YzktMTFkOS1iNGIwLTk5YjA2NzBjMWFkZicKICB4bWxuczp4YXBNTT0naHR0cDovL25zLmFkb2JlLmNvbS94YXAvMS4wL21tLyc+CiAgPHhhcE1NOkRvY3VtZW50SUQ+YWRvYmU6ZG9jaWQ6cGhvdG9zaG9wOmUwMjJiYmUwLWE1YzMtMTFkOS1iNGIwLTk5YjA2NzBjMWFkZjwveGFwTU06RG9jdW1lbnRJRD4KIDwvcmRmOkRlc2NyaXB0aW9uPgoKPC9yZGY6UkRGPgo8L3g6eGFwbWV0YT4KICAgICAgICAgICAgICAgICAgICAgICAgICAgICAgICAgICAgICAgICAgICAgICAgICAgICAgICAgICAgICAgICAgICAgICAgICAgICAgICAgICAgICAgICAgICAgICAgICAgIAogICAgICAgICAgICAgICAgICAgICAgICAgICAgICAgICAgICAgICAgICAgICAgICAgICAgICAgICAgICAgICAgICAgICAgICAgICAgICAgICAgICAgICAgICAgICAgICAgICAgCiAgICAgICAgICAgICAgICAgICAgICAgICAgICAgICAgICAgICAgICAgICAgICAgICAgICAgICAgICAgICAgICAgICAgICAgICAgICAgICAgICAgICAgICAgICAgICAgICAgICAKICAgICAgICAgICAgICAgICAgICAgICAgICAgICAgICAgICAgICAgICAgICAgICAgICAgICAgICAgICAgICAgICAgICAgICAgICAgICAgICAgICAgICAgICAgICAgICAgICAgIAogICAgICAgICAgICAgICAgICAgICAgICAgICAgICAgICAgICAgICAgICAgICAgICAgICAgICAgICAgICAgICAgICAgICAgICAgICAgICAgICAgICAgICAgICAgICAgICAgICAgCiAgICAgICAgICAgICAgICAgICAgICAgICAgICAgICAgICAgICAgICAgICAgICAgICAgICAgICAgICAgICAgICAgICAgICAgICAgICAgICAgICAgICAgICAgICAgICAgICAgICAKICAgICAgICAgICAgICAgICAgICAgICAgICAgICAgICAgICAgICAgICAgICAgICAgICAgICAgICAgICAgICAgICAgICAgICAgICAgICAgICAgICAgICAgICAgICAgICAgICAgIAogICAgICAgICAgICAgICAgICAgICAgICAgICAgICAgICAgICAgICAgICAgICAgICAgICAgICAgICAgICAgICAgICAgICAgICAgICAgICAgICAgICAgICAgICAgICAgICAgICAgCiAgICAgICAgICAgICAgICAgICAgICAgICAgICAgICAgICAgICAgICAgICAgICAgICAgICAgICAgICAgICAgICAgICAgICAgICAgICAgICAgICAgICAgICAgICAgICAgICAgICAKICAgICAgICAgICAgICAgICAgICAgICAgICAgICAgICAgICAgICAgICAgICAgICAgICAgICAgICAgICAgICAgICAgICAgICAgICAgICAgICAgICAgICAgICAgICAgICAgICAgIAogICAgICAgICAgICAgICAgICAgICAgICAgICAgICAgICAgICAgICAgICAgICAgICAgICAgICAgICAgICAgICAgICAgICAgICAgICAgICAgICAgICAgICAgICAgICAgICAgICAgCiAgICAgICAgICAgICAgICAgICAgICAgICAgICAgICAgICAgICAgICAgICAgICAgICAgICAgICAgICAgICAgICAgICAgICAgICAgICAgICAgICAgICAgICAgICAgICAgICAgICAKICAgICAgICAgICAgICAgICAgICAgICAgICAgICAgICAgICAgICAgICAgICAgICAgICAgICAgICAgICAgICAgICAgICAgICAgICAgICAgICAgICAgICAgICAgICAgICAgICAgIAogICAgICAgICAgICAgICAgICAgICAgICAgICAgICAgICAgICAgICAgICAgICAgICAgICAgICAgICAgICAgICAgICAgICAgICAgICAgICAgICAgICAgICAgICAgICAgICAgICAgCiAgICAgICAgICAgICAgICAgICAgICAgICAgICAgICAgICAgICAgICAgICAgICAgICAgICAgICAgICAgICAgICAgICAgICAgICAgICAgICAgICAgICAgICAgICAgICAgICAgICAKICAgICAgICAgICAgICAgICAgICAgICAgICAgICAgICAgICAgICAgICAgICAgICAgICAgICAgICAgICAgICAgICAgICAgICAgICAgICAgICAgICAgICAgICAgICAgICAgICAgIAogICAgICAgICAgICAgICAgICAgICAgICAgICAgICAgICAgICAgICAgICAgICAgICAgICAgICAgICAgICAgICAgICAgICAgICAgICAgICAgICAgICAgICAgICAgICAgICAgICAgCiAgICAgICAgICAgICAgICAgICAgICAgICAgICAgICAgICAgICAgICAgICAgICAgICAgICAgICAgICAgICAgICAgICAgICAgICAgICAgICAgICAgICAgICAgICAgICAgICAgICAKICAgICAgICAgICAgICAgICAgICAgICAgICAgICAgICAgICAgICAgICAgICAgICAgICAgICAgICAgICAgICAgICAgICAgICAgICAgICAgICAgICAgICAgICAgICAgICAgICAgIAogICAgICAgICAgICAgICAgICAgICAgICAgICAgICAgICAgICAgICAgICAgICAgICAgICAgICAgICAgICAgICAgICAgICAgICAgICAgICAgICAgICAgICAgICAgICAgICAgICAgCiAgICAgICAgICAgICAgICAgICAgICAgICAgICAgICAgICAgICAgICAgICAgICAgICAgICAgICAgICAgICAgICAgICAgICAgICAgICAgICAgICAgICAgICAgICAgICAgICAgICAKICAgICAgICAgICAgICAgICAgICAgICAgICAgICAgICAgICAgICAgICAgICAgICAgICAgICAgICAgICAgICAgICAgICAgICAgICAgICAgICAgICAgICAgICAgICAgICAgICAgIAogICAgICAgICAgICAgICAgICAgICAgICAgICAgICAgICAgICAgICAgICAgICAgICAgICAgICAgICAgICAgICAgICAgICAgICAgICAgICAgICAgICAgICAgICAgICAgICAgICAgCiAgICAgICAgICAgICAgICAgICAgICAgICAgICAgICAgICAgICAgICAgICAgICAgICAgICAgICAgICAgICAgICAgICAgICAgICAgICAgICAgICAgICAgICAgICAgICAgICAgICAKICAgICAgICAgICAgICAgICAgICAgICAgICAgICAgICAgICAgICAgICAgICAgICAgICAgICAgICAgICAgICAgICAgICAgICAgICAgICAgICAgICAgICAgICAgICAgICAgICAgIAogICAgICAgICAgICAgICAgICAgICAgICAgICAgICAgICAgICAgICAgICAgICAgICAgICAgICAgICAgICAgICAgICAgICAgICAgICAgICAgICAgICAgICAgICAgICAgICAgICAgCiAgICAgICAgICAgICAgICAgICAgICAgICAgICAgICAgICAgICAgICAgICAgICAgICAgICAgICAgICAgICAgICAgICAgICAgICAgICAgICAgICAgICAgICAgICAgICAgICAgICAKICAgICAgICAgICAgICAgICAgICAgICAgICAgICAgICAgICAgICAgICAgICAgICAgICAgICAgICAgICAgICAgICAgICAgICAgICAgICAgICAgICAgICAgICAgICAgICAgICAgIAogICAgICAgICAgICAgICAgICAgICAgICAgICAgICAgICAgICAgICAgICAgICAgICAgICAgICAgICAgICAgICAgICAgICAgICAgICAgICAgICAgICAgICAgICAgICAgICAgICAgCiAgICAgICAgICAgICAgICAgICAgICAgICAgICAgICAgICAgICAgICAgICAgICAgICAgICAgICAgICAgICAgICAgICAgICAgICAgICAgICAgICAgICAgICAgICAgICAgICAgICAKICAgICAgICAgICAgICAgICAgICAgICAgICAgICAgICAgICAgICAgICAgICAgICAgICAgICAgICAgICAgICAgICAgICAgICAgICAgICAgICAgICAgICAgICAgICAgICAgICAgIAogICAgICAgICAgICAgICAgICAgICAgICAgICAgICAgICAgICAgICAgICAgICAgICAgICAgICAgICAgICAgICAgICAgICAgICAgICAgICAgICAgICAgICAgICAgICAgICAgICAgCiAgICAgICAgICAgICAgICAgICAgICAgICAgICAgICAgICAgICAgICAgICAgICAgICAgICAgICAgICAgICAgICAgICAgICAgICAgICAgICAgICAgICAgICAgICAgICAgICAgICAKICAgICAgICAgICAgICAgICAgICAgICAgICAgICAgICAgICAgICAgICAgICAgICAgICAgICAgICAgICAgICAgICAgICAgICAgICAgICAgICAgICAgICAgICAgICAgICAgICAgIAogICAgICAgICAgICAgICAgICAgICAgICAgICAgICAgICAgICAgICAgICAgICAgICAgICAgICAgICAgICAgICAgICAgICAgICAgICAgICAgICAgICAgICAgICAgICAgICAgICAgCiAgICAgICAgICAgICAgICAgICAgICAgICAgICAgICAgICAgICAgICAgICAgICAgICAgICAgICAgICAgICAgICAgICAgICAgICAgICAgICAgICAgICAgICAgICAgICAgICAgICAKICAgICAgICAgICAgICAgICAgICAgICAgICAgICAgICAgICAgICAgICAgICAgICAgICAgICAgICAgICAgICAgICAgICAgICAgICAgICAgICAgICAgICAgICAgICAgICAgICAgIAogICAgICAgICAgICAgICAgICAgICAgICAgICAgICAgICAgICAgICAgICAgICAgICAgICAgICAgICAgICAgICAgICAgICAgICAgICAgICAgICAgICAgICAgICAgICAgICAgICAgCiAgICAgICAgICAgICAgICAgICAgICAgICAgICAgICAgICAgICAgICAgICAgICAgICAgICAgICAgICAgICAgICAgICAgICAgICAgICAgICAgICAgICAgICAgICAgICAgICAgICAKICAgICAgICAgICAgICAgICAgICAgICAgICAgICAgICAgICAgICAgICAgICAgICAgICAgICAgICAgICAgICAgICAgICAgICAgICAgICAgICAgICAgICAgICAgICAgICAgICAgIAogICAgICAgICAgICAgICAgICAgICAgICAgICAgICAgICAgICAgICAgICAgICAgICAgICAgICAgCjw/eHBhY2tldCBlbmQ9J3cnPz7/7gAOQWRvYmUAZIAAAAAB/9sAhAAMCAgICQgMCQkMEQsKCxEVDwwMDxUYExMVExMYEQwMDAwMDBEMDAwMDAwMDAwMDAwMDAwMDAwMDAwMDAwMDAwMAQ0LCw0ODRAODhAUDg4OFBQODg4OFBEMDAwMDBERDAwMDAwMEQwMDAwMDAwMDAwMDAwMDAwMDAwMDAwMDAwMDAz/wAARCAAtAJIDASIAAhEBAxEB/90ABAAK/8QBPwAAAQUBAQEBAQEAAAAAAAAAAwABAgQFBgcICQoLAQABBQEBAQEBAQAAAAAAAAABAAIDBAUGBwgJCgsQAAEEAQMCBAIFBwYIBQMMMwEAAhEDBCESMQVBUWETInGBMgYUkaGxQiMkFVLBYjM0coLRQwclklPw4fFjczUWorKDJkSTVGRFwqN0NhfSVeJl8rOEw9N14/NGJ5SkhbSVxNTk9KW1xdXl9VZmdoaWprbG1ub2N0dXZ3eHl6e3x9fn9xEAAgIBAgQEAwQFBgcHBgU1AQACEQMhMRIEQVFhcSITBTKBkRShsUIjwVLR8DMkYuFygpJDUxVjczTxJQYWorKDByY1wtJEk1SjF2RFVTZ0ZeLys4TD03Xj80aUpIW0lcTU5PSltcXV5fVWZnaGlqa2xtbm9ic3R1dnd4eXp7fH/9oADAMBAAIRAxEAPwD1VJUsrrGDi5jMG31jkWUvyGMroutBrq/nnNsoqsr3s9jfS3+rvtor2b8ij1Kg+tfRjjOywcn0GXNxy44eWP0rnvx21NZ9m3vf9or+zv2fzeR6dFn6a2pJTsJJJJKUkkkkpSSSSSlLP6T1SzqJzG24lmE/DvGOarXMc8zTj5e932Z91Lf6V9Fl9v8A6Kr0Fi9JyBXm9ftfVexjcsWtLqLhvYzFxMZzsaav1v8ATYd7P1X1t/s/01HqJSfN6nmV54wsDEbmOqp+0Zk2+k5jHONeMyhr6315GRlejmekx92NSz7N+s5FHrVK7iZVGZi05mM71MfJrbbS+CNzHgWVu2vDXt3Md+csj6wVW22mvprMlvVbKdnrUg10mol4YzqGY/02fZ6r3bv1C79u4tdt1vTfS9fI35vV8KvH+xdIZg2dQp6ZiVMw6cnGflY2U47qPQusrqbhdP6hS3CoZV1TKf6GNT1HK/VfSSU9ekg4mLRh4tOHjN9PHxq21UsknaxgFdbdzy57trG/nIySlJJJJKUkkkkpSSSSSn//0Ot6zbbmfWdnScV7qcsdOd+lYS1zcfLvqrz8qu0bfQyMKvprK8Pb6/q5vUMZ/pfZsXJsQvqNVVn9Oxup1sbVgVOyH9OxmABjXZVhycp+z27X9PstyOi4mymj9DTm3/0bqVVVHVCqoWuuDGi17WsfYANxawvdWxz/AKTmVutt2f8AGWJVVVUVMppY2qqpoZXWwBrWtaNrGMY32tY1qSml1rLycTFZZjWek82Bpd9kvztIcY+zdPfVcz6P8+53pf4P/CKr0XqWfl5T68m/1WCsuDf2ZmYOstE/aeoXW0v+l/MNb6v+E/wa2kklOfldSzaL3VVdJy8pjYi+p2KGOkB3tGTm493t+h76UL9s9R/8os//AD8H/wCSKL1DMym5VHTcE115eTXbcL7mmytldBpZb+hrsosutfZl0V11+tR/hb/V/Q/Z8kvTM77fiDILPSe2y2m1k7gLKLLMS/07IZ6lXrUWejY6ur1Kv8FV/NpKav7Z6j/5RZ/+fg//ACRS/bPUf/KLP/z8H/5Iqv0nrGd1LPeHPbiUNdaW4GRh5FOQ+pjnUV5NWXlW49drLP1fJt9LAf8AZPtNOJf+m/TK6/q3Rsn7VhV5ld91Fdn2nHxbS/JY1n6O7bVhuOay1jjs/Q/p/W/m/wBKkpF+2eo/+UWf/n4P/wAkUv2z1H/yiz/8/B/+SKr/AFRLXYmW+rEu6djvyS7HwbaXY4pZ6OP+jope2v2Ps9S7I9Kr0ft9uYyr7Uz9dyd1JTlftnqP/lFn/wCfg/8AyRS/bPUf/KLP/wA/B/8AkirXU877BiHIDPVe6yqmpk7QbL7K8Sj1LIf6dXrX1+tY2u306v8ABW/zaF0/MynZV/Tc412ZeNXVcb6Wmut9d5uZV+hssvsptZZiX12V+tf/AIK/1f032fGSkX7Z6j/5RZ/+fg//ACRS/bPUf/KLP/z8H/5IqGb1a2zqg6RgZONjZQbudZktNu90Gz7HjY1V+I+3Ipo25eX+m/Vce7C/QXfbfVx7ud1bpfTdn7RzKMP1Z9P7Rayrdtjfs9VzN+ze3ckpq/tnqP8A5RZ/+fg//JFL9s9R/wDKLP8A8/B/+SK1UklOZV1bPstZW/o2bU17g11r34Za0Ex6j/Sz7LNjP+DrsetNY9GX1pnVKcXJfjXi5psvx8euxrsWsh5qutzLbnsymOvr+x1N+x4VuX+my6a2V4WVSthJSkkkklP/0fVUkkklKSSSSU5nUaMmvPxuq49Lss41N+O/FrLG2ObkOxrfVpfkPpoc+l+EzdVbbT+itst9b1KWY+RPpGLfg47ca5u591mTlW2MINdb7735n2bc813W7ftT2VXfZ/0v2f1Lfs3qV0rQSSU8/wBQd1rqDa8nF6dZiZHTPWysavLfS717zj5OHjYzW4eVcxtW/K333XZGPs2VV1+p61t2Kb6vYeRRubbjWY+JjVto6dXl+g7Jqr/w2NXdgvur/Z/p04PoetfbnWXU3fa7LP1ZbSSSlLMt+r+Bda+19uaHWOLnBmfmMbLju9lVWUyutn/B1s2MWmkkpz+pdNfkdMZiYzvfj2Y91PrPc7ccW2nLrquyH+td+n+z+lZku9e33+vsv+ghYVeWc3J6vdi2Uuyq8bFZhl1brWspsyHOyb312uxm+7Psf6NN9/6tj+p+kyb/ALHTqpJKedz+i5Ju6rVj47XO646t46iCxrsV1VVWNU+0OIyLH4b6Pt/TPs2/9ds9Oz9nf061ZWN1W/rd8YTvQudVjvucaH4mRghrX3VZ9Nttud9opsyuqsxfsuPRVbbbjfbfXxV0SSSmlm9IxM60W3WZLHNbtAoysnHbAJdrViX0Vuf7v5zZvRcLBpwajVS657XO3E33W5DpIDdLcuy+xrPb/N79isJJKcKjDfmdYp6k3pjuk20uLsrJt+z+tktNT8arDc/AuynWY7HOrybPtN36OzEw/Sou/ncTdSSSUpJJJJT/AP/Z');

-- --------------------------------------------------------

--
-- Table structure for table `faculties`
--

DROP TABLE IF EXISTS `faculties`;
CREATE TABLE `faculties` (
  `faculty_id` int(10) UNSIGNED NOT NULL,
  `faculty_name` varchar(100) NOT NULL,
  `faculty_description` text
) ENGINE=InnoDB DEFAULT CHARSET=utf8;

--
-- Dumping data for table `faculties`
--

INSERT INTO `faculties` (`faculty_id`, `faculty_name`, `faculty_description`) VALUES
(1, '  ', '     '),
(2, ' ', '   , , '),
(3, '  ', ', '),
(4, '- ', ', '),
(5, '   ', ', , '),
(6, '- ', '   '),
(7, ' ', ', '),
(8, '  ', '  '),
(9, '  ', ', , ...'),
(10, ' ', '  ');

-- --------------------------------------------------------

--
-- Table structure for table `groups`
--

DROP TABLE IF EXISTS `groups`;
CREATE TABLE `groups` (
  `group_id` int(10) UNSIGNED NOT NULL,
  `group_name` varchar(10) NOT NULL,
  `speciality_id` int(10) UNSIGNED NOT NULL,
  `faculty_id` int(10) UNSIGNED NOT NULL
) ENGINE=InnoDB DEFAULT CHARSET=utf8;

--
-- Dumping data for table `groups`
--

INSERT INTO `groups` (`group_id`, `group_name`, `speciality_id`, `faculty_id`) VALUES
(1, '-11-1', 1, 1),
(2, '-12-2', 1, 1),
(3, '-12-1', 2, 1),
(4, '-12-2', 2, 1),
(5, '-11-1', 1, 1),
(6, '-11-1', 14, 5),
(7, '-12-1', 14, 5),
(8, '-12-2', 14, 5),
(9, '-12-3', 14, 5),
(10, '-11-1', 15, 5),
(11, '-11-2', 13, 5);

-- --------------------------------------------------------

--
-- Table structure for table `questions`
--

DROP TABLE IF EXISTS `questions`;
CREATE TABLE `questions` (
  `question_id` int(10) UNSIGNED NOT NULL,
  `test_id` int(10) UNSIGNED NOT NULL,
  `question_text` text NOT NULL,
  `level` tinyint(3) UNSIGNED NOT NULL,
  `type` tinyint(3) UNSIGNED NOT NULL,
  `attachment` mediumtext
) ENGINE=InnoDB DEFAULT CHARSET=utf8;

--
-- Dumping data for table `questions`
--

INSERT INTO `questions` (`question_id`, `test_id`, `question_text`, `level`, `type`, `attachment`) VALUES
(1, 2, '      ', 1, 1, 'data:image/jpeg;base64,/9j/4AAQSkZJRgABAgEASABIAAD/4QglRXhpZgAATU0AKgAAAAgABwESAAMAAAABAAEAAAEaAAUAAAABAAAAYgEbAAUAAAABAAAAagEoAAMAAAABAAIAAAExAAIAAAAUAAAAcgEyAAIAAAAUAAAAhodpAAQAAAABAAAAnAAAAMgAAABIAAAAAQAAAEgAAAABQWRvYmUgUGhvdG9zaG9wIDcuMAAyMDA1OjA0OjA1IDE0OjU1OjI0AAAAAAOgAQADAAAAAf//AACgAgAEAAAAAQAAAdCgAwAEAAAAAQAAAJwAAAAAAAAABgEDAAMAAAABAAYAAAEaAAUAAAABAAABFgEbAAUAAAABAAABHgEoAAMAAAABAAIAAAIBAAQAAAABAAABJgICAAQAAAABAAAG9wAAAAAAAABIAAAAAQAAAEgAAAAB/9j/4AAQSkZJRgABAgEASABIAAD/7QAMQWRvYmVfQ00AAv/uAA5BZG9iZQBkgAAAAAH/2wCEAAwICAgJCAwJCQwRCwoLERUPDAwPFRgTExUTExgRDAwMDAwMEQwMDAwMDAwMDAwMDAwMDAwMDAwMDAwMDAwMDAwBDQsLDQ4NEA4OEBQODg4UFA4ODg4UEQwMDAwMEREMDAwMDAwRDAwMDAwMDAwMDAwMDAwMDAwMDAwMDAwMDAwMDP/AABEIACsAgAMBIgACEQEDEQH/3QAEAAj/xAE/AAABBQEBAQEBAQAAAAAAAAADAAECBAUGBwgJCgsBAAEFAQEBAQEBAAAAAAAAAAEAAgMEBQYHCAkKCxAAAQQBAwIEAgUHBggFAwwzAQACEQMEIRIxBUFRYRMicYEyBhSRobFCIyQVUsFiMzRygtFDByWSU/Dh8WNzNRaisoMmRJNUZEXCo3Q2F9JV4mXys4TD03Xj80YnlKSFtJXE1OT0pbXF1eX1VmZ2hpamtsbW5vY3R1dnd4eXp7fH1+f3EQACAgECBAQDBAUGBwcGBTUBAAIRAyExEgRBUWFxIhMFMoGRFKGxQiPBUtHwMyRi4XKCkkNTFWNzNPElBhaisoMHJjXC0kSTVKMXZEVVNnRl4vKzhMPTdePzRpSkhbSVxNTk9KW1xdXl9VZmdoaWprbG1ub2JzdHV2d3h5ent8f/2gAMAwEAAhEDEQA/APSsu/OqsAxsb7QzY6fc1nv/AMH73u9rNHer+i/Pr9P89Cd1DLtAfiYz3VHeCbWuqcCwvYT6Vuy129zavR9v6Su31t/6P3mz8bMyK2NxMt2E5rpc9rGWFwgjZFwc1qpfsvrn/l1Z/wCw9H/pNJTrKrW/Nu3uY+prQ97GgscTDHFmrvUb+6qNnSevuqe2vrljLHNcGPONQdriIY/bsbu2O921TxDm4fSG+tf9qyabHNvvNQabT6jm2WNx6XNax/5/p1pKb23P/wBLV/227/0soVPzLqxZXbUWu4mp7TpoQ5j7Wua7+sq1eZ1B1TbrGkNteRSG0Oc4s2+oy21rbnejv27P0n/B+p6ajRkXUMxqGRWy32VMFT3RBiPdZ7a9n6XfZ/g0lN1wzw0n1KtAT/Nu/wDSyfp+S7LwMbKc0NdkVMtLRqAXtD9v/SQcXKuu9QWAhuzc0PrdU7R1lTpY9znf4Lf/AFLFj9GwutPwMOtnV7GNGJjvA9Cgxubt2/Q/4NJT0ypetklrrfVZWwWmpo9Nzz9P0GSW2fnO/kqo/pXXnVva3rljXOa4Nd9noMOIhj9uz3bHe5Rx6MyrotdGVk25mW2/bbk001NdY/1/5z7O9tmNTWz6b3/4NlfqfzqSnSpfeMiym5zX7WNe1zWlv0i9pGr7P3EckAEkwBqSVQyK85+e77JfXSBSzeLKjbPut27S26jaq2Xg9bddVfdnNvw6QftHT6cZrfX1/Otuuve302/4KvZ63+ESU6lWVjXOLarWPcBJDSCYT3utbRY6lu+0NJrbpq6PaNXM/wCrWWG33ua2q1tmQ14dTaWmxuOG6W03AuqsdY5nqU73vryLfU97K/TVn7P1z/ubj/8AsM7/AN7ElMa+p5DIqysS1mS/+bDGPfW6Njd1l9LbqMXfa93stu/mf0qNh35lp/WKfTbt0dwTEe9zJf6fq+/9BvsfRs/Sv/Tfox/Z+uf9zcf/ANhnf+9ifpmJ1PG+0HqGcM422usoApbSKqz9HGbsdY61tf8ApLX+okp//9D1VJJJJSlX+w0y4h1jdzi4htjwJcdzoaH+33Kwkkpr/Yqv37f+3bP/ACaX2Kr9+3/t2z/yasJJKa5wqiCN9uun87Z/5NQxqKsfIOPSNtVOPUytskw1pta0S6XfRVtV2/0+3/iq/wDqrklNhVzhUlxIdY3cS4htj2iTq72tdtQeous+04FTXuZXde5tuwlpIFGRa1u9vu/nK2PUnY9YvZVNxD2ucXerZptLBt+l+d6iSk9WNXS5z27i5wALnuc4wJ2j3l37yKqrK/RzGsa95a+t5cHvc8S11e0/pC7b9NytJKcvoONRjDqApaWizOvtfLnOl7y1z3D1HP2bv3K/0a1FQ6T/ANrP/Ddv/fVfSUpJJJJT/9H1VJJJJSkkkklKSSSSUpVcrpuLlWC231A9rds122VSJ3Q70LK9/wDaVpJJTg5XS+m4HWOnZ7d7b3vdQ622+149MU5d4ZtyLX1e1+5+7b6iLZbuD3MsqaT60TkvmQf1RwY2xtbvV+nYzfV6S2Hcdvnwof5iSmoTi5OZVWy0PDKX6V2GR7qfpGt278389H+w0eNn/btn/pRGZ34+SkkpHRj047Sylu0OcXu5JLnfSe5zvc5yIkkkpSSSSSn/2f/tDMRQaG90b3Nob3AgMy4wADhCSU0EJQAAAAAAEAAAAAAAAAAAAAAAAAAAAAA4QklNA+0AAAAAABAASAAAAAEAAgBIAAAAAQACOEJJTQQmAAAAAAAOAAAAAAAAAAAAAD+AAAA4QklNBA0AAAAAAAQAAAAeOEJJTQQZAAAAAAAEAAAAHjhCSU0D8wAAAAAACQAAAAAAAAAAAQA4QklNBAoAAAAAAAEAADhCSU0nEAAAAAAACgABAAAAAAAAAAI4QklNA/UAAAAAAEgAL2ZmAAEAbGZmAAYAAAAAAAEAL2ZmAAEAoZmaAAYAAAAAAAEAMgAAAAEAWgAAAAYAAAAAAAEANQAAAAEALQAAAAYAAAAAAAE4QklNA/gAAAAAAHAAAP////////////////////////////8D6AAAAAD/////////////////////////////A+gAAAAA/////////////////////////////wPoAAAAAP////////////////////////////8D6AAAOEJJTQQIAAAAAAAQAAAAAQAAAkAAAAJAAAAAADhCSU0EHgAAAAAABAAAAAA4QklNBBoAAAAAA0sAAAAGAAAAAAAAAAAAAACcAAAB0AAAAAsAdABlAHMAdABfADEAXwAwADEAXwB6AAAAAQAAAAAAAAAAAAAAAAAAAAAAAAABAAAAAAAAAAAAAAHQAAAAnAAAAAAAAAAAAAAAAAAAAAABAAAAAAAAAAAAAAAAAAAAAAAAABAAAAABAAAAAAAAbnVsbAAAAAIAAAAGYm91bmRzT2JqYwAAAAEAAAAAAABSY3QxAAAABAAAAABUb3AgbG9uZwAAAAAAAAAATGVmdGxvbmcAAAAAAAAAAEJ0b21sb25nAAAAnAAAAABSZ2h0bG9uZwAAAdAAAAAGc2xpY2VzVmxMcwAAAAFPYmpjAAAAAQAAAAAABXNsaWNlAAAAEgAAAAdzbGljZUlEbG9uZwAAAAAAAAAHZ3JvdXBJRGxvbmcAAAAAAAAABm9yaWdpbmVudW0AAAAMRVNsaWNlT3JpZ2luAAAADWF1dG9HZW5lcmF0ZWQAAAAAVHlwZWVudW0AAAAKRVNsaWNlVHlwZQAAAABJbWcgAAAABmJvdW5kc09iamMAAAABAAAAAAAAUmN0MQAAAAQAAAAAVG9wIGxvbmcAAAAAAAAAAExlZnRsb25nAAAAAAAAAABCdG9tbG9uZwAAAJwAAAAAUmdodGxvbmcAAAHQAAAAA3VybFRFWFQAAAABAAAAAAAAbnVsbFRFWFQAAAABAAAAAAAATXNnZVRFWFQAAAABAAAAAAAGYWx0VGFnVEVYVAAAAAEAAAAAAA5jZWxsVGV4dElzSFRNTGJvb2wBAAAACGNlbGxUZXh0VEVYVAAAAAEAAAAAAAlob3J6QWxpZ25lbnVtAAAAD0VTbGljZUhvcnpBbGlnbgAAAAdkZWZhdWx0AAAACXZlcnRBbGlnbmVudW0AAAAPRVNsaWNlVmVydEFsaWduAAAAB2RlZmF1bHQAAAALYmdDb2xvclR5cGVlbnVtAAAAEUVTbGljZUJHQ29sb3JUeXBlAAAAAE5vbmUAAAAJdG9wT3V0c2V0bG9uZwAAAAAAAAAKbGVmdE91dHNldGxvbmcAAAAAAAAADGJvdHRvbU91dHNldGxvbmcAAAAAAAAAC3JpZ2h0T3V0c2V0bG9uZwAAAAAAOEJJTQQRAAAAAAABAQA4QklNBBQAAAAAAAQAAAABOEJJTQQMAAAAAAcTAAAAAQAAAIAAAAArAAABgAAAQIAAAAb3ABgAAf/Y/+AAEEpGSUYAAQIBAEgASAAA/+0ADEFkb2JlX0NNAAL/7gAOQWRvYmUAZIAAAAAB/9sAhAAMCAgICQgMCQkMEQsKCxEVDwwMDxUYExMVExMYEQwMDAwMDBEMDAwMDAwMDAwMDAwMDAwMDAwMDAwMDAwMDAwMAQ0LCw0ODRAODhAUDg4OFBQODg4OFBEMDAwMDBERDAwMDAwMEQwMDAwMDAwMDAwMDAwMDAwMDAwMDAwMDAwMDAz/wAARCAArAIADASIAAhEBAxEB/90ABAAI/8QBPwAAAQUBAQEBAQEAAAAAAAAAAwABAgQFBgcICQoLAQABBQEBAQEBAQAAAAAAAAABAAIDBAUGBwgJCgsQAAEEAQMCBAIFBwYIBQMMMwEAAhEDBCESMQVBUWETInGBMgYUkaGxQiMkFVLBYjM0coLRQwclklPw4fFjczUWorKDJkSTVGRFwqN0NhfSVeJl8rOEw9N14/NGJ5SkhbSVxNTk9KW1xdXl9VZmdoaWprbG1ub2N0dXZ3eHl6e3x9fn9xEAAgIBAgQEAwQFBgcHBgU1AQACEQMhMRIEQVFhcSITBTKBkRShsUIjwVLR8DMkYuFygpJDUxVjczTxJQYWorKDByY1wtJEk1SjF2RFVTZ0ZeLys4TD03Xj80aUpIW0lcTU5PSltcXV5fVWZnaGlqa2xtbm9ic3R1dnd4eXp7fH/9oADAMBAAIRAxEAPwD0rLvzqrAMbG+0M2On3NZ7/wDB+97vazR3q/ovz6/T/PQndQy7QH4mM91R3gm1rqnAsL2E+lbstdvc2r0fb+krt9bf+j95s/GzMitjcTLdhOa6XPaxlhcII2RcHNaqX7L65/5dWf8AsPR/6TSU6yq1vzbt7mPqa0PexoLHEwxxZq71G/uqjZ0nr7qntr65YyxzXBjzjUHa4iGP27G7tjvdtU8Q5uH0hvrX/asmmxzb7zUGm0+o5tljcelzWsf+f6daSm9tz/8AS1f9tu/9LKFT8y6sWV21FruJqe06aEOY+1rmu/rKtXmdQdU26xpDbXkUhtDnOLNvqMtta253o79uz9J/wfqemo0ZF1DMahkVst9lTBU90QYj3We2vZ+l32f4NJTdcM8NJ9SrQE/zbv8A0sn6fkuy8DGynNDXZFTLS0agF7Q/b/0kHFyrrvUFgIbs3ND63VO0dZU6WPc53+C3/wBSxY/RsLrT8DDrZ1exjRiY7wPQoMbm7dv0P+DSU9MqXrZJa631WVsFpqaPTc8/T9Bkltn5zv5KqP6V151b2t65Y1zmuDXfZ6DDiIY/bs92x3uUcejMq6LXRlZNuZltv225NNNTXWP9f+c+zvbZjU1s+m9/+DZX6n86kp0qX3jIspuc1+1jXtc1pb9IvaRq+z9xHJABJMAaklUMivOfnu+yX10gUs3iyo2z7rdu0tuo2qtl4PW3XVX3Zzb8OkH7R0+nGa319fzrbrr3t9Nv+Cr2et/hElOpVlY1zi2q1j3ASQ0gmE97rW0WOpbvtDSa26auj2jVzP8Aq1lht97mtqtbZkNeHU2lpsbjhultNwLqrHWOZ6lO9768i31Peyv01Z+z9c/7m4//ALDO/wDexJTGvqeQyKsrEtZkv/mwxj31ujY3dZfS26jF32vd7Lbv5n9KjYd+Zaf1in027dHcExHvcyX+n6vv/Qb7H0bP0r/036Mf2frn/c3H/wDYZ3/vYn6ZidTxvtB6hnDONtrrKAKW0iqs/Rxm7HWOtbX/AKS1/qJKf//Q9VSSSSUpV/sNMuIdY3c4uIbY8CXHc6Gh/t9ysJJKa/2Kr9+3/t2z/wAml9iq/ft/7ds/8mrCSSmucKogjfbrp/O2f+TUMairHyDj0jbVTj1MrbJMNabWtEul30VbVdv9Pt/4qv8A6q5JTYVc4VJcSHWN3EuIbY9ok6u9rXbUHqLrPtOBU17mV3XubbsJaSBRkWtbvb7v5ytj1J2PWL2VTcQ9rnF3q2abSwbfpfneokpPVjV0uc9u4ucAC57nOMCdo95d+8iqqyv0cxrGveWvreXB73PEtdXtP6Qu2/TcrSSnL6DjUYw6gKWloszr7Xy5zpe8tc9w9Rz9m79yv9GtRUOk/wDaz/w3b/31X0lKSSSSU//R9VSSSSUpJJJJSkkkklKVXK6bi5Vgtt9QPa3bNdtlUid0O9Cyvf8A2laSSU4OV0vpuB1jp2e3e2973UOttvtePTFOXeGbci19Xtfufu2+oi2W7g9zLKmk+tE5L5kH9UcGNsbW71fp2M31ekth3Hb58KH+YkpqE4uTmVVstDwyl+ldhke6n6Rrdu/N/PR/sNHjZ/27Z/6URmd+PkpJKR0Y9OO0spbtDnF7uSS530nuc73OciJJJKUkkkkp/9kAOEJJTQQhAAAAAABVAAAAAQEAAAAPAEEAZABvAGIAZQAgAFAAaABvAHQAbwBzAGgAbwBwAAAAEwBBAGQAbwBiAGUAIABQAGgAbwB0AG8AcwBoAG8AcAAgADcALgAwAAAAAQA4QklNBAYAAAAAAAcAAQAAAAEBAP/hEkhodHRwOi8vbnMuYWRvYmUuY29tL3hhcC8xLjAvADw/eHBhY2tldCBiZWdpbj0n77u/JyBpZD0nVzVNME1wQ2VoaUh6cmVTek5UY3prYzlkJz8+Cjw/YWRvYmUteGFwLWZpbHRlcnMgZXNjPSJDUiI/Pgo8eDp4YXBtZXRhIHhtbG5zOng9J2Fkb2JlOm5zOm1ldGEvJyB4OnhhcHRrPSdYTVAgdG9vbGtpdCAyLjguMi0zMywgZnJhbWV3b3JrIDEuNSc+CjxyZGY6UkRGIHhtbG5zOnJkZj0naHR0cDovL3d3dy53My5vcmcvMTk5OS8wMi8yMi1yZGYtc3ludGF4LW5zIycgeG1sbnM6aVg9J2h0dHA6Ly9ucy5hZG9iZS5jb20vaVgvMS4wLyc+CgogPHJkZjpEZXNjcmlwdGlvbiBhYm91dD0ndXVpZDo4ODJjYjU4OS1hNWM5LTExZDktYjRiMC05OWIwNjcwYzFhZGYnCiAgeG1sbnM6eGFwTU09J2h0dHA6Ly9ucy5hZG9iZS5jb20veGFwLzEuMC9tbS8nPgogIDx4YXBNTTpEb2N1bWVudElEPmFkb2JlOmRvY2lkOnBob3Rvc2hvcDpjZWM4ZmVmMS1hNWMzLTExZDktYjRiMC05OWIwNjcwYzFhZGY8L3hhcE1NOkRvY3VtZW50SUQ+CiA8L3JkZjpEZXNjcmlwdGlvbj4KCjwvcmRmOlJERj4KPC94OnhhcG1ldGE+CiAgICAgICAgICAgICAgICAgICAgICAgICAgICAgICAgICAgICAgICAgICAgICAgICAgICAgICAgICAgICAgICAgICAgICAgICAgICAgICAgICAgICAgICAgICAgICAgICAgICAKICAgICAgICAgICAgICAgICAgICAgICAgICAgICAgICAgICAgICAgICAgICAgICAgICAgICAgICAgICAgICAgICAgICAgICAgICAgICAgICAgICAgICAgICAgICAgICAgICAgIAogICAgICAgICAgICAgICAgICAgICAgICAgICAgICAgICAgICAgICAgICAgICAgICAgICAgICAgICAgICAgICAgICAgICAgICAgICAgICAgICAgICAgICAgICAgICAgICAgICAgCiAgICAgICAgICAgICAgICAgICAgICAgICAgICAgICAgICAgICAgICAgICAgICAgICAgICAgICAgICAgICAgICAgICAgICAgICAgICAgICAgICAgICAgICAgICAgICAgICAgICAKICAgICAgICAgICAgICAgICAgICAgICAgICAgICAgICAgICAgICAgICAgICAgICAgICAgICAgICAgICAgICAgICAgICAgICAgICAgICAgICAgICAgICAgICAgICAgICAgICAgIAogICAgICAgICAgICAgICAgICAgICAgICAgICAgICAgICAgICAgICAgICAgICAgICAgICAgICAgICAgICAgICAgICAgICAgICAgICAgICAgICAgICAgICAgICAgICAgICAgICAgCiAgICAgICAgICAgICAgICAgICAgICAgICAgICAgICAgICAgICAgICAgICAgICAgICAgICAgICAgICAgICAgICAgICAgICAgICAgICAgICAgICAgICAgICAgICAgICAgICAgICAKICAgICAgICAgICAgICAgICAgICAgICAgICAgICAgICAgICAgICAgICAgICAgICAgICAgICAgICAgICAgICAgICAgICAgICAgICAgICAgICAgICAgICAgICAgICAgICAgICAgIAogICAgICAgICAgICAgICAgICAgICAgICAgICAgICAgICAgICAgICAgICAgICAgICAgICAgICAgICAgICAgICAgICAgICAgICAgICAgICAgICAgICAgICAgICAgICAgICAgICAgCiAgICAgICAgICAgICAgICAgICAgICAgICAgICAgICAgICAgICAgICAgICAgICAgICAgICAgICAgICAgICAgICAgICAgICAgICAgICAgICAgICAgICAgICAgICAgICAgICAgICAKICAgICAgICAgICAgICAgICAgICAgICAgICAgICAgICAgICAgICAgICAgICAgICAgICAgICAgICAgICAgICAgICAgICAgICAgICAgICAgICAgICAgICAgICAgICAgICAgICAgIAogICAgICAgICAgICAgICAgICAgICAgICAgICAgICAgICAgICAgICAgICAgICAgICAgICAgICAgICAgICAgICAgICAgICAgICAgICAgICAgICAgICAgICAgICAgICAgICAgICAgCiAgICAgICAgICAgICAgICAgICAgICAgICAgICAgICAgICAgICAgICAgICAgICAgICAgICAgICAgICAgICAgICAgICAgICAgICAgICAgICAgICAgICAgICAgICAgICAgICAgICAKICAgICAgICAgICAgICAgICAgICAgICAgICAgICAgICAgICAgICAgICAgICAgICAgICAgICAgICAgICAgICAgICAgICAgICAgICAgICAgICAgICAgICAgICAgICAgICAgICAgIAogICAgICAgICAgICAgICAgICAgICAgICAgICAgICAgICAgICAgICAgICAgICAgICAgICAgICAgICAgICAgICAgICAgICAgICAgICAgICAgICAgICAgICAgICAgICAgICAgICAgCiAgICAgICAgICAgICAgICAgICAgICAgICAgICAgICAgICAgICAgICAgICAgICAgICAgICAgICAgICAgICAgICAgICAgICAgICAgICAgICAgICAgICAgICAgICAgICAgICAgICAKICAgICAgICAgICAgICAgICAgICAgICAgICAgICAgICAgICAgICAgICAgICAgICAgICAgICAgICAgICAgICAgICAgICAgICAgICAgICAgICAgICAgICAgICAgICAgICAgICAgIAogICAgICAgICAgICAgICAgICAgICAgICAgICAgICAgICAgICAgICAgICAgICAgICAgICAgICAgICAgICAgICAgICAgICAgICAgICAgICAgICAgICAgICAgICAgICAgICAgICAgCiAgICAgICAgICAgICAgICAgICAgICAgICAgICAgICAgICAgICAgICAgICAgICAgICAgICAgICAgICAgICAgICAgICAgICAgICAgICAgICAgICAgICAgICAgICAgICAgICAgICAKICAgICAgICAgICAgICAgICAgICAgICAgICAgICAgICAgICAgICAgICAgICAgICAgICAgICAgICAgICAgICAgICAgICAgICAgICAgICAgICAgICAgICAgICAgICAgICAgICAgIAogICAgICAgICAgICAgICAgICAgICAgICAgICAgICAgICAgICAgICAgICAgICAgICAgICAgICAgICAgICAgICAgICAgICAgICAgICAgICAgICAgICAgICAgICAgICAgICAgICAgCiAgICAgICAgICAgICAgICAgICAgICAgICAgICAgICAgICAgICAgICAgICAgICAgICAgICAgICAgICAgICAgICAgICAgICAgICAgICAgICAgICAgICAgICAgICAgICAgICAgICAKICAgICAgICAgICAgICAgICAgICAgICAgICAgICAgICAgICAgICAgICAgICAgICAgICAgICAgICAgICAgICAgICAgICAgICAgICAgICAgICAgICAgICAgICAgICAgICAgICAgIAogICAgICAgICAgICAgICAgICAgICAgICAgICAgICAgICAgICAgICAgICAgICAgICAgICAgICAgICAgICAgICAgICAgICAgICAgICAgICAgICAgICAgICAgICAgICAgICAgICAgCiAgICAgICAgICAgICAgICAgICAgICAgICAgICAgICAgICAgICAgICAgICAgICAgICAgICAgICAgICAgICAgICAgICAgICAgICAgICAgICAgICAgICAgICAgICAgICAgICAgICAKICAgICAgICAgICAgICAgICAgICAgICAgICAgICAgICAgICAgICAgICAgICAgICAgICAgICAgICAgICAgICAgICAgICAgICAgICAgICAgICAgICAgICAgICAgICAgICAgICAgIAogICAgICAgICAgICAgICAgICAgICAgICAgICAgICAgICAgICAgICAgICAgICAgICAgICAgICAgICAgICAgICAgICAgICAgICAgICAgICAgICAgICAgICAgICAgICAgICAgICAgCiAgICAgICAgICAgICAgICAgICAgICAgICAgICAgICAgICAgICAgICAgICAgICAgICAgICAgICAgICAgICAgICAgICAgICAgICAgICAgICAgICAgICAgICAgICAgICAgICAgICAKICAgICAgICAgICAgICAgICAgICAgICAgICAgICAgICAgICAgICAgICAgICAgICAgICAgICAgICAgICAgICAgICAgICAgICAgICAgICAgICAgICAgICAgICAgICAgICAgICAgIAogICAgICAgICAgICAgICAgICAgICAgICAgICAgICAgICAgICAgICAgICAgICAgICAgICAgICAgICAgICAgICAgICAgICAgICAgICAgICAgICAgICAgICAgICAgICAgICAgICAgCiAgICAgICAgICAgICAgICAgICAgICAgICAgICAgICAgICAgICAgICAgICAgICAgICAgICAgICAgICAgICAgICAgICAgICAgICAgICAgICAgICAgICAgICAgICAgICAgICAgICAKICAgICAgICAgICAgICAgICAgICAgICAgICAgICAgICAgICAgICAgICAgICAgICAgICAgICAgICAgICAgICAgICAgICAgICAgICAgICAgICAgICAgICAgICAgICAgICAgICAgIAogICAgICAgICAgICAgICAgICAgICAgICAgICAgICAgICAgICAgICAgICAgICAgICAgICAgICAgICAgICAgICAgICAgICAgICAgICAgICAgICAgICAgICAgICAgICAgICAgICAgCiAgICAgICAgICAgICAgICAgICAgICAgICAgICAgICAgICAgICAgICAgICAgICAgICAgICAgICAgICAgICAgICAgICAgICAgICAgICAgICAgICAgICAgICAgICAgICAgICAgICAKICAgICAgICAgICAgICAgICAgICAgICAgICAgICAgICAgICAgICAgICAgICAgICAgICAgICAgICAgICAgICAgICAgICAgICAgICAgICAgICAgICAgICAgICAgICAgICAgICAgIAogICAgICAgICAgICAgICAgICAgICAgICAgICAgICAgICAgICAgICAgICAgICAgICAgICAgICAgICAgICAgICAgICAgICAgICAgICAgICAgICAgICAgICAgICAgICAgICAgICAgCiAgICAgICAgICAgICAgICAgICAgICAgICAgICAgICAgICAgICAgICAgICAgICAgICAgICAgICAgICAgICAgICAgICAgICAgICAgICAgICAgICAgICAgICAgICAgICAgICAgICAKICAgICAgICAgICAgICAgICAgICAgICAgICAgICAgICAgICAgICAgICAgICAgICAgICAgICAgICAgICAgICAgICAgICAgICAgICAgICAgICAgICAgICAgICAgICAgICAgICAgIAogICAgICAgICAgICAgICAgICAgICAgICAgICAgICAgICAgICAgICAgICAgICAgICAgICAgICAgICAgICAgICAgICAgICAgICAgICAgICAgICAgICAgICAgICAgICAgICAgICAgCiAgICAgICAgICAgICAgICAgICAgICAgICAgICAgICAgICAgICAgICAgICAgICAgICAgICAgICAgICAgICAgICAgICAgICAgICAgICAgICAgICAgICAgICAgICAgICAgICAgICAKICAgICAgICAgICAgICAgICAgICAgICAgICAgICAgICAgICAgICAgICAgICAgICAgICAgICAgIAo8P3hwYWNrZXQgZW5kPSd3Jz8+/+4ADkFkb2JlAGSAAAAAAf/bAIQADAgICAkIDAkJDBELCgsRFQ8MDA8VGBMTFRMTGBEMDAwMDAwRDAwMDAwMDAwMDAwMDAwMDAwMDAwMDAwMDAwMDAENCwsNDg0QDg4QFA4ODhQUDg4ODhQRDAwMDAwREQwMDAwMDBEMDAwMDAwMDAwMDAwMDAwMDAwMDAwMDAwMDAwM/8AAEQgAnAHQAwEiAAIRAQMRAf/dAAQAHf/EAT8AAAEFAQEBAQEBAAAAAAAAAAMAAQIEBQYHCAkKCwEAAQUBAQEBAQEAAAAAAAAAAQACAwQFBgcICQoLEAABBAEDAgQCBQcGCAUDDDMBAAIRAwQhEjEFQVFhEyJxgTIGFJGhsUIjJBVSwWIzNHKC0UMHJZJT8OHxY3M1FqKygyZEk1RkRcKjdDYX0lXiZfKzhMPTdePzRieUpIW0lcTU5PSltcXV5fVWZnaGlqa2xtbm9jdHV2d3h5ent8fX5/cRAAICAQIEBAMEBQYHBwYFNQEAAhEDITESBEFRYXEiEwUygZEUobFCI8FS0fAzJGLhcoKSQ1MVY3M08SUGFqKygwcmNcLSRJNUoxdkRVU2dGXi8rOEw9N14/NGlKSFtJXE1OT0pbXF1eX1VmZ2hpamtsbW5vYnN0dXZ3eHl6e3x//aAAwDAQACEQMRAD8A9VSSVTqud+zum5OaGes+isuqonabbPo4+LWYf+lybjXj07WPf6tn0ElNtJZnSM+13S3uznOsysB1tGWWsJse7HLmfaPslDd7H59Das+jFqr/AJnLp9D1v0dlk+m9e6Z1R7mYL7LTXvFhNNzAx9bvRtx733VVsoy2P/7R3bMr0v0/o+j+kSU6CSSzMXqDr7czOtubR0vDdbQwu2ta80kNzcy+2z31MxsirIw66/0TP0GRlWfaasnF+zJTppLHf1g59V46P6xzsFrb3YeRRZjes14ubVju/aFWO5jMl1NzKsqr+j5FTLLvVo9XFv0sTKozcWnMxnepj5NbbaXwRuY8Cyt214a9u5jvzklJkkkklKSSWZ1LqXUKOoYuBgYtOTbk033udfe6hrW0OxqiAasbNc973ZrfzWfQSU6aSyftP1q/8rsD/wBjrv8A5FJfafrV/wCV2B/7HXf/ACKSU6ySyftP1q/8rsD/ANjrv/kUl9p+tX/ldgf+x13/AMiklOsksn7T9av/ACuwP/Y67/5FJfafrV/5XYH/ALHXf/IpJTrJLJ+0/Wr/AMrsD/2Ou/8AkUl9p+tX/ldgf+x13/yKSU6ySyftP1q/8rsD/wBjrv8A5FJfafrV/wCV2B/7HXf/ACKSU6ySyftP1q/8rsD/ANjrv/kUl9p+tX/ldgf+x13/AMiklOsksn7T9av/ACuwP/Y67/5FKfTepdQv6hlYGfi041uNTRe11F7r2ube7JqAJtxsJzHsdhO/Nf8ATSU6aSSSSlJJJJKUkkkkpSSSx8nJ61f1q/AwL8bGqxsbHvc6/Hsvc519mZUQDVmYTWMY3Cb+a/6aSnYSWT9m+tX/AJY4H/sDd/8AJVL7N9av/LHA/wDYG7/5KpKdZJZP2b61f+WOB/7A3f8AyVVfNv8ArJ09lORdl4V9TsnFosqZiW1uLcjIpw3llruo3tY9jb9/8zYkp3kkkklKSSSSUpJJJJSkkkklKSSSSUpJJJJSklidc6zfg5uJXQN1NUZHUXCIZQ6yrAb9ocWv+zVN+1ZHVPtHs/RdFyqv5r7Rdj2+ode6Z0y+rHzX2VPv0pPo3OY98Pc3HrvqqfS/Ls9F/o4fqfarv8FT+lrSU6CShTa26plrA4NsaHND2uY6HDcN9VoZbW//AIOxm9imkpSSz68q/L6tdRS7ZidO2tyHAAm2+xnq/ZXbxurqxca7GynPq/pFuTQz7RV9ky8fIC3rWH1J7sHpuTZTlvrN+Pe7Hs9F7KnVB1tNt9dWNnYj3XUss+yZP6XHv342RV+jyElOskqnS879oYFWUWeja7cy+md3p3VOdRl4/qQ1tv2fJqtp9Vn6O3Z6lf6NW0lP/9D1VZPXcXquRZgOwKse+rGyPtGRVk3Ppa/YyxmMz9FjZjX+nk215u5/8zfh0en+k/SU6ySSnn68f61V5XUcyrGwKbcrHqbRV9pufX9pqNjDlZG3Bx3O9XGtprs2fptnT8bH3+n+kxZVPt+rWF1C7NLsnAZc23C9IGzKssyNgyKH49VNNf2jM6vbbdT6dno/rvpfqeNRWt5BysTFzaHY2ZTXk49kb6bWh7HQQ9u6uwOY7a9u5JThdC+tOb1XqDsKzBpo2Nc91teV6kBjrKbaXUvx8bIZm1P+x2XYdlW/Ex82r9ofY8v0cLIX2fNrxM7olDaTlOybMqlmVpVlYmRktzs+s/ostrWNbl5XSr/0d9tf6vlWV0fbcVbeP07p+M5r8bGppc1uxrq62sIbtqq2NLGj2eli4tf9TGx/9DWrCSnEx35vRulWHJ/WMq2xw6fgC+y9xeWfosFnUctn2rJ9W2q7Ksycmn9Rott3/qOD6q0Ok4P7N6Vh9O3+r9jx6sf1I27vSY2rfsl+zfs+jvVtJJSkkkklKWTk/wDiq6d/4Qzv/P3SlrLJyf8AxVdO/wDCGd/5+6Ukp1kkkklKSSSSUpJJJJTRq6z063NOEyxxt3OY1xrsFT3sn1aKMxzBiX5FXp2+rj032XV+hkb6/wBXv9O8sTJ+y5rhi0+njdNxsuu3IydGNsy2ZDMivDxeGPtf1IM+35H+n/UKvVz7cmzp22kpSSSSSlJJJJKUsnG/8VXUf/CGD/5+6qtZZON/4quo/wDhDB/8/dVSU6ySSSSlJJJJKUkkkkpSycb/AMVXUf8Awhg/+fuqrWWTjf8Aiq6j/wCEMH/z91VJTrKiOr4p6v8AsgMu+0+i+/e6p7attZoa4V5FjWVXv/XKv6N63p/4f0nq8sTLy8Vn1x6bjOurbkOwM3bSXAPO63p72ba53+9mNkub/wCF7/8ARWJKdtZP1l/5Op/8P9O/9vsNayyfrL/ydT/4f6d/7fYaSnWSSSSUpJJJJSkkHKyqMOh2RkO2VMiTBcSXEMrrrrYHWW222ObXTTW31brf0VX6RZWOzK616j8rKsxceux1b+nYxNNzHN19PqGbW77T6u30cqr9nPw6PTu/pHVsG2nJuSnbSWT/AM2unf6bP/8Acjnf+9iFZZf0W+ln2rI6jRfuH2N7RbfVVWNzsjFfj1NycmrGa5leV9ufk5OR6mP6OVZ1H0sPqiU7aShTdVfUy6l7barWh9djCHNc1w3Mex7fa5jmqaSlJJJJKefOH19uZ1N7sHAzcfqFga0X5VgP2ZtbMdmJbX+zshnpOf8Aacr0N/ostzcj6f6S22vV0r62OwsMZT8Z2Z0luMcR3r2WC+1n6DqWTm5F2H6tb8np7r8bH2VZHpvzMm+71bvsluN1CSSnnOsfXBvT863Dx8R2U7Ha5tr3OdS12QaXZeH07DsfS+rNzcn9Xr+y02faf1yi2ijL9PM+yzx/rRfkdRxMSnErdVm+sa7/ALQBDKrrKqb3Vmr31dSwMe7P6Z6D7vtfpXf9o6L+o1aV/Q+i5Nt12R0/GutyWhmRZZTW51jWljmMue9hdaxjqadu/wD0Vf8Ao1PH6T0rF9P7Lh49Ho/zXp1MZsj1v5vY1uz+l5f0f+5WR/prElOZczNxcvq+Li2NoyurtOR0vKs+h9qbjNw3Yzvbc3fjNwKM73t/WKbsj0ce37BkqfTKbuj0ZORn+nh4fsFGDTbblMrdLmfqr7qaLm/afUx8XF6TiY3oVehX9iZ6uX6S20klOf0HFvxemMbkt9PIvsuyrqZDvTflXW51mN6jCWW/Zn5H2f1m/wA96fqrQSSSU//R9VSSSSU8vd/jN+o1Nr6n9UaXVuLXFlVz2y07TstqpfVYz/hK37HqH/jpfUT/AMs//AMj/wB511aSSnlP/HS+on/ln/4Bkf8AvOl/46X1E/8ALP8A8AyP/eddWkkp5T/x0vqJ/wCWf/gGR/7zpf8AjpfUT/yz/wDAMj/3nXVpJKeU/wDHS+on/ln/AOAZH/vOl/46X1E/8s//AADI/wDeddWkkp86+sP+ODpmFfhO6F6fVMd3q/bq3Nuoe2Az7N6N11bWN3PdZ6n6C/8Am/8ABLV6D9b+jfWj6xYdvTHWB9GBm/aKLWFr699/Tm1bi3fS/wBT0Xv/AEN1v/CLQ+s/1M6b9Z8rAt6lZZ9n6f6h+z1nb6hsNDttlv021bMd7Htq2W/pf5+r00sXpXTek9f6Zh9Nxq8XHbgZ3srESRZ0iv1LHfTttcxjN91v6WxJT0CzLvrP9W6LX03dWwqranFllb8iprmuadr2PY6zc17XLTWf1PN6li7n4uNjux6qzbfk5eT9mraBuna6vHzX/omM9S99zMepjPS9Oy79N6CUh/52fVX/AMucD/2Kp/8ASiX/ADs+qv8A5c4H/sVT/wClFoYmR9qxacn07KPXrbZ6NzdljN4D/Tur12WsnbYz99YXTup4V31syMHD6g7KfXTe7PpfZ6gFrbMYUV49Lf0OKzp9N1mPf6deN9pffX6v7QzsTOfhpTd/52fVX/y5wP8A2Kp/9KJf87Pqr/5c4H/sVT/6UWsg4mVRm4tOZjO9THya220vgjcx4Flbtrw17dzHfnJKef8Atf8Ai2+1fbfW6L9r9T1vtG7F9T1J9T1vVn1PV9T3+p9PetD/AJ2fVX/y5wP/AGKp/wDSiWF137TZjPfR6eD1L/kzJ37nWwx+SPXx9jXYn2jGqtysT33foK/1z7Dl+niWG691WzpHSsjqNeJZm/Zq32OrrcxkNYx9rrLH3vZ+i9nv9Fl9/wDo8e1JSH/nZ9Vf/LnA/wDYqn/0ol/zs+qv/lzgf+xVP/pRaySSnJ/52fVX/wAucD/2Kp/9KI2L9YegZt7cbD6niZORZOymq+t73QC922ut7nu2sbuVrGyqMus247t7G2WVEwR76Xvxr2+4N+hdVYxVcPqtmT1XN6dZiWY32OuqxtljmH1W3Pyqm2Vsofdsq/UvZ6z67/f+kx6f8IlOguS6j9bvq50L62ZzOqZraHWYWGwNa19pDmWdQteywY7LfSf6WTj2fpfzLV1qycb/AMVXUf8Awhg/+fuqpKcr/wAdL6if+Wf/AIBkf+86X/jpfUT/AMs//AMj/wB511azPqxdbf8AVvpN1z3W224WO+yx5LnOc6qtz3ve73Oe5ySnH/8AHS+on/ln/wCAZH/vOl/46X1E/wDLP/wDI/8AeddWkkp5T/x0vqJ/5Z/+AZH/ALzpf+Ol9RP/ACz/APAMj/3nXVpJKfN+q/45OnYnWqa8BjepdHdS31rWNsqvZabHCzZ9paxlzK8drf0Pp1epY/8ApS6D6rfWLpf1i611DP6Y9z6hhYNdjXtLHMs9TqVr6Xh3tc+ttrPdU6yn9yxS679QejfWDrlfVurGy5lOO3HZiNca2Ha6+xz7rK/0zv6Qz021Po2ej7/W9TYrfTMTFwvrFnY2HTXjY9eBhbKamhjGzf1Z7ttdYaxu57tySnbWT/zl6d/oc/8A9x2d/wC8a1lUyOrdKxcqvCyczHoy79vo49lrGWP3n06/Tqe4WP32DYzb+ekpsU2tuqZawODbGhzQ9rmOhw3DfVaGW1v/AODsZvYsr613VUdJZdc9tVVWb099ljyGta1ubiOe973e1rGtWwsf6101X9JZTcxttVub09llbwHNc12biNex7He1zHNSUy/52fVX/wAucD/2Kp/9KJf87Pqr/wCXOB/7FU/+lEv+af1V/wDKbA/9haf/AEml/wA0/qr/AOU2B/7C0/8ApNJSv+dn1V/8ucD/ANiqf/Si5r64f4zsXod/T3dJfidXx7/W+2V1XBz27BX9n23UOuZRvfY/+dot9T0/Yul/5p/VX/ymwP8A2Fp/9JrK6x/i2+rHVsrDtONXhY+JvNmPh1so9cuNLmNyLamtf6TGVWs2s/S/p/0d9P8AhEpF0r639G+uHUun4vTnWAY3q5+Xj3MIP6Hbi4lFrPdj2bsjLr6jTbXdf6FuBR+j9b+Y6LNwrXWjOwS2vOrbs98iu6sEu+y5W0Ods3Oe7GyWsfdhXP8AUr9ai7Mw8vN/ZXTegZ/SX9Pxq8XD/TYFjWDa1pyW0WU5d93+Etsu6Vi9P/Tfpcm/Np/T+r+iu0s3NtbaMHBDbM6xu/3ya6ayS37VlbS12zc17cbGa9l2bcz06/RopzMzESmv/wA4cW39WxW+r1Y6Hpj3Bl1Tvzn5wZ632XEr+k/N/TUXV+l9g+2/asKvJt4OD9m33XP+0ZuRByMgjbu2z6dVVcv9DEo3v+z4+/2fpLbbL8u/Jyb656HUypr8a11fUK3OsbnvAfY+x4Y277Y1vpNyMfIbVTXdit9GllNOP9i+x/Y8CzFsYOd9p303M+z5uPAyMcndt3T6dtVkM9fEv2P+z5Gz3/pKra6MujJxqEpx+m9c6L0h+Z0XM6hjYlfS7mY+FVkXV12fZzj42TS13qvY6xlLsizGqt/0NDPWfdketfZd/wCdn1V/8ucD/wBiqf8A0oqXTeh9F6u/M61mdPxsuvqlzMjCtyKa7LPs4x8bGpc71WPdWy52PZk1Vf6G9nrMpyPWoru/80/qr/5TYH/sLT/6TSUr/nZ9Vf8Ay5wP/Yqn/wBKJf8AOz6q/wDlzgf+xVP/AKUS/wCaf1V/8psD/wBhaf8A0ml/zT+qv/lNgf8AsLT/AOk0lK/52fVX/wAucD/2Kp/9KJf87Pqr/wCXOB/7FU/+lEv+af1V/wDKbA/9haf/AEml/wA0/qr/AOU2B/7C0/8ApNJSv+dn1V/8ucD/ANiqf/SiX/Oz6q/+XOB/7FU/+lEv+af1V/8AKbA/9haf/SaX/NP6q/8AlNgf+wtP/pNJTV6t9dOgYvSszJwuq4F+XRj22Y9P2it++xjHPqr9Ou0WP32DbsZ71z/1Z/xv9G6j6eN1pn7My3Q31tXYz3H02T6n85i77H2O/T/oKKWfpc1dF1H6lfVvL6fk4tPTcLFtyKbKq8hmLVurc9rmMvZtbW7fU53qfTYo/Vz6i/Vv6uRZg4/qZYn9dyIsu13j2P2tro/R2uqd9mrp9Wv+e9RJT0CSSSSn/9L1VJJJJSkkkklKSSSSUpJJJJSkkkklKWTk/wDiq6d/4Qzv/P3SlrLJyf8AxVdO/wDCGd/5+6Ukp1lj9fd03IazAzcfNyHbmX014bMpoNjHH7OHZ2H6OLS9tzN/63mU00v9HJu9L9HcthJJTxWThXdRzKsHreD+0squvHwskW41r6LGurqszuqdL6mKsbD6Va2zKy/tH+Hzf2biY9H2TI9FdqkkkpqZ2Fk5Wz0M/IwNk7vs7aHb5iN/23Gy/obfb6fprM+qHTc7D6L045WZkvIwqGOwb2UsbS7065YPSxqMvfRt9H9PfZ/wv6VbySSnmel4mV6XQemOpsrt6Bt+22vaW0u2YmR02v7JeRsy/tL8n7TX6P8AMY7H/b/seZ6eJZe+s1hyPqn1I0VXWuysK1lNTarDaXXVurpZ9lDPtDH77G+pvq/Q/wCG9PY9bCSSnlPrFaM7KoZ+z7M1leOy/FxsnDuuxsh95fuxrmuqZT0nqGP9lorqz+oP/Uqeo5Xr4n01uu6WGdPx8DAybunVYrWV1Oo9N7hXW30mUk51OY3Zt2+7b63s/nFeSSU8/wDVnpXUMWl1mRn5bmty84nFtZjtY8Oycr073bMOrJ/Ttc3M/R3sq9/6L9W/Qqxi2E/WzqA9K4NOFiMba6qxtTnVWZtlrK8pzBj2PYzNx/oW/wDni/09hJJSlk43/iq6j/4Qwf8Az91Vayycb/xVdR/8IYP/AJ+6qkp1lk/VP/xK9G/8IYv/AJ5rWssn6p/+JXo3/hDF/wDPNaSnWSSSSUpJJJJSlk43/iq6j/4Qwf8Az91Vay5+7q3Sum/WrN/aOZj4fq4GF6f2i1lW7bd1Pfs9VzN+zezckp6Bc5hY3VbOr2uyMJ1OPbk2W5fqmh+La2k+n0zNxGttyOoV9T9LF6Tu9b0MJnoZNvoV5noq7/zs+qv/AJc4H/sVT/6US/52fVX/AMucD/2Kp/8ASiSnWWT9Zf8Ak6n/AMP9O/8Ab7DS/wCdn1V/8ucD/wBiqf8A0os/rf1h6Bm4uPjYfU8TJyLM/p+ymq+t73Rm4j3ba63ue7axu5JT0ySSSSlJJJJKQ5WLRmUOx8hu+p8SJLSC0h9dldjC2yq2qxrbKbq3erTb+lq/SLKx/t/RfUZbj2dSpusddZm4zW+sPzXv6hj2XerlWsqZX6T+mVWepWz7Hi9KwqsbEpv21U6r1PF6T03J6lmO24+LWbH6gEx9Guv1HMY621/6Klm/9Jakpqf85ul8BuWX/nVDByzY0fm2WY4xfWqqt97abrK/SvfVf6O/7Pf6YrKcrrV9Npx7On4tW7blOeasyyt4iymmmn34mJls9F9j8q6vOqso/wCTsPOpw+oYvnX+LX685Vv1ry8fqtvs67YbGbnHZXkj+Zrq9e39FVbT+p1s/S3P9LAx/wAxewJKYU01UVMppY2qqpoZXWwBrWtaNrGMY32tY1qmkkkpSSSSSlJJJJKUkkkkpSSSSSlJJJJKf//T9VSSSSUpJJJJSkkkklKSSSSUpJJJJSlUzuk9K6ls/aOHj5npT6f2iplu3dG/Z6rX7N+xm5W0klOT/wA0/qr/AOU2B/7C0/8ApNL/AJp/VX/ymwP/AGFp/wDSa1kklOT/AM0/qr/5TYH/ALC0/wDpNL/mn9Vf/KbA/wDYWn/0mtZJJTk/80/qr/5TYH/sLT/6TS/5p/VX/wApsD/2Fp/9JrWSSU5P/NP6q/8AlNgf+wtP/pNL/mn9Vf8AymwP/YWn/wBJrWSSU5P/ADT+qv8A5TYH/sLT/wCk0v8Amn9Vf/KbA/8AYWn/ANJrWSSU5P8AzT+qv/lNgf8AsLT/AOk0v+af1V/8psD/ANhaf/Sa1kklOT/zT+qv/lNgf+wtP/pNW8HpPSum7/2dh4+H6sep9nqZVu2zs3+k1m/ZvftVtJJSlk/VP/xK9G/8IYv/AJ5rWssn6p/+JXo3/hDF/wDPNaSnWSSSSUpJJJJSkkkklKSSSSUpJJJJSkkkklKSSSSUpBysTFzaHY2ZTXk49kb6bWh7HQQ9u6uwOY7a9u5GSSU8f9U8TFwvrp9bMbDprxsev9nbKamhjGzRY922usNY3c925dguU+rv/i7+t3/tN/8Abd66tJSkkkklKSSSSUpJJJJSkkkklKSSSSUpJJJJT//U9VSSSSUpJJJJSkkkklKSSSSUpJJJJSkkkklKSSSSUpJJJJSkkkklKSSSSUpJJJJSkkkklKSSSSUpZP1T/wDEr0b/AMIYv/nmtayyfqn/AOJXo3/hDF/881pKdZJJJJSkklk2ddu+2ZWLi9Ly8z7HY2q66p2M1m91dWVtb9qzMa122rJq/wAEkp1klk/tnqP/AJRZ/wDn4P8A8kkv2z1H/wAos/8Az8H/AOSSSnWSWT+2eo/+UWf/AJ+D/wDJJL9s9R/8os//AD8H/wCSSSnWSWT+2eo/+UWf/n4P/wAkkv2z1H/yiz/8/B/+SSSnWSVTpfUGdSwxlMqso/SW1Ppt272vossxbmu9B91X87S/+bteraSlJJJJKUkkkkp5T6u/+Lv63f8AtN/9t3rq1yn1d/8AF39bv/ab/wC2711aSlJJJJKUkkkkpSSSSSlJJJJKUkkkkpSSSSSn/9X1VJJJJSkkkklKSSSSUpJJJJSkkkklKSSSSUpJJJJSkkkklKSSSSUpJJJJSkkkklKSSSSUpJJJJSlk/VP/AMSvRv8Awhi/+ea1rLJ+qf8A4lejf+EMX/zzWkp1kkkklKWT0b/lHrv/AIfZ/wC2PTVrLJ6N/wAo9d/8Ps/9sempKdZJJJJTUu6r02jPo6bbk1tzsqfQxpmxwDbLTZ6Tfe2rZj3fpn/ot/6P+cVtZPWf+Uehf+H3/wDtj1JaySlJJJJKcn6tf8nXf+H+o/8At9mLWWT9Wv8Ak67/AMP9R/8Ab7MWskpSSSSSlJJJJKeU+rv/AIu/rd/7Tf8A23eurXKfV3/xd/W7/wBpv/tu9dWkpSSSSSlJJJJKUkkkkpSSSSSlJJJJKUkkkkp//9b1VJJJJSkkkklKSSSSUpJJJJSkkkklKSSSSUpJJJJSkkkklKSSSSUpJJJJSkkkklKSSSSUpJJJJTC66qip91z21VVNL7LHkNa1rRue973e1rGtXNfVj6z/AFbo+rfSaburYVVtWFjssrfkVNc1zaq2vY9jrNzXtculupqvqfTcxttVrSyyt4Dmua4bXsex3tcxzVmf80/qr/5TYH/sLT/6TSUr/nZ9Vf8Ay5wP/Yqn/wBKJf8AOz6q/wDlzgf+xVP/AKUS/wCaf1V/8psD/wBhaf8A0ml/zT+qv/lNgf8AsLT/AOk0lOF1X/Gl9XumdapwHubl4VtLbHdQxLGXtre6x1Rquqq/MrqZ69j67LLv+6y1fqt1DC6lb1jPwLm5GLkZtbqrW8EfYenDv7mva72WVv8AfW/9HYsrqv8Ait+r3U+tU572txMKqltbun4lbKG2PbY6023W1fmWVP8AQsZXXXd/3ZWh9UOi9L6Nkdbxem47ceqvNYxsEudt+yYV4Y660vuext2TfYze/wBnrWJKeguuqoqfdc9tVVTS+yx5DWta0bnve93taxrVmf8AOz6q/wDlzgf+xVP/AKUWskkpwcnrn1Gy7aLsrqHSsi3Fdvx7Lbsd7q3S12+h73udU/dWz+b/AHFY/wCdn1V/8ucD/wBiqf8A0otO26qlofa9tbS5rA5xDRue4VVMl359lr2V1/vvUMrJrxKHZFoscxkSKq33P1Ib7aMZltz/AKX5laSkWD1bpXUt/wCzszHzPSj1Ps9rLdu6dm/0nP2b9j9qtqv07Nq6h0/Gz6Q5tWXTXfW18BwbY1trA8NLm79rv3lYSU8z0T6w9AwsXIxszqeJjZFef1DfTbfWx7Zzct7d1dj2vbuY7ctD/nZ9Vf8Ay5wP/Yqn/wBKJfVr/k67/wAP9R/9vsxaySnJ/wCdn1V/8ucD/wBiqf8A0ol/zs+qv/lzgf8AsVT/AOlFrJJKcn/nZ9Vf/LnA/wDYqn/0ol/zs+qv/lzgf+xVP/pRaySSnj/qnl4ub9dPrZk4d1eTj2fs7ZdU4PY6KLGO22VlzHbXt2rsEkklKSSSSUpJJJJSkkkklKSSSSUpJJJJSkkkklP/1/VUkkklKSSSSUpJJJJSkkkklKSSSSUpJJJJSkkkklKSSSSUpJJJJSkkkklKSSSSUpJJJJSkkkklKSSSSUpJJJJSlk9G/wCUeu/+H2f+2PTVrLJ6N/yj13/w+z/2x6akp1lyX1dzsXrHVGZtOZdklzXZjXUZb3VsrsGyrpvV+lMc/AwMjHry62Y3o+rdm3dNyMy22q31q7etSSU859a6utHHY6nKxmYpzeniup+NY+wO+14jWOfe3NqZYxt/6TZ9mr/Q/ofU/wC1C2Md2Vi4tlvVsnHf6e6x19dZx62VtG53qC/Iy/obXvfb62zYraSSnH+p11V31T6O+p7bGjCoYXNIcNzK2VWslv59drH12fuPWwkkkpyfq1/ydd/4f6j/AO32YtZZP1a/5Ou/8P8AUf8A2+zFrJKUkkkkpSSSSSlJJJJKUkkkkpSSSSSlJJJJKUkkkkpSSSSSlJJJJKf/0PVUkkklKSSSSUpJJJJSkkkklKSSSSUpJJJJSkkkklKSSSSUpJJJJSkkkklKSSSSUpJJJJSkkkklKSSSSUpJJJJSln5X1e6Bm3uyczpmJk5Fkb7raK3vdADG7rLGOe7axu1aCSSnJ/5p/VX/AMpsD/2Fp/8ASaX/ADT+qv8A5TYH/sLT/wCk1rJJKcn/AJp/VX/ymwP/AGFp/wDSaX/NP6q/+U2B/wCwtP8A6TWskkpyf+af1V/8psD/ANhaf/SaX/NP6q/+U2B/7C0/+k1rJJKQ4uJi4VDcbDprxseudlNTQxjZJe7bXWGsbue7cjJJJKUkkkkpSSSSSlJJJJKUkkkkpSSSSSlJJJJKUkkkkpSSSSSlJJJJKf/Z');
INSERT INTO `questions` (`question_id`, `test_id`, `question_text`, `level`, `type`, `attachment`) VALUES
(2, 2, '      ', 1, 1, 'data:image/jpeg;base64,/9j/4AAQSkZJRgABAgEASABIAAD/4Qi0RXhpZgAATU0AKgAAAAgABwESAAMAAAABAAEAAAEaAAUAAAABAAAAYgEbAAUAAAABAAAAagEoAAMAAAABAAIAAAExAAIAAAAUAAAAcgEyAAIAAAAUAAAAhodpAAQAAAABAAAAnAAAAMgAAABIAAAAAQAAAEgAAAABQWRvYmUgUGhvdG9zaG9wIDcuMAAyMDA1OjA0OjA1IDE0OjU1OjExAAAAAAOgAQADAAAAAf//AACgAgAEAAAAAQAAAcqgAwAEAAAAAQAAAJgAAAAAAAAABgEDAAMAAAABAAYAAAEaAAUAAAABAAABFgEbAAUAAAABAAABHgEoAAMAAAABAAIAAAIBAAQAAAABAAABJgICAAQAAAABAAAHhgAAAAAAAABIAAAAAQAAAEgAAAAB/9j/4AAQSkZJRgABAgEASABIAAD/7QAMQWRvYmVfQ00AAv/uAA5BZG9iZQBkgAAAAAH/2wCEAAwICAgJCAwJCQwRCwoLERUPDAwPFRgTExUTExgRDAwMDAwMEQwMDAwMDAwMDAwMDAwMDAwMDAwMDAwMDAwMDAwBDQsLDQ4NEA4OEBQODg4UFA4ODg4UEQwMDAwMEREMDAwMDAwRDAwMDAwMDAwMDAwMDAwMDAwMDAwMDAwMDAwMDP/AABEIACoAgAMBIgACEQEDEQH/3QAEAAj/xAE/AAABBQEBAQEBAQAAAAAAAAADAAECBAUGBwgJCgsBAAEFAQEBAQEBAAAAAAAAAAEAAgMEBQYHCAkKCxAAAQQBAwIEAgUHBggFAwwzAQACEQMEIRIxBUFRYRMicYEyBhSRobFCIyQVUsFiMzRygtFDByWSU/Dh8WNzNRaisoMmRJNUZEXCo3Q2F9JV4mXys4TD03Xj80YnlKSFtJXE1OT0pbXF1eX1VmZ2hpamtsbW5vY3R1dnd4eXp7fH1+f3EQACAgECBAQDBAUGBwcGBTUBAAIRAyExEgRBUWFxIhMFMoGRFKGxQiPBUtHwMyRi4XKCkkNTFWNzNPElBhaisoMHJjXC0kSTVKMXZEVVNnRl4vKzhMPTdePzRpSkhbSVxNTk9KW1xdXl9VZmdoaWprbG1ub2JzdHV2d3h5ent8f/2gAMAwEAAhEDEQA/APSc3KzKXgY2Ocg7HEM+juf/AIJnre5lTfb+k9Rv+Er9P/CIJ6rfbD8TGsspc07bHsfWdw9TfuqubXc1jPSr2ez9Z+01/Z/oWK5kty3NAxba6nz7jbWbAR4BrLsfa7+0q/o9b/7l4v8A7DWf+9qSm6OPBQuyMfHaHX2MqBmC9waNBud9L91qpXUdedTY2rNxmWOa4Mf9mf7XEex3uy3t9rv5CoUtz8Fjv2jm12Zw2t+3va2hllIbW3021l3pV32X+s72us9K39P/ADNleJYlO+CCAQZB4KdZDW59OPdbgPqow2Avoouoe50Bu5+oyKNrH2bv8ErIq60RP2vF/wDYaz/3tSU3lVZfmWbnV1V7GvcwbrHAnY4sk/ov5KBdj9edVY2vNxmWOa4MeMZ/tcR7H+7Me32u/koWHZfhdNx6s3MZZlvvdQcg07Rda59g9uNXYfTe/wCn7X7Ppv8A0aSm5Vfl2t3sZUWyWk73jVpLH6OpH0XNRca03Y9VzmhpsY1xaDIBImN0N3f5qp9PymOtFFbgWOFlgArNZJbZsuO2211/8876XpbH/wCkQ8SjrBxajVl0NrLAWNdjucQ2Pa1zxlM37W/n7ElOqkqH2frn/c3H/wDYZ3/vYgZmF9ZLqDXjdUoxbdzSLm4m8gAy5my3Kez9J9FJTofa8YWen6g3btk/m7v9F6n0PV/4Ld6iWW7IZjWOxWB98RU08bjoHO91e5jPpvb6iyg5muO1gawCT0z/AAoLi9jcrn+ZsuY//gn+/L+0ev8AokQVdfxsSr1c7HtsaKq7HnGd7nEsqfZpls+k470lJ29Tvn0bcS2rKfuNTA19le33+j6+XWz7LTY/Z+kq9b9F/Lr2Wo+LdlWPeL6vSaPoefue3d/1xjGW+n/gvU96D9n63/3Nx/8A2Gd/72JsTD6wzqD8nL6g2/EdUGMwq6BW1tgMnI9Z1t9znOb7PT3emkp//9D1VJJJJSllfWLEoycbF9Zpd6OdiW1w5zIeLq2Bx9NzN/tf9B/sWqqHWv6NT/4bxf8A24pSU2M7+hZH/FP/AOpKM36I+Chk1utx7am6OsY5oniSIWW3qH1j2iekVgxx9rb/AOkElOllZNeLSbrZ2hzWANEkue5tVbR/Wse1qz3Y2V6j3V251LXuLvTZ9lLWlx3O2eqyx/0v5ao9TzfrDYceq/plVGG66k5F/wBpD3MIyMX0fTrbTusc/wDSez/wev8Awu1bntqtdXsLiyJILfztsaF+76T2pKaX2bO/7k9Q+7D/APSSvYLmsqbi7bGux2Mb+l27nCNrXl1R2e7YgY2YyqoMZW5zN0gh9R/nHua3Rlrvb6p9JENljM67ZU62a6p2lojW7/SPYkpuJKv9ov8A+4tn+dX/AOlUvtF//cWz/Or/APSqSnOx8er/AJ35+RB9VvT8NoO50Q+7qG4enu9P/AV/mf8AnyxaOd/MD/jKv/PlarYuNkftnLz7GenVfjY1DGuILt1L822w+wvbs25dWz3fvqznfzA/4yr/AM+VpKbCSSSSn//R9VSSSSUpUOsNe7Fq2tc/bk4ziGtLiGtvqc921gc7axvuer6SSmv9uo8LP+2rP/SaX26jws/7as/9Jqwkkpz+oPqy8b0WOfW4Pqsa402OE1WMvgtDa/pelt+mg2htpebNrvVAa+ca/UD+1/JatZJJTjtppa0NYytoaxtbS3GuBDGH1K6w8O37Gv8AcrNGQG3WW3Oc4va1oDKLWwG7z+d6n+kV9JJTX+3UeFn/AG1Z/wCk0vt1HhZ/21Z/6TVhJJTX+3UeFn/bVn/pNCycmu2ttdbbC42VwPTsHFjCdSxXUklKSSSSU//Z/+0NUlBob3Rvc2hvcCAzLjAAOEJJTQQlAAAAAAAQAAAAAAAAAAAAAAAAAAAAADhCSU0D7QAAAAAAEABIAAAAAQACAEgAAAABAAI4QklNBCYAAAAAAA4AAAAAAAAAAAAAP4AAADhCSU0EDQAAAAAABAAAAB44QklNBBkAAAAAAAQAAAAeOEJJTQPzAAAAAAAJAAAAAAAAAAABADhCSU0ECgAAAAAAAQAAOEJJTScQAAAAAAAKAAEAAAAAAAAAAjhCSU0D9QAAAAAASAAvZmYAAQBsZmYABgAAAAAAAQAvZmYAAQChmZoABgAAAAAAAQAyAAAAAQBaAAAABgAAAAAAAQA1AAAAAQAtAAAABgAAAAAAAThCSU0D+AAAAAAAcAAA/////////////////////////////wPoAAAAAP////////////////////////////8D6AAAAAD/////////////////////////////A+gAAAAA/////////////////////////////wPoAAA4QklNBAgAAAAAABAAAAABAAACQAAAAkAAAAAAOEJJTQQeAAAAAAAEAAAAADhCSU0EGgAAAAADSwAAAAYAAAAAAAAAAAAAAJgAAAHKAAAACwB0AGUAcwB0AF8AMQBfADAAMgBfAHoAAAABAAAAAAAAAAAAAAAAAAAAAAAAAAEAAAAAAAAAAAAAAcoAAACYAAAAAAAAAAAAAAAAAAAAAAEAAAAAAAAAAAAAAAAAAAAAAAAAEAAAAAEAAAAAAABudWxsAAAAAgAAAAZib3VuZHNPYmpjAAAAAQAAAAAAAFJjdDEAAAAEAAAAAFRvcCBsb25nAAAAAAAAAABMZWZ0bG9uZwAAAAAAAAAAQnRvbWxvbmcAAACYAAAAAFJnaHRsb25nAAABygAAAAZzbGljZXNWbExzAAAAAU9iamMAAAABAAAAAAAFc2xpY2UAAAASAAAAB3NsaWNlSURsb25nAAAAAAAAAAdncm91cElEbG9uZwAAAAAAAAAGb3JpZ2luZW51bQAAAAxFU2xpY2VPcmlnaW4AAAANYXV0b0dlbmVyYXRlZAAAAABUeXBlZW51bQAAAApFU2xpY2VUeXBlAAAAAEltZyAAAAAGYm91bmRzT2JqYwAAAAEAAAAAAABSY3QxAAAABAAAAABUb3AgbG9uZwAAAAAAAAAATGVmdGxvbmcAAAAAAAAAAEJ0b21sb25nAAAAmAAAAABSZ2h0bG9uZwAAAcoAAAADdXJsVEVYVAAAAAEAAAAAAABudWxsVEVYVAAAAAEAAAAAAABNc2dlVEVYVAAAAAEAAAAAAAZhbHRUYWdURVhUAAAAAQAAAAAADmNlbGxUZXh0SXNIVE1MYm9vbAEAAAAIY2VsbFRleHRURVhUAAAAAQAAAAAACWhvcnpBbGlnbmVudW0AAAAPRVNsaWNlSG9yekFsaWduAAAAB2RlZmF1bHQAAAAJdmVydEFsaWduZW51bQAAAA9FU2xpY2VWZXJ0QWxpZ24AAAAHZGVmYXVsdAAAAAtiZ0NvbG9yVHlwZWVudW0AAAARRVNsaWNlQkdDb2xvclR5cGUAAAAATm9uZQAAAAl0b3BPdXRzZXRsb25nAAAAAAAAAApsZWZ0T3V0c2V0bG9uZwAAAAAAAAAMYm90dG9tT3V0c2V0bG9uZwAAAAAAAAALcmlnaHRPdXRzZXRsb25nAAAAAAA4QklNBBEAAAAAAAEBADhCSU0EFAAAAAAABAAAAAE4QklNBAwAAAAAB6IAAAABAAAAgAAAACoAAAGAAAA/AAAAB4YAGAAB/9j/4AAQSkZJRgABAgEASABIAAD/7QAMQWRvYmVfQ00AAv/uAA5BZG9iZQBkgAAAAAH/2wCEAAwICAgJCAwJCQwRCwoLERUPDAwPFRgTExUTExgRDAwMDAwMEQwMDAwMDAwMDAwMDAwMDAwMDAwMDAwMDAwMDAwBDQsLDQ4NEA4OEBQODg4UFA4ODg4UEQwMDAwMEREMDAwMDAwRDAwMDAwMDAwMDAwMDAwMDAwMDAwMDAwMDAwMDP/AABEIACoAgAMBIgACEQEDEQH/3QAEAAj/xAE/AAABBQEBAQEBAQAAAAAAAAADAAECBAUGBwgJCgsBAAEFAQEBAQEBAAAAAAAAAAEAAgMEBQYHCAkKCxAAAQQBAwIEAgUHBggFAwwzAQACEQMEIRIxBUFRYRMicYEyBhSRobFCIyQVUsFiMzRygtFDByWSU/Dh8WNzNRaisoMmRJNUZEXCo3Q2F9JV4mXys4TD03Xj80YnlKSFtJXE1OT0pbXF1eX1VmZ2hpamtsbW5vY3R1dnd4eXp7fH1+f3EQACAgECBAQDBAUGBwcGBTUBAAIRAyExEgRBUWFxIhMFMoGRFKGxQiPBUtHwMyRi4XKCkkNTFWNzNPElBhaisoMHJjXC0kSTVKMXZEVVNnRl4vKzhMPTdePzRpSkhbSVxNTk9KW1xdXl9VZmdoaWprbG1ub2JzdHV2d3h5ent8f/2gAMAwEAAhEDEQA/APSc3KzKXgY2Ocg7HEM+juf/AIJnre5lTfb+k9Rv+Er9P/CIJ6rfbD8TGsspc07bHsfWdw9TfuqubXc1jPSr2ez9Z+01/Z/oWK5kty3NAxba6nz7jbWbAR4BrLsfa7+0q/o9b/7l4v8A7DWf+9qSm6OPBQuyMfHaHX2MqBmC9waNBud9L91qpXUdedTY2rNxmWOa4Mf9mf7XEex3uy3t9rv5CoUtz8Fjv2jm12Zw2t+3va2hllIbW3021l3pV32X+s72us9K39P/ADNleJYlO+CCAQZB4KdZDW59OPdbgPqow2Avoouoe50Bu5+oyKNrH2bv8ErIq60RP2vF/wDYaz/3tSU3lVZfmWbnV1V7GvcwbrHAnY4sk/ov5KBdj9edVY2vNxmWOa4MeMZ/tcR7H+7Me32u/koWHZfhdNx6s3MZZlvvdQcg07Rda59g9uNXYfTe/wCn7X7Ppv8A0aSm5Vfl2t3sZUWyWk73jVpLH6OpH0XNRca03Y9VzmhpsY1xaDIBImN0N3f5qp9PymOtFFbgWOFlgArNZJbZsuO2211/8876XpbH/wCkQ8SjrBxajVl0NrLAWNdjucQ2Pa1zxlM37W/n7ElOqkqH2frn/c3H/wDYZ3/vYgZmF9ZLqDXjdUoxbdzSLm4m8gAy5my3Kez9J9FJTofa8YWen6g3btk/m7v9F6n0PV/4Ld6iWW7IZjWOxWB98RU08bjoHO91e5jPpvb6iyg5muO1gawCT0z/AAoLi9jcrn+ZsuY//gn+/L+0ev8AokQVdfxsSr1c7HtsaKq7HnGd7nEsqfZpls+k470lJ29Tvn0bcS2rKfuNTA19le33+j6+XWz7LTY/Z+kq9b9F/Lr2Wo+LdlWPeL6vSaPoefue3d/1xjGW+n/gvU96D9n63/3Nx/8A2Gd/72JsTD6wzqD8nL6g2/EdUGMwq6BW1tgMnI9Z1t9znOb7PT3emkp//9D1VJJJJSllfWLEoycbF9Zpd6OdiW1w5zIeLq2Bx9NzN/tf9B/sWqqHWv6NT/4bxf8A24pSU2M7+hZH/FP/AOpKM36I+Chk1utx7am6OsY5oniSIWW3qH1j2iekVgxx9rb/AOkElOllZNeLSbrZ2hzWANEkue5tVbR/Wse1qz3Y2V6j3V251LXuLvTZ9lLWlx3O2eqyx/0v5ao9TzfrDYceq/plVGG66k5F/wBpD3MIyMX0fTrbTusc/wDSez/wev8Awu1bntqtdXsLiyJILfztsaF+76T2pKaX2bO/7k9Q+7D/APSSvYLmsqbi7bGux2Mb+l27nCNrXl1R2e7YgY2YyqoMZW5zN0gh9R/nHua3Rlrvb6p9JENljM67ZU62a6p2lojW7/SPYkpuJKv9ov8A+4tn+dX/AOlUvtF//cWz/Or/APSqSnOx8er/AJ35+RB9VvT8NoO50Q+7qG4enu9P/AV/mf8AnyxaOd/MD/jKv/PlarYuNkftnLz7GenVfjY1DGuILt1L822w+wvbs25dWz3fvqznfzA/4yr/AM+VpKbCSSSSn//R9VSSSSUpUOsNe7Fq2tc/bk4ziGtLiGtvqc921gc7axvuer6SSmv9uo8LP+2rP/SaX26jws/7as/9Jqwkkpz+oPqy8b0WOfW4Pqsa402OE1WMvgtDa/pelt+mg2htpebNrvVAa+ca/UD+1/JatZJJTjtppa0NYytoaxtbS3GuBDGH1K6w8O37Gv8AcrNGQG3WW3Oc4va1oDKLWwG7z+d6n+kV9JJTX+3UeFn/AG1Z/wCk0vt1HhZ/21Z/6TVhJJTX+3UeFn/bVn/pNCycmu2ttdbbC42VwPTsHFjCdSxXUklKSSSSU//ZOEJJTQQhAAAAAABVAAAAAQEAAAAPAEEAZABvAGIAZQAgAFAAaABvAHQAbwBzAGgAbwBwAAAAEwBBAGQAbwBiAGUAIABQAGgAbwB0AG8AcwBoAG8AcAAgADcALgAwAAAAAQA4QklNBAYAAAAAAAcAAQAAAAEBAP/hEkhodHRwOi8vbnMuYWRvYmUuY29tL3hhcC8xLjAvADw/eHBhY2tldCBiZWdpbj0n77u/JyBpZD0nVzVNME1wQ2VoaUh6cmVTek5UY3prYzlkJz8+Cjw/YWRvYmUteGFwLWZpbHRlcnMgZXNjPSJDUiI/Pgo8eDp4YXBtZXRhIHhtbG5zOng9J2Fkb2JlOm5zOm1ldGEvJyB4OnhhcHRrPSdYTVAgdG9vbGtpdCAyLjguMi0zMywgZnJhbWV3b3JrIDEuNSc+CjxyZGY6UkRGIHhtbG5zOnJkZj0naHR0cDovL3d3dy53My5vcmcvMTk5OS8wMi8yMi1yZGYtc3ludGF4LW5zIycgeG1sbnM6aVg9J2h0dHA6Ly9ucy5hZG9iZS5jb20vaVgvMS4wLyc+CgogPHJkZjpEZXNjcmlwdGlvbiBhYm91dD0ndXVpZDo4ODJjYjU4Ny1hNWM5LTExZDktYjRiMC05OWIwNjcwYzFhZGYnCiAgeG1sbnM6eGFwTU09J2h0dHA6Ly9ucy5hZG9iZS5jb20veGFwLzEuMC9tbS8nPgogIDx4YXBNTTpEb2N1bWVudElEPmFkb2JlOmRvY2lkOnBob3Rvc2hvcDplMDIyYmJlMS1hNWMzLTExZDktYjRiMC05OWIwNjcwYzFhZGY8L3hhcE1NOkRvY3VtZW50SUQ+CiA8L3JkZjpEZXNjcmlwdGlvbj4KCjwvcmRmOlJERj4KPC94OnhhcG1ldGE+CiAgICAgICAgICAgICAgICAgICAgICAgICAgICAgICAgICAgICAgICAgICAgICAgICAgICAgICAgICAgICAgICAgICAgICAgICAgICAgICAgICAgICAgICAgICAgICAgICAgICAKICAgICAgICAgICAgICAgICAgICAgICAgICAgICAgICAgICAgICAgICAgICAgICAgICAgICAgICAgICAgICAgICAgICAgICAgICAgICAgICAgICAgICAgICAgICAgICAgICAgIAogICAgICAgICAgICAgICAgICAgICAgICAgICAgICAgICAgICAgICAgICAgICAgICAgICAgICAgICAgICAgICAgICAgICAgICAgICAgICAgICAgICAgICAgICAgICAgICAgICAgCiAgICAgICAgICAgICAgICAgICAgICAgICAgICAgICAgICAgICAgICAgICAgICAgICAgICAgICAgICAgICAgICAgICAgICAgICAgICAgICAgICAgICAgICAgICAgICAgICAgICAKICAgICAgICAgICAgICAgICAgICAgICAgICAgICAgICAgICAgICAgICAgICAgICAgICAgICAgICAgICAgICAgICAgICAgICAgICAgICAgICAgICAgICAgICAgICAgICAgICAgIAogICAgICAgICAgICAgICAgICAgICAgICAgICAgICAgICAgICAgICAgICAgICAgICAgICAgICAgICAgICAgICAgICAgICAgICAgICAgICAgICAgICAgICAgICAgICAgICAgICAgCiAgICAgICAgICAgICAgICAgICAgICAgICAgICAgICAgICAgICAgICAgICAgICAgICAgICAgICAgICAgICAgICAgICAgICAgICAgICAgICAgICAgICAgICAgICAgICAgICAgICAKICAgICAgICAgICAgICAgICAgICAgICAgICAgICAgICAgICAgICAgICAgICAgICAgICAgICAgICAgICAgICAgICAgICAgICAgICAgICAgICAgICAgICAgICAgICAgICAgICAgIAogICAgICAgICAgICAgICAgICAgICAgICAgICAgICAgICAgICAgICAgICAgICAgICAgICAgICAgICAgICAgICAgICAgICAgICAgICAgICAgICAgICAgICAgICAgICAgICAgICAgCiAgICAgICAgICAgICAgICAgICAgICAgICAgICAgICAgICAgICAgICAgICAgICAgICAgICAgICAgICAgICAgICAgICAgICAgICAgICAgICAgICAgICAgICAgICAgICAgICAgICAKICAgICAgICAgICAgICAgICAgICAgICAgICAgICAgICAgICAgICAgICAgICAgICAgICAgICAgICAgICAgICAgICAgICAgICAgICAgICAgICAgICAgICAgICAgICAgICAgICAgIAogICAgICAgICAgICAgICAgICAgICAgICAgICAgICAgICAgICAgICAgICAgICAgICAgICAgICAgICAgICAgICAgICAgICAgICAgICAgICAgICAgICAgICAgICAgICAgICAgICAgCiAgICAgICAgICAgICAgICAgICAgICAgICAgICAgICAgICAgICAgICAgICAgICAgICAgICAgICAgICAgICAgICAgICAgICAgICAgICAgICAgICAgICAgICAgICAgICAgICAgICAKICAgICAgICAgICAgICAgICAgICAgICAgICAgICAgICAgICAgICAgICAgICAgICAgICAgICAgICAgICAgICAgICAgICAgICAgICAgICAgICAgICAgICAgICAgICAgICAgICAgIAogICAgICAgICAgICAgICAgICAgICAgICAgICAgICAgICAgICAgICAgICAgICAgICAgICAgICAgICAgICAgICAgICAgICAgICAgICAgICAgICAgICAgICAgICAgICAgICAgICAgCiAgICAgICAgICAgICAgICAgICAgICAgICAgICAgICAgICAgICAgICAgICAgICAgICAgICAgICAgICAgICAgICAgICAgICAgICAgICAgICAgICAgICAgICAgICAgICAgICAgICAKICAgICAgICAgICAgICAgICAgICAgICAgICAgICAgICAgICAgICAgICAgICAgICAgICAgICAgICAgICAgICAgICAgICAgICAgICAgICAgICAgICAgICAgICAgICAgICAgICAgIAogICAgICAgICAgICAgICAgICAgICAgICAgICAgICAgICAgICAgICAgICAgICAgICAgICAgICAgICAgICAgICAgICAgICAgICAgICAgICAgICAgICAgICAgICAgICAgICAgICAgCiAgICAgICAgICAgICAgICAgICAgICAgICAgICAgICAgICAgICAgICAgICAgICAgICAgICAgICAgICAgICAgICAgICAgICAgICAgICAgICAgICAgICAgICAgICAgICAgICAgICAKICAgICAgICAgICAgICAgICAgICAgICAgICAgICAgICAgICAgICAgICAgICAgICAgICAgICAgICAgICAgICAgICAgICAgICAgICAgICAgICAgICAgICAgICAgICAgICAgICAgIAogICAgICAgICAgICAgICAgICAgICAgICAgICAgICAgICAgICAgICAgICAgICAgICAgICAgICAgICAgICAgICAgICAgICAgICAgICAgICAgICAgICAgICAgICAgICAgICAgICAgCiAgICAgICAgICAgICAgICAgICAgICAgICAgICAgICAgICAgICAgICAgICAgICAgICAgICAgICAgICAgICAgICAgICAgICAgICAgICAgICAgICAgICAgICAgICAgICAgICAgICAKICAgICAgICAgICAgICAgICAgICAgICAgICAgICAgICAgICAgICAgICAgICAgICAgICAgICAgICAgICAgICAgICAgICAgICAgICAgICAgICAgICAgICAgICAgICAgICAgICAgIAogICAgICAgICAgICAgICAgICAgICAgICAgICAgICAgICAgICAgICAgICAgICAgICAgICAgICAgICAgICAgICAgICAgICAgICAgICAgICAgICAgICAgICAgICAgICAgICAgICAgCiAgICAgICAgICAgICAgICAgICAgICAgICAgICAgICAgICAgICAgICAgICAgICAgICAgICAgICAgICAgICAgICAgICAgICAgICAgICAgICAgICAgICAgICAgICAgICAgICAgICAKICAgICAgICAgICAgICAgICAgICAgICAgICAgICAgICAgICAgICAgICAgICAgICAgICAgICAgICAgICAgICAgICAgICAgICAgICAgICAgICAgICAgICAgICAgICAgICAgICAgIAogICAgICAgICAgICAgICAgICAgICAgICAgICAgICAgICAgICAgICAgICAgICAgICAgICAgICAgICAgICAgICAgICAgICAgICAgICAgICAgICAgICAgICAgICAgICAgICAgICAgCiAgICAgICAgICAgICAgICAgICAgICAgICAgICAgICAgICAgICAgICAgICAgICAgICAgICAgICAgICAgICAgICAgICAgICAgICAgICAgICAgICAgICAgICAgICAgICAgICAgICAKICAgICAgICAgICAgICAgICAgICAgICAgICAgICAgICAgICAgICAgICAgICAgICAgICAgICAgICAgICAgICAgICAgICAgICAgICAgICAgICAgICAgICAgICAgICAgICAgICAgIAogICAgICAgICAgICAgICAgICAgICAgICAgICAgICAgICAgICAgICAgICAgICAgICAgICAgICAgICAgICAgICAgICAgICAgICAgICAgICAgICAgICAgICAgICAgICAgICAgICAgCiAgICAgICAgICAgICAgICAgICAgICAgICAgICAgICAgICAgICAgICAgICAgICAgICAgICAgICAgICAgICAgICAgICAgICAgICAgICAgICAgICAgICAgICAgICAgICAgICAgICAKICAgICAgICAgICAgICAgICAgICAgICAgICAgICAgICAgICAgICAgICAgICAgICAgICAgICAgICAgICAgICAgICAgICAgICAgICAgICAgICAgICAgICAgICAgICAgICAgICAgIAogICAgICAgICAgICAgICAgICAgICAgICAgICAgICAgICAgICAgICAgICAgICAgICAgICAgICAgICAgICAgICAgICAgICAgICAgICAgICAgICAgICAgICAgICAgICAgICAgICAgCiAgICAgICAgICAgICAgICAgICAgICAgICAgICAgICAgICAgICAgICAgICAgICAgICAgICAgICAgICAgICAgICAgICAgICAgICAgICAgICAgICAgICAgICAgICAgICAgICAgICAKICAgICAgICAgICAgICAgICAgICAgICAgICAgICAgICAgICAgICAgICAgICAgICAgICAgICAgICAgICAgICAgICAgICAgICAgICAgICAgICAgICAgICAgICAgICAgICAgICAgIAogICAgICAgICAgICAgICAgICAgICAgICAgICAgICAgICAgICAgICAgICAgICAgICAgICAgICAgICAgICAgICAgICAgICAgICAgICAgICAgICAgICAgICAgICAgICAgICAgICAgCiAgICAgICAgICAgICAgICAgICAgICAgICAgICAgICAgICAgICAgICAgICAgICAgICAgICAgICAgICAgICAgICAgICAgICAgICAgICAgICAgICAgICAgICAgICAgICAgICAgICAKICAgICAgICAgICAgICAgICAgICAgICAgICAgICAgICAgICAgICAgICAgICAgICAgICAgICAgICAgICAgICAgICAgICAgICAgICAgICAgICAgICAgICAgICAgICAgICAgICAgIAogICAgICAgICAgICAgICAgICAgICAgICAgICAgICAgICAgICAgICAgICAgICAgICAgICAgICAgICAgICAgICAgICAgICAgICAgICAgICAgICAgICAgICAgICAgICAgICAgICAgCiAgICAgICAgICAgICAgICAgICAgICAgICAgICAgICAgICAgICAgICAgICAgICAgICAgICAgICAgICAgICAgICAgICAgICAgICAgICAgICAgICAgICAgICAgICAgICAgICAgICAKICAgICAgICAgICAgICAgICAgICAgICAgICAgICAgICAgICAgICAgICAgICAgICAgICAgICAgIAo8P3hwYWNrZXQgZW5kPSd3Jz8+/+4ADkFkb2JlAGSAAAAAAf/bAIQADAgICAkIDAkJDBELCgsRFQ8MDA8VGBMTFRMTGBEMDAwMDAwRDAwMDAwMDAwMDAwMDAwMDAwMDAwMDAwMDAwMDAENCwsNDg0QDg4QFA4ODhQUDg4ODhQRDAwMDAwREQwMDAwMDBEMDAwMDAwMDAwMDAwMDAwMDAwMDAwMDAwMDAwM/8AAEQgAmAHKAwEiAAIRAQMRAf/dAAQAHf/EAT8AAAEFAQEBAQEBAAAAAAAAAAMAAQIEBQYHCAkKCwEAAQUBAQEBAQEAAAAAAAAAAQACAwQFBgcICQoLEAABBAEDAgQCBQcGCAUDDDMBAAIRAwQhEjEFQVFhEyJxgTIGFJGhsUIjJBVSwWIzNHKC0UMHJZJT8OHxY3M1FqKygyZEk1RkRcKjdDYX0lXiZfKzhMPTdePzRieUpIW0lcTU5PSltcXV5fVWZnaGlqa2xtbm9jdHV2d3h5ent8fX5/cRAAICAQIEBAMEBQYHBwYFNQEAAhEDITESBEFRYXEiEwUygZEUobFCI8FS0fAzJGLhcoKSQ1MVY3M08SUGFqKygwcmNcLSRJNUoxdkRVU2dGXi8rOEw9N14/NGlKSFtJXE1OT0pbXF1eX1VmZ2hpamtsbW5vYnN0dXZ3eHl6e3x//aAAwDAQACEQMRAD8A9VSSVfqObV0/p+Tn3BzqsSmy+xrILi2trrXhgcWt37W/vJKbCSz+l9T9fpIzc51dL6PVrzXztpbZivsxc2yt1jvbietj3Ppfb7/s/wDOouL1bpWa9teHmY+S+ys3MbVax5dWHGh1zW1uduqbc30fU+h6v6NJTbSSVHEzbczNyBUGjCxXGg2GS628bHWmh7T6X2fF9+Lb/OWWZv2ij9W+w/raU3klk2dexcjFtyui5GP1T7FFmVj4zxfY6uH/AKOj7O9+zLfs34zLGbMl9X2X9D6v2rH06bqr6mXUvbbVa0PrsYQ5rmuG5j2Pb7XMc1JTNJJJJSkkkklKSSSSUpJJJJSkkkklKSSSSUpJJJJSkkkklKSSVTqHVMPprKn5Rs/T2elSyqqy97n7X37W04td1v8ANU22fQ/MSU20lk/85enf6HP/APcdnf8AvGl/zl6d/oc//wBx2d/7xpKdZJZP/OXp3+hz/wD3HZ3/ALxpf85enf6HP/8Acdnf+8aSnWSWT/zl6d/oc/8A9x2d/wC8aX/OXp3+hz//AHHZ3/vGkp1kln4fXen5uUMOoZFeQa3WtZkY2Rj7mMNddrmOzKKGP2Pvp3bP9ItBJSkkkklKSSSSUpJJJJSkkkklKSSSSUpJJJJSkkkklKSSWP8AWTqebg49Ten1uvzLHOtFNY3PdVjMfm3sbVstdsy3U09K9bZ+r3dSx7P570abUp2Eln53X+k4FFGVlX7cTJ2+nltY+ygB5Yyqy7LpZZjY9Vjrq/TuyLaqnq1i5NeXQ3IqFjWPmBbW+l+hLfdRksquZ9H8+tJSZJJZ+RlX3dVr6bjO9MVVtys20AFwYX7MTGY2wbP159OX6lzfV9CjEtr/AEN2Xi5VKU6CSzLOt9Ouyv2ZXfdXk3usx6ciumw1+qxlllrKc2yi3pz8jH9C7dU6yzZdRZTbVvrsqRelZtuVVdXkhrczDudj5TWSG7mhttVrAS/YzKxLsbM9L1bvs/2j7Nbc+6mxJTeSSSSU/wD/0PVVj/WEZz3dPZj4V2djNyW35jKXUsO2hrrsUTl5GL7/ANojCyP0TvoY1vrez9DfsJJKecoyutUZvVMujomSK8imq6nHstxGm3LZuxbt1rMzI9FlmIzp3/BbMPI/RfaP6XDFy6fqti9Rd1ZtdFL8v1qMtvpVDLuyw2+5rWvyC5lrM05FDPtjqq8fp1WL62XbVjZOWumVTqHS8PqTKmZQs/QWerS+q2yh7X7X0bm3YtlNv81dbX9P89JTU6N9YGdXsuqbg5eG/H2+uMpjWbC9lOTTW7Zbb+ltpyd/os/S43p/rv2b1Mb18/0729I6p0hmL9tyG5dv2jE3Bhtw+oZL8u2zHfZbif8AaDLyseu51tNf7Rw8mlnqegtjp3Rel9LLz0/HbjB7QwtYTtDRZkZbWMrnZWxt+dlP/R/6T0/5qupWzTUbW3FjTaxrmMsIG4NeWOsY1/0mssdVVv8A+LrSU4+HkZPTum5XUuq12OtbDavUbQc62tv9GxL/ALDtwrsuzNvyaun0Yr9mzIxv+1luQrvQ8K3p/Ren4Fxa63ExqaLHMktLq62VPLC4Nds3N/dVt9NVjq32Ma91Lt9TnAEtcWuq31k/Qf6Vllf9SxTSUpJJJJSkkkklKSWOzrGR1V1jOgmk1Uu2XZ+QHljXlrb2NxsRvoPz2WUPqt+0fasXF9HKx8jEvzv0tKl+xuo/+Xuf/mYP/wAjUlOsksd3VcjpNuPT122l7c65mPiZWPU+tpvsO2vCtxnW5trH2R6lWV632f8Anq8j7J6VH2zYSUpJJJJSkkkklKSSSSUpJJJJSlk9Z/5R6F/4ff8A+2PUlrLJ6z/yj0L/AMPv/wDbHqSSnWSSSSUwuuqoqfdc9tVVTS+yx5DWta0bnve93taxrULC6j0/qFRuwMmnLqa7Y6yixtjQ4AOLC+pzm79rmottNVzQy1jbGhzXhrgHDcxwtqfDvz67WMsr/cesfojso9V6gOp11s6oa6HuNFhspGI5+WzAordZVi2erTZXmvyN9X6Sy71PW9H0sLCSnbSSSSU5OT/4qunf+EM7/wA/dKWssnJ/8VXTv/CGd/5+6UtZJSkkkklKSSSSUpJJJJSkkkklKSSWIc9/V82zAxsj7LiV722uDXNvyBVY7FzBg37q24tWLk1/ZMm9nrZn6X9D+z/U6b1HMSnbSWT/AM1Pq27W/p2Pl2n6V+WwZNzvD1cvN9fJt2t9jPUt9lf6P+bQsrBr6JQ7M6S+vCpZHqYLw92NZJArpxMag/qOXfc70q34GPb692S/1undRyvs/ppTtpKvhZtWbUXsDq7K3enfRZAsqsADnU3NaXN37XMe1zHvpupfXkY9l2PdVa+wkpSxMjH6+zrl+fjY2Jk45x68fGF+TZU9kOsuyntYzBymV/an2Y7LW12fpPsONZZ+ZXRtpJKeUZ0T6z2dMf02z7Ji1U+vfhGm59u28Xfa+iUOZbhUsp6f0t/p/o6v5z7HiV+l9j9fEuu9U+tDemZGLiX0t9d7arc+wvczFxqrX/Z/Uf1C2ltG/e2/7LVkfZPtf2W3+byrMTGyd5VMnpPSsu8ZOVh49+QK3Ui62pj3+m4PZZT6j2uf6T2W2tfX9D9LYkpwq/rjm214jm9Na1+XcMf07cj03MeaMexz3+pQP1fF6pk/sXOf/PUZvp0VY2TnX/YFpXfqPX/tlumN1HHqxDadG13UWXPxan8/0/8AaF1db3+lWy/Gqx/0uRnY9asY/Q+i4zWsxun41LWu3tbXTWwB26q3e0MYPf6uLi2f18bH/wBDWrySnn+iYXVem78vq9uPjVMxyc01Xvsptu9tl3UjVfRh43SvczKuvrxGenl2Ztl+V+kx6/Uu9EptjNzrWOpPUsk5DKXghza2V04GO57XbXtfkUYVeZ6VtdV2N9o+y3M9WhaaSSlJJJJKf//R9VSSSSUpJcvd/iy+o11r7X9LaHWOLnBltzGy47jsqquZVWz/AIOtmxih/wCNb9RP/Kz/AMHyP/ehJT1aS5T/AMa36if+Vn/g+R/70Jf+Nb9RP/Kz/wAHyP8A3oSU9WkuU/8AGt+on/lZ/wCD5H/vQl/41v1E/wDKz/wfI/8AehJT1aS5T/xrfqJ/5Wf+D5H/AL0Jf+Nb9RP/ACs/8HyP/ehJSX64fXjF+qd/T25mNZkY+d62+ypw31+kK9u2mzay71H3/wCnp9P/AIRTf9Zel9dx8Ojomc21vUMluPdbU4stqrazJzLmvqPpZWO/Lp6dfiU2/q91XrfbcZ/6Fiwusf4n+hZmVh/sz/JmJXvObtdZdZbJp9Gur7TZZXT+j+0/pvzH+n+gv/wenT9Uug/VvI6I/p2K2s15pbkZtnutPqYmXis9bJf/ADbMnLdi1toZ6WP9rur9Gn1bUlO7kdM9L08jpTa8bJxq2011RspspZ9DCvbW07KmT+qXV1+pgWfzVduPbl4eWv23i/ZfW2Wev6n2f7DA+0faI9T7H6e70/V9P9N6vq/ZPsn+UPtP7O/W1aysqjDodkZDtlTIkwXElxDK6662B1ltttjm1001t9W639FV+kWOOn9RHUHfWMUt+2vpbjnpx9Mu+ytc+5tLcv8AM6n6tnrP2ZH7Ms/R4Nn81V1pJTex+mer6mR1VteTk5NbqbKo3010v+nhUNsaN9T4/W7rK/Uz7P52urHqxMPEh0m62vKzel3vc84bq34rrCX2OxbmfoH3Xa+q9mXTn4jfU/WvRxa7cr1bbftWTdxcqjMobkY7t9T5gwWkFpLLK7K3htlVtVjXV3U2N9Wm39Fb+kXNZ31W6F9Z/rBn5PVcX7SzArx8GsGyysiwNs6he9v2eyvfU+nqWG1u/wB/q1X/AKP8+5KerSXKf+Nb9RP/ACs/8HyP/ehZ/XP8XH1LxMKu3H6dse7LwqifWvPsuysbGvb7r3fTptsYkp7tJcp/41v1E/8AKz/wfI/96Ev/ABrfqJ/5Wf8Ag+R/70JKerSXKf8AjW/UT/ys/wDB8j/3oS/8a36if+Vn/g+R/wC9CSnq0lyn/jW/UT/ys/8AB8j/AN6Ev/Gt+on/AJWf+D5H/vQkp1frT13/AJvdCyuseh9p+zen+h3+nu9Syuj+c2W7dvq7/wCbWFhfXXoP1nz+iDptrm5Nea99uJc3Za1v2Pqde+AX1WM+j/MW2+n6lXrem+xC6z/im+rGR06ynpOK3CzXurDMp1t9gY31GHId6Vlz2WP+z+r6bHfn/wCEq/nELp/+LzoP1cz+hWVtdmZr81wtyb9QduHmX/oscfoamMysavIo/ncil/8A2pSU96kks/K+r3QM292TmdMxMnIsjfdbRW97oAY3dZYxz3bWN2pKbWVjV5dDse02NY+JNVj6X6EO9t+M+q5n0fzLFHCwMXAqNWM1wD3b7H2PfbY9xAbvuyMh1t9z9jGVN9Wz+Zrrp/mq2Kj/AM0/qr/5TYH/ALC0/wDpNL/mn9Vf/KbA/wDYWn/0mkp1klg9P6d9SbeoW1dOwunPzenOY640UVbqXl1japtrr/RZDLcaz9Hv9anZ/wAWt5JTg9W6j0/p/wBZOm3Z+TTiVOws5jbL7G1tLjb0twYH2ua3fta5WP8AnZ9Vf/LnA/8AYqn/ANKKv1bp3T+ofWTptOfjU5dTcLOe2u+ttjQ4W9LaHhlrXN37XOVj/mn9Vf8AymwP/YWn/wBJpKV/zs+qv/lzgf8AsVT/AOlEv+dn1V/8ucD/ANiqf/SiX/NP6q/+U2B/7C0/+k0v+af1V/8AKbA/9haf/SaSlf8AOz6q/wDlzgf+xVP/AKUS/wCdn1V/8ucD/wBiqf8A0ol/zT+qv/lNgf8AsLT/AOk0v+af1V/8psD/ANhaf/SaSlf87Pqr/wCXOB/7FU/+lEv+dn1V/wDLnA/9iqf/AEol/wA0/qr/AOU2B/7C0/8ApNL/AJp/VX/ymwP/AGFp/wDSaSlf87Pqr/5c4H/sVT/6UVfqP11+reJ0/JyqepYWVbj02W147MqrdY5jXPZQza6x2+1zfT+g9WP+af1V/wDKbA/9haf/AEmqvVvqX0DK6VmY2F0rAoy78e2vHu+z1s2WPY5lVnqV1Gxmyw7t7PekpxKP8ZPRvrD0mzCw7bOn9XzPTxGUvJa9j8l9OE7LxL6/ZkfY35f2iuvfj5Vv2V/6PHZ+lXYZHTMW7FrxWN+zNxtpxH0AMdQ5g9Op+N7TWzZWfS9P0/Qto9TGvqtxrbaVw+L/AIo+kdM6c+8B3V+q0uZfU22K6rDTZ6/2NmOX+ixmfS37FdZmWZbK/wCkf8Eu1d1jC/Z+Pn0l19ea1jsKusfpLjY31qa6a7fT976v0jvV9JmPT6l+V6FFN1taU1/27Rg/q3WrK8bMGlUTtyh+a/ptP6S6+1/0LOn1+vmY9/6H9Yquw8rMNi4t+Re3qHUG7LWT9kxJDhjhwLHWWOYXV29QtrdsuuZ+ixqv1PD/AEf2vL6hBnR25TbLurBt+Ve3bDC4MoYHNtZTg2fo7q313V1Xvzm+jlZGVTTk/q/2fBxcKeLlX497en9QdvtfP2TLgNGQGgvdXY1gbXV1Cqtu+6ln6LJq/XMP9H9rxOnpTn5nVuldH+s7a8nMx8RnUMR92S2+1lYFmO+mjFua17q/0uXTkZFNtlm999XTcauv+hvVr/nZ9Vf/AC5wP/Yqn/0oquV0npXWvrJ6+Rh4+XV0zHsxMl2RUx83XHEzcapgta9z/suN6ljn/wA3X+0P0HqWfbPQtf8ANP6q/wDlNgf+wtP/AKTSUr/nZ9Vf/LnA/wDYqn/0ol/zs+qv/lzgf+xVP/pRL/mn9Vf/ACmwP/YWn/0ms3H+rH1bP1kz6T0nCNTMLDeys49W0Ofb1Jtj2s9Pa19jaqt//F1pKdL/AJ2fVX/y5wP/AGKp/wDSiX/Oz6q/+XOB/wCxVP8A6US/5p/VX/ymwP8A2Fp/9Jpf80/qr/5TYH/sLT/6TSUr/nZ9Vf8Ay5wP/Yqn/wBKJf8AOz6q/wDlzgf+xVP/AKUS/wCaf1V/8psD/wBhaf8A0ml/zT+qv/lNgf8AsLT/AOk0lNXq3106Bi9KzMnC6rgX5dGPbZj0/aK377GMc+qv067RY/fYNuxnvXP/AFZ/xv8ARuo+njdaZ+zMt0N9bV2M9x9Nk+p/OYu+x9jv0/6Ciln6XNXRdR+pX1by+n5OLT03CxbcimyqvIZi1bq3Pa5jL2bW1u31Od6n02KP1c+ov1b+rkWYOP6mWJ/XciLLtd49j9ra6P0drqnfZq6fVr/nvUSU9Akkkkp//9L1VJJJJSkkkklKSSSSUpJJJJSkkkklKVfPwqs/FdjWlzAXMsZYyA5llT25GPczcHs3031V27bWWU/6auyr2Kwkkp5/7dXi5/rfWOz0rcbTFu9J7MBjS303Zv2x3q42Pl5bnWUbM7Jqvxf+T8T1a8h+d1fdpuqvqZdS9ttVrQ+uxhDmua4bmPY9vtcxzUrrqqKn3XPbVVU0vsseQ1rWtG573vd7Wsa1eK/Vv6xdF6n/AIwsm3qHTsazp/W7jVTXdRW707CduHeWFmU77Rku/R5npWspsyMr7Tb/ADKSn037fRl5/rfVrIrybsjTMsY03YUBuxuTfk0uZT+0MaKW/Z6L/tmXjejj5VVeL9m6l0vY6fhVYGFTh1Fz20tg2Pgve4+63Ive0N9TIyLS+7It/wALdZZYrCSSlLJ+sv8AydT/AOH+nf8At9hrWWT9Zf8Ak6n/AMP9O/8Ab7DSU6ySSSSlJJJJKUkkkkpSyes/8o9C/wDD7/8A2x6ktZZPWf8AlHoX/h9//tj1JJTrLB+sHUbqbTXVkXY+Nh0/aepW4ranX1VPLxj5Dvt9d2PZhNZidQ+1V41d3UfUqxfs9Oz1FvKpkdJ6VlZVebk4ePfl0bfRyLKmPsZsPqV+na9psZssO9m389JTBw6vj9Px66fR6hmsaxl9t7ziteQ2LcgfZ6M3Y+y0fzHp7Pf/ADiyvqpb1o4723YuMzFOb1A2WsybH2B32vLc9rKHYVTLGNv/AEe/7TX+h/Ten/2nXRqFVNVLSypja2lznlrQGjc9xttfDfz7LXvss/fekpzMb/xVdR/8IYP/AJ+6qtZV2dO6fXm2Z9eNSzNubstym1tFrmjb7LLw31Xs/R1/nf4NWElOTk/+Krp3/hDO/wDP3SlrLJyf/FV07/whnf8An7pS1klKSSSSUpJJJJSkkkklKSSSSUpYh6XldNzbM/p1VeXU/eXYtjiy6v1bHZmZ9gyHufj/AKzkH1fsl9WP6+R6frdVpw8PDxsfbSSU45+tPTWWtx76c2rKc1zjjnCyrHDYWMu2vxse+i9lL7a2Pvxrr8f9JX6d36StQyr8nrlDsXAx/TxnR6uXn1X0lj2kW1/ZMFwwc262pzGP+1facD7Lb6F+JkZORRdTT5Pm/wCMO0/4wh9YaHOd0/Hd9kZW2ffhAltns/VXPfc59mdRXk/zOR6PqfzC9wpuqvqZdS9ttVrQ+uxhDmua4bmPY9vtcxzUlIsLCqwqixhdZZY71L77INlthAa665zQ1u/a1jGtYxlNNLK8fHrpx6aqmWEkklKWTjf+KrqP/hDB/wDP3VVrLJxv/FV1H/whg/8An7qqSnWSSSSUpJJJJSkkkklKSSSSU//T9VSSSSUpJJJJSkkkklKSSSSUpJJJJSkkkklMLqar6n03MbbVa0ssreA5rmuG17Hsd7XMc1cP/wA3ugf+OT9i/ZmJ9k/YvrfZ/Qr9P1PtXp+t6Wz0/V9P2ep9PYu7XKf/AJ0//aD/AO7iSnq0kkklKWT9Zf8Ak6n/AMP9O/8Ab7DWssn6y/8AJ1P/AIf6d/7fYaSnWSSSSUpJJJJSkkkklKVTqHS8PqTKmZQs/QWerS+q2yh7X7X0bm3YtlNv81dbX9P89CzOu9Pwso4doyLMgVttczHxsjI2sebK6nPdh0XsZvfRdt3/AOjQf+cvTv8AQ5//ALjs7/3jSUr/AJtdO/02f/7kc7/3sS/5tdO/02f/AO5HO/8AexL/AJy9O/0Of/7js7/3jS/5y9O/0Of/AO47O/8AeNJSv+bXTv8ATZ//ALkc7/3sS/5tdO/02f8A+5HO/wDexL/nL07/AEOf/wC47O/940v+cvTv9Dn/APuOzv8A3jSUr/m107/TZ/8A7kc7/wB7Ev8Am107/TZ//uRzv/exL/nL07/Q5/8A7js7/wB40v8AnL07/Q5//uOzv/eNJSbD6F0/CyhmVHIsyBW6pr8jJyMjax5rstaxuZfexm99FO7Z/o1oLJ/5y9O/0Of/AO47O/8AeNTo+sXTb8qnFAyarclxZT6+JlUNc5rH3uYLsrHpp3+jTbZ9P8xJTppJJJKUkkkkpSSSSSlJJJJKUkkkkp5T/wDOn/7Qf/dxdWuU/wDzp/8AtB/93F1aSlJJJJKUsnG/8VXUf/CGD/5+6qtZZON/4quo/wDhDB/8/dVSU6ySSSSlJJJJKUkkkkpSSSSSn//U9VSSSSUpJJJJSkkkklKSSSSUpJJJJSkkkklKXKf/AJ0//aD/AO7i6tcp/wDnT/8AaD/7uJKerSSSSUpZP1l/5Op/8P8ATv8A2+w1rLJ+sv8AydT/AOH+nf8At9hpKdZJJJJSkkkklKSSSSU5ON/4quo/+EMH/wA/dVWssnG/8VXUf/CGD/5+6qtZJSkkkklKUKbqr6mXUvbbVa0PrsYQ5rmuG5j2Pb7XMc1QysTFzaHY2ZTXk49kb6bWh7HQQ9u6uwOY7a9u5Z/1T/8AEr0b/wAIYv8A55rSU6ySSSSlLJ6z/wAo9C/8Pv8A/bHqS1lk9Z/5R6F/4ff/AO2PUklOskkkkpSSSSSlJJJJKUkkkkpSSSSSnlP/AM6f/tB/93F1a5T/APOn/wC0H/3cXVpKUkkkkpSycb/xVdR/8IYP/n7qq1lk43/iq6j/AOEMH/z91VJTrJJJJKUkkkkpSSSSSlJJJJKf/9X1VJJJJSkkkklKSSSSUpJJJJSkkkklKSSSSUpcp/8AnT/9oP8A7uLq1yn/AOdP/wBoP/u4kp6tJJJJSlj/AFruqo6Sy657aqqs3p77LHkNa1rc3Ec973u9rWNathBysTFzaHY2ZTXk49kb6bWh7HQQ9u6uwOY7a9u5JTn/APOz6q/+XOB/7FU/+lEv+dn1V/8ALnA/9iqf/SiX/NP6q/8AlNgf+wtP/pNL/mn9Vf8AymwP/YWn/wBJpKV/zs+qv/lzgf8AsVT/AOlEv+dn1V/8ucD/ANiqf/SiX/NP6q/+U2B/7C0/+k0v+af1V/8AKbA/9haf/SaSlf8AOz6q/wDlzgf+xVP/AKUXIdQ/xu4vTPrLl4FtNef0hnp/Z8zCeHv1qbbb9J5x8n9Yf6XstxvR9/8APPXX/wDNP6q/+U2B/wCwtP8A6TWQ3/Fj9Vndbv6tfjtsa9zDRgNa2rFr2Npb/R6dvrPfbTbZZ6n6vZ6+yzG/wqSm19X+tdL6313qGd0vIbk4xwsJm9oLSHNu6ruZZXYGW1v/ADv0jPofpPoPXRrHwaaqPrJnU0sbVVV07AZXWwBrWtbb1RrGMY32tY1q1bqar6n03MbbVa0ssreA5rmuG17Hsd7XMc1JTNJc/wDsf6j/AG/9n/svA+08R9kr2b9vrfZ/X9H7P9r+z/rP2P1ftX2X9Z9H7P8ApFLN6F9TMCoW5PSMIB7tlbK8Jltj3EF2ynHx6Lb7n7GPtd6Vf8zXZd/NVvSU7d1Tbqn1PLg2xpa4sc5jocNp2W1Fltb/APhK372IXT8DF6dhU4OI1zMbHbsqY577C1o+iz1L3WW7GfRr9/6Nn6P6CycLoX1Mz6jbjdIwiGO2WMswmVWMcAHbLsfIoqvpfsey1vq1/wAzZXd/NWMVj/mn9Vf/ACmwP/YWn/0mkp1klk/80/qr/wCU2B/7C0/+k1Vu6R9RKM+jptvT+mNzsqfQxvs9JscA2y02ek2ve2rZj3fpn/ot/wCj/nElPQLJ6z/yj0L/AMPv/wDbHqS1lifWPExc3K6JjZlNeTj2Z7t9NrQ9jowuovbursDmO2vbuSU7aSyf+af1V/8AKbA/9haf/SaX/NP6q/8AlNgf+wtP/pNJTrJLJ/5p/VX/AMpsD/2Fp/8ASaX/ADT+qv8A5TYH/sLT/wCk0lOsksn/AJp/VX/ymwP/AGFp/wDSaX/NP6q/+U2B/wCwtP8A6TSU6ySyf+af1V/8psD/ANhaf/SaX/NP6q/+U2B/7C0/+k0lOsksn/mn9Vf/ACmwP/YWn/0ml/zT+qv/AJTYH/sLT/6TSU5X/wCdP/2g/wDu4urVHC6H0Xp9puwOn42Ja5ux1lFNdbi0kOLC+pjXbNzWq8kpSSSSSlLJxv8AxVdR/wDCGD/5+6qtZZON/wCKrqP/AIQwf/P3VUlOskkkkpSSSSSlJJJJKUkkkkp//9b1VJJJJSkkkklKSSSSUpJJJJSkkkklKSSSSUpcp/8AnT/9oP8A7uLq1yn/AOdP/wBoP/u4kp6tJJJJSkkkklKSSSSUpJJJJSkkkklOTjf+KrqP/hDB/wDP3VVrLJxv/FV1H/whg/8An7qq1klPKf8AeL9k/wC1P7e/mP8ACf8AKv7T/mvp/wDJv+UP/CP63/R/0i6i4Wmp4pc1lpaRW97S9odHsc+tr6nWMa78z1a/+MUPsmL9q+2+jX9r9P0ftG0ep6c+p6Pqx6npep7/AE/ob0LJ6T0rLoGNlYePfjix1wptqY9nqOL32Xem9rmeq99trn2fT/S2JKedxsnqNOPZ0zHsdf1AZNrsnNxWVtvzGUsx25eZiftB13Ta8jGzsvE6ZkU5GR6NWPiZdGDXj/Z6MPE2un25ruiU5GJkN6tbc31sa/I/VRZVa71qPW+z49npvrxLGM9uH+lfX/NUep+jLk9D6Ll1UU5XT8bIqxW7Meu2mt7a2w1uyhj2ObUzbWz+b/cV5JTzPRL+vnqnVw/CxAx2fX9pcMuwln6p08O9Bv7Pb9o/Q7LP0j8b9L+h/wCHfodZ/wCUehf+H3/+2PUlpspqrdY+tjWOudvtc0AFzg1tW+wj6b/Srrr/AKlaFk9O6fl20XZWNTkW4rt+PZbW17q3S12+h72udU/dWz+b/cSU2Fk9Z/5R6F/4ff8A+2PUlrLJ6z/yj0L/AMPv/wDbHqSSnWSSSSUpJJJJSkkkklKSSSSUpJJJJSkkkklKSSSSUpZON/4quo/+EMH/AM/dVWssnG/8VXUf/CGD/wCfuqpKdZJJJJSkkkklKSSSSUpJJJJT/9f1VJJJJSkkkklKSSSSUpJJJJSkkkklKSSSSUpcp/8AnT/9oP8A7uLq1zmb0jrTPrePrBgV42RV+zvsDqb7rKHB3rHKNodVi5jdm3axJT0aSyftP1q/8rsD/wBjrv8A5FJfafrV/wCV2B/7HXf/ACKSU6ySyftP1q/8rsD/ANjrv/kUl9p+tX/ldgf+x13/AMiklOsksn7T9av/ACuwP/Y67/5FJfafrV/5XYH/ALHXf/IpJTrJLJ+0/Wr/AMrsD/2Ou/8AkUl9p+tX/ldgf+x13/yKSU6ySyftP1q/8rsD/wBjrv8A5FJfafrV/wCV2B/7HXf/ACKSUmzOhdPzco5lpyK8g1tqc/HycjH3MYbLKmvbh30Mfsffdt3/AOkQf+bXTv8ATZ//ALkc7/3sS+0/Wr/yuwP/AGOu/wDkUl9p+tX/AJXYH/sdd/8AIpJSv+bXTv8ATZ//ALkc7/3sS/5tdO/02f8A+5HO/wDexL7T9av/ACuwP/Y67/5FJfafrV/5XYH/ALHXf/IpJSv+bXTv9Nn/APuRzv8A3sS/5tdO/wBNn/8AuRzv/exL7T9av/K7A/8AY67/AORSX2n61f8Aldgf+x13/wAiklK/5tdO/wBNn/8AuRzv/exL/m107/TZ/wD7kc7/AN7EvtP1q/8AK7A/9jrv/kUl9p+tX/ldgf8Asdd/8iklK/5tdO/02f8A+5HO/wDexTo+rvTaMqnKBybbcZxfT6+XlXta5zH0OeKcrIup3+jdbX9D89Q+0/Wr/wArsD/2Ou/+RSX2n61f+V2B/wCx13/yKSU6ySyftP1q/wDK7A/9jrv/AJFJfafrV/5XYH/sdd/8iklOsksn7T9av/K7A/8AY67/AORSX2n61f8Aldgf+x13/wAiklOsksn7T9av/K7A/wDY67/5FJfafrV/5XYH/sdd/wDIpJTrJLJ+0/Wr/wArsD/2Ou/+RSX2n61f+V2B/wCx13/yKSU6ySyftP1q/wDK7A/9jrv/AJFJfafrV/5XYH/sdd/8iklOsksn7T9av/K7A/8AY67/AORSX2n61f8Aldgf+x13/wAiklOsksn7T9av/K7A/wDY67/5FJfafrV/5XYH/sdd/wDIpJTrLJxv/FV1H/whg/8An7qqX2n61f8Aldgf+x13/wAikumYvVf2rmdR6jVj0evj4+PXXj3Pv/mH5lr3vfbjYW3d9tZtbsf9BJTrJJJJKUkkkkpSSSSSlJJJJKf/0PVUl8qpJKfqpJfKqSSn6qSXyqkkp+qkl8qpJKfqpJfKqSSn6qSXyqkkp+qkl8qpJKfqpJfKqSSn6qSXyqkkp+qkl8qpJKfqpJfKqSSn6qSXyqkkp+qkl8qpJKfqpJfKqSSn6qSXyqkkp+qkl8qpJKfqpJfKqSSn6qSXyqkkp+qkl8qpJKfqpJfKqSSn6qSXyqkkp+qkl8qpJKfqpJfKqSSn6qSXyqkkp+qkl8qpJKfqpJfKqSSn6qSXyqkkp+qkl8qpJKfqpJfKqSSn/9k=');

-- --------------------------------------------------------

--
-- Table structure for table `results`
--

DROP TABLE IF EXISTS `results`;
CREATE TABLE `results` (
  `session_id` int(10) UNSIGNED NOT NULL,
  `student_id` int(10) UNSIGNED NOT NULL,
  `test_id` int(10) UNSIGNED NOT NULL,
  `session_date` date NOT NULL,
  `start_time` time NOT NULL,
  `end_time` time NOT NULL,
  `result` smallint(5) UNSIGNED NOT NULL,
  `questions` text NOT NULL,
  `true_answers` text NOT NULL,
  `answers` text NOT NULL
) ENGINE=InnoDB DEFAULT CHARSET=utf8;

-- --------------------------------------------------------

--
-- Table structure for table `roles`
--

DROP TABLE IF EXISTS `roles`;
CREATE TABLE `roles` (
  `id` int(11) UNSIGNED NOT NULL,
  `name` varchar(32) NOT NULL,
  `description` varchar(255) NOT NULL
) ENGINE=InnoDB DEFAULT CHARSET=utf8;

--
-- Dumping data for table `roles`
--

INSERT INTO `roles` (`id`, `name`, `description`) VALUES
(1, 'login', 'Logged user'),
(2, 'admin', 'Full privileged user'),
(3, 'student', 'Simple student');

-- --------------------------------------------------------

--
-- Table structure for table `roles_users`
--

DROP TABLE IF EXISTS `roles_users`;
CREATE TABLE `roles_users` (
  `user_id` int(10) UNSIGNED NOT NULL,
  `role_id` int(10) UNSIGNED NOT NULL
) ENGINE=InnoDB DEFAULT CHARSET=utf8;

--
-- Dumping data for table `roles_users`
--

INSERT INTO `roles_users` (`user_id`, `role_id`) VALUES
(1, 1),
(2, 1),
(3, 1),
(4, 1),
(5, 1),
(6, 1),
(7, 1),
(8, 1),
(9, 1),
(10, 1),
(12, 1),
(13, 1),
(14, 1),
(15, 1),
(19, 1),
(20, 1),
(21, 1),
(22, 1),
(23, 1),
(1, 2),
(2, 2),
(3, 2),
(4, 2),
(5, 2),
(19, 2),
(20, 2),
(21, 2),
(22, 2),
(23, 2),
(6, 3),
(7, 3),
(8, 3),
(9, 3),
(10, 3),
(12, 3),
(13, 3),
(14, 3),
(15, 3);

-- --------------------------------------------------------

--
-- Table structure for table `specialities`
--

DROP TABLE IF EXISTS `specialities`;
CREATE TABLE `specialities` (
  `speciality_id` int(10) UNSIGNED NOT NULL,
  `speciality_code` varchar(20) NOT NULL,
  `speciality_name` varchar(120) NOT NULL
) ENGINE=InnoDB DEFAULT CHARSET=utf8;

--
-- Dumping data for table `specialities`
--

INSERT INTO `specialities` (`speciality_id`, `speciality_code`, `speciality_name`) VALUES
(1, '6.050121', '  '),
(2, '6.050151', '  - '),
(5, '07.071', ', \r\n  '),
(6, '07.073', ''),
(7, '01.014', ''),
(8, '10.103', ''),
(10, '12.121', ' \r\n'),
(11, '12.122', '    '),
(13, '11.113', ' '),
(14, '11.111', ''),
(15, '11.112', '');

-- --------------------------------------------------------

--
-- Table structure for table `students`
--

DROP TABLE IF EXISTS `students`;
CREATE TABLE `students` (
  `user_id` int(10) UNSIGNED NOT NULL,
  `gradebook_id` varchar(20) NOT NULL,
  `student_surname` varchar(50) NOT NULL,
  `student_name` varchar(50) NOT NULL,
  `student_fname` varchar(50) NOT NULL,
  `group_id` int(10) UNSIGNED NOT NULL,
  `plain_password` varchar(64) NOT NULL,
  `photo` mediumtext
) ENGINE=InnoDB DEFAULT CHARSET=utf8;

--
-- Dumping data for table `students`
--

INSERT INTO `students` (`user_id`, `gradebook_id`, `student_surname`, `student_name`, `student_fname`, `group_id`, `plain_password`, `photo`) VALUES
(7, 'MIF-0203045', '', '', '', 1, '0000', ''),
(8, '-0203048', '', '', '', 1, '0000', ''),
(9, '-0203049', '', '', '', 1, '0000', ''),
(10, '-0203050', '', '', '', 1, '0000', ''),
(12, '-0203051', '', '', '', 1, '0000', ''),
(13, '-0203052', '', '', '', 1, '0000', ''),
(14, '-0203053', '', '', '', 1, '0000', ''),
(15, '-0203054', '', '', '', 1, '0000', ''),
(6, '-110102', '', '', '', 1, '1qaz2wsx', 'data:image/jpeg;base64,/9j/7QAsUGhvdG9zaG9wIDMuMAA4QklNA+0AAAAAABAAFAAAAAEAAQAUAAAAAQAB/+ICJElDQ19QUk9GSUxFAAEBAAACFEFEQkUCEAAAbW50clJHQiBYWVogAAgHzwARABUANgA5YWNzcE1TRlQAAAAAbm9uZQAAAAAAAAAAAAAAAAAAAAAAAPbWAAEAAAAA0y1BREJFAAAAAAAAAAAAAAAAAAAAAAAAAAAAAAAAAAAAAAAAAAAAAAAAAAAAAAAAAAAAAAAKY3BydAAAAPwAAAAkZGVzYwAAASAAAABgd3RwdAAAAYAAAAAUYmtwdAAAAZQAAAAUclRSQwAAAagAAAAOZ1RSQwAAAbgAAAAOYlRSQwAAAcgAAAAOclhZWgAAAdgAAAAUZ1hZWgAAAewAAAAUYlhZWgAAAgAAAAAUdGV4dAAAAAAoYykgMTk5OSBBZG9iZSBTeXN0ZW1zIEluYy4AZGVzYwAAAAAAAAAFc1JHQgAAAAAAAAAAAAAAAAAAAAAAAAAAAAAAAAAAAAAAAAAAAAAAAAAAAAAAAAAAAAAAAAAAAAAAAAAAAAAAAAAAAAAAAAAAAAAAAAAAAAAAAAAAWFlaIAAAAAAAAPNRAAEAAAABFsxYWVogAAAAAAAAAAAAAAAAAAAAAGN1cnYAAAAAAAAAAQIzAABjdXJ2AAAAAAAAAAECMwAAY3VydgAAAAAAAAABAjMAAFhZWiAAAAAAAABvoAAAOPUAAAOQWFlaIAAAAAAAAGKXAAC3hwAAGNlYWVogAAAAAAAAJJ8AAA+EAAC2w//gABBKRklGAAEBAQAUABQAAP/bAEMABAMDAwMCBAMDAwQEBAUGCgYGBQUGDAgJBwoODA8ODgwNDQ8RFhMPEBURDQ0TGhMVFxgZGRkPEhsdGxgdFhgZGP/bAEMBBAQEBgUGCwYGCxgQDRAYGBgYGBgYGBgYGBgYGBgYGBgYGBgYGBgYGBgYGBgYGBgYGBgYGBgYGBgYGBgYGBgYGP/AABEIAWgBMgMBIgACEQEDEQH/xAAfAAABBQEBAQEBAQAAAAAAAAAAAQIDBAUGBwgJCgv/xAC1EAACAQMDAgQDBQUEBAAAAX0BAgMABBEFEiExQQYTUWEHInEUMoGRoQgjQrHBFVLR8CQzYnKCCQoWFxgZGiUmJygpKjQ1Njc4OTpDREVGR0hJSlNUVVZXWFlaY2RlZmdoaWpzdHV2d3h5eoOEhYaHiImKkpOUlZaXmJmaoqOkpaanqKmqsrO0tba3uLm6wsPExcbHyMnK0tPU1dbX2Nna4eLj5OXm5+jp6vHy8/T19vf4+fr/xAAfAQADAQEBAQEBAQEBAAAAAAAAAQIDBAUGBwgJCgv/xAC1EQACAQIEBAMEBwUEBAABAncAAQIDEQQFITEGEkFRB2FxEyIygQgUQpGhscEJIzNS8BVictEKFiQ04SXxFxgZGiYnKCkqNTY3ODk6Q0RFRkdISUpTVFVWV1hZWmNkZWZnaGlqc3R1dnd4eXqCg4SFhoeIiYqSk5SVlpeYmZqio6Slpqeoqaqys7S1tre4ubrCw8TFxsfIycrS09TV1tfY2dri4+Tl5ufo6ery8/T19vf4+fr/3QAEAUD/2gAMAwEAAhEDEQA/APv6iiigAooooAKKKKACiiigAooooAKKKKACiiigAooooAKK4bx38ZfhZ8M43/4Tnx3o2jzogk+xyziS6ZT0ZYE3SMOOoU14B4t/4KHfBbRZZrfwzpfiPxPKn+rnhtltLaT/AIFKwkH/AH7oA+uKK/Pm9/4KY3jAjT/g7BFzw1xrpf8AQW4/nSWv/BTG9VQL74OW8p7mHXTH+ht2/nQB+g9FfFvh/wD4KRfDS7O3xN4E8T6UxwA1k8N4g9SSzRnA9gT7V9G/Dj47fCb4sRqvgbxrp2oXhUsdOkYwXa4GW/cSBXIHdgCvuaAPRaKKKACiiigAooooAKKKKACiiigAooooAKKKKACiiigAooooAKKKKACiiigAooooAKKKKACiiigAooooAKKKZLLFBA888iRRRqXeR2CqqgZJJPQCgDK8VeKvDvgjwbqHivxXq1vpWjadEZrq8uCQqLkAAAZLMSQqqoLMxCgEkCvzX+PP7dvjjxvqFzoHwpnu/CPhsfuzfoQuo3nJ+bzB/qF6YCHdwcvhto4r9rP9o69+OHxJOlaHdzR+B9GmZNOt+UF5J91ruRe5PIQH7qHoCz5+dqAHyyyzzvPPI8ksjF3dyWZiTkkk9TTKKKACiiigCzbWM90CYlzirsui6rYCO8jimTaQyyLkFSOQQR3qpY3VxbzAQscE8jFfT/gHTbDxV4dt9NvLVC7rjfjPNAFz4Hft2fEH4f3VtoPxMNz4x8NphDPIQdStVz1WViPOA5+WQ5PADqBiv0g8A/EXwZ8UPBsXinwLr9trGmSMY2khJDwyAAmORDho3AIO1gDgg9CCfyd+KnwTvPD0r3lim6LGeBXE/DD4sePvgl48XxF4L1Q2k+VW6spgXtr2MHPlzR5G4cnkEMuSVKnmgD9wKK85+CXxk8NfHH4T2vjTw9HJavvNvf6dM26SyuVALRlgAGXDBlcAblYEhTlR6NQAUUUUAFFFFABRRRQAUUUUAFFFFABRRRQAUUUUAFFFFABRRRQAUUUUAFFFFABRRRQAUUUUAFfJn7e/xebwN8B4vAWkXTRaz4tZ7eUxthorFMeecg8byyR4IwytL6V9Z1+Sv7dvie58Qftna1p0jo1vodlaabblDn5TEJ2z7iSeQfgKAPmuinpFI4JVCQO9ONtOF3eWSPUUARUUUUAFFFLg+hoA0tEKtqKROoKE819EeANZt9AhF1FIMKOA1fOulKEnM5bGznFbh8X3DRm2ZmjUcBl70Ae++OPi3DNpzWswWQvweelfP3i+CF7hL62IKSdcdqxr65upxmSRnXsc1Cb6Z7L7NISyjpmgD3L9kn44yfBX4727alcBPC+vNHp+sB2wkK7v3dz16xMxJPPyNIAMkY/YKvwBr9ev2MvipL8T/wBl3TF1O483WfDz/wBi3jM2WlWNVMMpySTuiKAsfvOjmgD6EooooAKKKKACiiigAooooAKKKKACiiigAooooAKKKKACiiigAooooAKKKKACiiigAooooAK/FT9pO+Oo/tefEa4Z9+3XrqDP/XNzHj8NmPwr9q6/EH47f8nT/Ev/ALGvVP8A0sloAyfD7RPbiNo1Ck4ya7mDwQb238yzkickZ2ggmvMfD+k654g1yDRNAtZru9uDhIY/YZJJPAAGSSeAK9bX4JfFTR7Rbyw1HSrm4Xn7Nb3bI/0DMqqT/wACoA4LX/B1zYykNC0bemODXHyxPDIUcEEV7LH4ovJ47nw94x057bULX5JPPTZIhxxuHcEcg96848SpbCbfCQecZFAGAjbHDYH41N9qH8Uamq9dJ4M8DeIPHeunTdBtlbywGnuZTtht1PQu3v2AyTg4BxQBX0xrCS4VZ28sN19K7BPh9Y61aGTSNQiebGdm4Zr1bRf2ZPC8Vkp1rW9Yv7nqxs9ltF9MMrsfrkfQVU139n+PS4Gu/BOv6hBexjcttqUissx/uiRVXYfTIPbJHWgD5/1nRtV0G5a0voWUZ4Yjg1kV6s2u/wBt2k/h3xTaGLUYGaItKu10YcFW96821SxbT9SktzyAeD7UAUq+wP8Agnf44m0L9orVPBUs6rZ+I9NYrGRy1zbZkQg+0bXHHuPSvj+vWv2YPEcnhb9sL4eapEBmTWItPbOMBboG2Y8+gmJoA/aSiiigAooooAKKKKACiiigAooooAKKKKACiiigAooooAKKKKACiiigAooooAKKKKACiiigAr8RPj3E0P7VXxKRwQT4o1JuR2N1IR/Ov27PSvxa/aesW0/9sL4iQN1bWpp/wkxIP/QqAPdv2V/hY7fDdPFIgDXmuSOFlxylvHIUCD6ujsfXC+lfWNr8HWm08efbyKxHUoRXjB8cSfBv/gmN4f8AFnhyRYtbu9MttP0652g+RPcM7vIM/wASKJiOvzBcjrXyN8PT8Q/EGvah4y8L+NdYh8T2KNePei/la6mxyxZi3zDk5DZBBIOc0AfTP7T/AMApW+GV94s0+HGraFEbgSoPmmtQcyxt6hQS4z02sB96vgp55JE2uc1+ynwg8XxfG/8AZy8PeKNYs4RdapayWepwqo2eejNBNhecKxUsF5wGAr8f7Tw5qV5ez28EPmGF2jYqeCQccUAZcEE11dRW1vE0s0riOONBksxOAAPUmv07+Dv7Oi+FfAtnoHDTKBLezY/11wQN5+gxtHso75r4F+EuhzQftN/D3T9ShKRy+JtNjcOOCDdRg/pX7C2+oW+jaNNf3kogtoI3uLiUjOyNQWZuPQAmgDmIvg3ZJbYXbnHeuJ8VfCaWJW8qPnk9MV+fvjn41a78avi3d6345vL+70M3LGw0QXLJBZwbvlRY1O3dtC7nxliMk9K+hvhB8VbX4b/EDwdo2leJ9QvfAHiSZdLutC1KU3B0a5kO2KWBmOY03soYA7SrMdpIBAB5r+0l8M7jRLeHx9aQGOe3dLXUcD/WIfljkPuDhCfQp6V8y6ldtd3Adjk461+t/wAdfh7a+Kfg54p00W6tLNpdx5S4/wCWyIXj/KREP4V+QdABW94I1I6N8TvDmrgEmy1S2ueDj7kqt/SsGlVijh1OCDkGgD9/aKjt5kubSK4j+5IgdfoRmpKACiiigAooooAKKKKACiiigAooooAKKKKACiiigAooooAKKKKACiiigAooooAKKKKACvx5/bPtUs/25PHcUfRpbSX8XsoHP6sa/YavyU/bu037D+2tr1183+n2Vlc8+1ukXH/fqgD1jUdGufiL/wAEfdHk0xDc3nhzN/JDGMkJbXVxHJn/AHYJvNP+ypr478CeL7rwV4pGrWwdg0bROitjcrDBBr6q/YK+L2l6T4i1D4NeKJrdLPXJTdaS1zjy3uigSW2bPBEqKuAcAsm3kuBWp8Sf2GPDOkfFRZtA8fCz8PXM/ny6NJA0l5ZQk5MccuSrDsrPggEZD4JbmxeMo4Sk61eVor+vm/I0pUpVZKEFdnrP7BfiW3P7Kt/PqlwsMVn4mvIYVY5LBobeXCjv80hr5F0v9nH9pDTbg3Nt4PtA0jGRlbWbDOScnrPX2d4V8L6L4R8PWfh3wpaJpejWuWS3jJZpHONzyOeWY4GT7AcAAV1q5OQCc44r80xvHuK9o/qtOKh/eTb+dml8tfU9+nkkOX35O/lsfEeq/CT486a+leJ7b4aTDVNIuob+N7a9tLlt8TiQYSOVmblegBr9AfilcLrP7KvjTXdCS4xd+E9QuLeMxskqs9nIQhQjcrgnBUjIIwRmuNvbbUnmRrS9aLkZRj8pq7YXd5pl3K2n38lnM/3lHzRS+zoeCK6Mu47qzqKOLhGz/lumvvbv96Mq2TJK9Nv5/wDAPyFt5nguFkQkEGu10a61LX9e0TRtMDSajd6hbQWsajJaVpVCADuckV758Q/2O7248Yz6h4E1rS9O027naQ2OoiYR2QY52xuiyM6DkAEbgAASxyT9Efsyfsl+BPh5r9t421TxdaeL/FVshNvHAvlW2nMwwWWNvneQZYB2CgBshAwDD7vB5rhMZ/BqJvts/uep5FXDVaXxI+g/F9xb23h7V7i8dRbRW9xNKxOAEVGZjn0wDX4fV+mv7bnxr0vwN8Mr34caPexyeJ/ENubaaGKQFrGybHmPIOxkXMaqcZVnbsM/mVXomAUUUUAfur8MtT/tr4J+DtYyx+26HZXOW6nfAjc/nXU15v8As+Xcd7+yh8Npo/ur4a0+E/VLdEP6qa9IoAKKKKACiiigAooooAKKKKACiiigAooooAKKKKACiiigAooooAKKKKACiiigAooooAK/L3/goxaiH9qjRp1UgT+GbdifVhc3K/yC1+oVfnB/wUo0vyvil4H1rDf6TpU9rnHH7qYN+f77+VAHiPwK+Br+O7hPFPiiOeDwzC5EcaEo9+6nlVYcqgP3mHPYYPI+1hLNNdF5HeR3IJZ2LMT0yWPJ/Gs3Szodpoek6doLotnFp8At4VwAsewbcfhzn3rZt7d/MAB4PXHU1+LZ7mtbG126ukVsuiX+fd/ofZYHDQowtHfqza0xC7BQSdvVq3VRVH1rN0uIxKQ3y8dK1UVmKZ4B/lXy805PQ7rqI5Lc3E2wgADr7VQvdouAIl3KOdx7ithsLbNtOWfjI44qjcNBHgyHIxjZXZHDJQt1MHO7v0M0T8FVPB/hbmoXs1M3nLCFbOQw4IPsar6r4h0bSZlMm6S4YfJbRDfI3vjsPc8VloNf8RzLJeb9L07IIgR/3sn+8w6fQVSjVhG7laPn+hN4Sdkrs8k+Of7OXh3xVpGr+LtPgl0/xM0Ul6bqOVnjvZFBYrKjE4ZsY3LjBIJB6V8E1+p3jrU4dK8D6zfXUxW1s9OuJpCx7LEx/M9Pcmvy2hlVPldQQa/TuC8bWxNCoqkm1G1r697q/bb0Pn82owpyi4rV3IqK330GS6tBcWiNyM4xWJNBLbzGOZCrDjBr7U8g/X39izVjq/7EXgtpLgTTWq3VpJjqmy6lCKfpHs/Svfa+J/8Agm94uS/+EHi3wTIxM+laol+m5v8AllcRhdqj0DW7k/79fbFABRRRQAUUUUAFFFFABRRRQAUUUUAFFFFABRRRQAUUUUAFFFFABRRRQAUUUUAFFFFABXwL/wAFMrZ2sfhneAHZHJqcbHHdhakf+gmvvqvgn/gpbq9uuj/DzQVdGuHmvbtkB+ZEVYkUkehLNj/dPpQB47+ztr/irxH4Vk0jULG6k03RyIrHXY3UNaEjIt2BOZExkjAO0EA/KVx9F6X4nXSwtn4lTyOyXqKTE/8AvH+A/Xj3ryL9imzj1T4ZeKrNxu8nVIZPpuhYf+yfpX0HrPhyXTkMgi82A/eQjOB6j/CvieI+H41YvEUY36tLf1X6r5nr4DHONqcn6P8AzNHTtW0qWESRX8MsZGQySqw/PNXJde02BDNNeQ7Bx/rFH9a4/TPBHg3VWb7bpsK7/wCKJQOfwqy3wq8JwSkxWEbbem9ARj8a+AUMJTjzN/h/9t+h7D9tJ2/r8i5f/EfRona3sZXvZyPlgs8SMfxHArGN34t12UlsaJaHoI2Es5H+8RhfwzXQW/h/SdJtwqxRxKDnagCg/lVO81JA5WFQgFN4mLX7qHzf+W333J9lJu0mLpekaRpQMiRb5icvLK293P8AtMeTWp9vaRxFEOT91VHJ/Cq+laBqWrESENDEehI5NdvovhCPTp1lVTLIerNya+gy7g/EY5qvjJOMX/4E/wDL5/cc1bM6eHXJSV3+H/BPAP2iPBviXxH+z/4gFhfPp0djbNqVxB5YY3kUH7xo2bOVACl+M5KAHivzrtoxLdIhOMmv2k17w+2p6ZLbS2gntpomhniI4eNgVZT7EEj8a/IT4meB9R+GXxe1zwXqCyCXTbopFI/WWE/NFJx/eRlb8a/R8Bl9DAUVQw6tFfe33Z4FevOtLnm9T2XwXoemX2iQpMo+6BkdqyfHPwugkja4s2AC85rmfhr4wntrhbaedQo6BjXpfifxBpkXhO5uZNQUSsuAm6u0yOV/Zi+Ja/A/9qTSdU1i6MOhagG0nVZONqQSkbZCT0CSLG5I52qwHWv2G6jIr8DdRvWvLt5M/KSSM1+oX7C3xx/4WL8HD4B1++EniTwtGsMZkYb7qw4WJ/VjGf3bHHA8okkvQB9YUUUUAFFFFABRRRQAUUUUAFFFFABRRRQAUUUUAFFFFABRRRQAUUUUAFFFFABRRRQBleJfEmieD/CGo+KPEmoRafpOnQNc3VzKeERR6Dkk9AoySSAASRX4ufHL4t6x8a/jXqvjjVA0NvIfs+nWZORaWiE+VH1PPJZiOC7uQADgfRX7dv7RP/CY+Lm+D3hC/c6Do0+dYnjOFvb1CR5XHLRxH14MmTj5EY/HujaNqviLxDZaFodhPf6lezLb21rAu55ZGOAoH1oA+8v+CfegyzfCXxtq6xFxLq1vbjI4/dwsxx/39H519S6lpkgfbNCQh9qpfs0/BqX4I/s+2Hg/UJ0m1i6nk1PVXibdGLmQKuxPZUjjTPcqW4zgeqXumRXVuQVGccUAeD6h4TaO5Nxp9yIWzypHyH8ulQ/ZPEXkhFhR8dw4/rXoWpWQtLkrIrAg9RTYIYuWXOD2FfPY3hjAYyp7ScWm+ztf80d1HMa9Jcqd15nnSeFfEmqTEzzW8CZ5JcsR9AB/Wul0TwHpdm4mupXu5x0LjCj6L/jmuwitUdSERtx6cVuadoSR4aQEnvmtsHw7gMJJThC8l1ev/A/Amrj69VWb08jKstJBUJHFtQegrprLTEhTDKD9auwwJEuFUD8KlyK9s4yA28aqcID7V8Mf8FBvhCdS8IaX8YdHtyZ9IK6ZqwUdbZ3JgkPOBskdkPGT5ydlr7vIz1rG8U+F9I8Y+CNX8J65AZtN1azlsrlFOG2SKVJU84YZyD2IB7UAfg9DNJbzCWJirDuKlub+7uyfPndwexPFbPj3wbq3w8+Juu+CNbX/AE7SLyS0kcKVWUKflkUHna67WX2YVztABXcfCD4m6z8H/jJovj3RQ0r2M2Lm0D7Fu7dvllhY4IG5ScEg7W2tjKiuHooA/ejwx4l0bxj4M0vxV4evFu9L1S2S7tZgMbkdQRkdQRnBB5BBB5Fa1fnP+wJ8fxouuN8EfFd9t0/UJGn0CeeQ7YLg5MlsM8BZOWUcfPuGC0ox+jFABRRRQAUUUUAFFFFABRRRQAUUUUAFFFFABRRRQAUUUUAFFFFABRRRQAV8y/tkftEr8G/hl/wjPhq9VfGuvwslqY3+fT7fO17kgchj8yx9PmDNz5ZB9j+LfxR8OfB34Tan468SzL5Nqmy2tPMCyXtwwPlwR9csxHYHaoZjwpr8YfiN8QfEnxS+Jmq+OfFdys2o6jKXKRgiOBBwkUYJJCIuFAJJ4ySSSSActX6Q/sCfAOHQfCP/AAuzxNZK2raqjw6JFNH81ra5KvON3R5cEAj/AJZ9CRKRXwp8IPh7c/FT44+GvANs0ka6peKlxLGQGht1BeaQZ4ysauwz1IAr9u9I03T9F0Ky0bSbSKz0+yt47W1tohhIYkUKiKOwCgAfSgC4R3pMj1pxqPYc9/zoAzNU0iHUFO5SG/vCsePwxh93mMMenArrM5HOKPpigDNsdLgtlBCfMB1NaWMLx0pNrH6UoT1oAOvpQq04ADoKWgAooooA/On/AIKN/DKPTvF/hv4sadalY9UQ6TqbogC+fGN0DMepd4/MX2EC18L1+0f7TXw9T4mfss+LvDqW5mv4rNtR08IgZ/tEH71FXPQvtMefSQ1+LlABRRRQBLbXNzZXsN5Z3EtvcQussU0LlHjdTkMrDkEEAgiv2C/ZY/aAsfjp8IoXv7hE8X6QiW+s2xCqZWxhblAoA2SYJIAG1ty4wFLfjxXdfCD4q+I/g18WtN8deG3LS25MV1ZmQpHe27EeZA+OxwCCQdrKrYyooA/cSiub8A+OfD3xK+G+keOPC1y0+l6pB50RcbXjIJV43AJAdWDKwBIypwSOa6SgAooooAKKKKACiiigAooooAKKKKACiiigAooooAKKKKACq9/fWWl6Vc6nqV3DaWdrE089xO4RIo1BZnZjwAACST0AqxXxH/wUH+NUnh/wVY/B3QL1o7/W0F5q7RnBSzViEiJxx5jqScEHbEQcq9AHyj+1D+0HqXx3+Kzz2by2/hHSmaDRrI5BZejXEg/56SYBx/Cu1eSCzeF0UUAfY37CGgrp+veI/iLcR8xouj2bn1fEs5HoQFhGfSQ1+jWi67bX0C5lw2Ohr5Q/Z08B3Ph74DeHNKlhMc8sP2+4G3DebMd+D7qhRf8AgNfR+i6DJBEjs+3FAHeB1PRgfxqO4dlTC9SOKp21syAYcnHar3lhowrdR3oA5fUdZltFkWNGLjuaq6L4iuLm4KzRNn/ZNa3iKx863URgbmOM1Z0jSoLOyUKiliMk+poAu21wZgCQfxq1SBVUcAD6UtACE4GaozatawPskbBq+RkYrMvNGt7vJyVY0AV5vEdnG2EbdVaXxQiuML8v1qjdeF5I2Lo25fas6TTmRdrLQB29hqMF/FujPI6ivxS+PPgM/DP9pDxh4NS2FvaWeoySWUatuAtZf3sAz3PlOgPuCO1frnYX0umXgBLbSetfNX7enwcXxn8NLT4yeHbQvq2gRi31WOJCWmsWbiTA7xOxJ4+47knCCgD83VVmOFBNBBU4IIPvVzS5YYtQjNxny8jNega54Psb/R11bw/OLy22/OoH7yI9wRQB5lRU9zbSW0uxx9DUFAH03+xz+0c/wa+Iv/CK+Jrpv+EJ16dRcsz4XTrkgKt0AeNpAVZOnyhW52BT+sdfgDX6mfsLfHX/AIWL8I2+HniC8MniXwvEqRvIRuu7DIWJ/UtGcRtx08okkscAH1lRRRQAUUUUAFFFFABRRRQAUUUUAFFFFABRRRQAUUUUAIzKiFnYKoGSScACvxD+OHxCk+Kn7QvivxyJTLbX9+4siY/LItY8RwAr2bykTPqcnvX6lfte/EM/Dn9knxNe284i1HV4xollnIJe4BVyCOjLCJnB9VFfkRoFlDeawpum2WsCmaZv9lRnj3oAZNYw2cax3THz2QOVHRAwyuffHOPeup+DngeX4i/G7w/4WEDy2s1yJbzaCcW8fzy5PbKqVB9WHrXH6hctd38k78GRi+PTPQfgMCv0K/YN+Dsek/Di6+J+sWhGo6+5ttP3rzHZRt8zDv8AvJVP4QqRw1AH1v4S0CODTlklhUO3zHiutS2iRcBadDGIoVRRgDtUlACBQvQYpaKKAI5IllADDpTlXaMU6igAooooAKKKKAAjNVLmwhuFOUAb1FW6KAOP1HRGDZ28etVIJIlhm0rUbWO7srmNoJ7eZA6SxsCGVgeCCCQQa7eWNXX5hmsC801ftYbBK5oA/Hb9oX4TzfBn4+6x4QjEjaS5F9pE7nJls5STHk9ypDRscDLRsemK4rw94ov9AvBJbyttPBXPBHoR3r9Hf2+vhbD4o/Z6sviFp0OdS8KTgzFRzJZzsqSDAGSVk8pxk4VfNPevzP0+wn1G9S2gGWY4oA7bVbGz8Q6cdS02JVc/62Ff4G9R7Vwc0LwTNHIpBBxzXolp4Y1rwrHHfSlXgbqueorE8V6Yu5NSt1zbzjIIH3T6H3oA5KvRPgb8Ub34O/HfQfHVsZWtbacRahbxcm4tH+WZMZAJ2ncuTgOqHtXnhGGIpKAP32sL6y1TSrbU9OuorqzuoknguIWDJLGwDK6kcEEEEH3qxXy/+wl8Tz47/Zjh8N394JtW8Jzf2ZIrPuc2pG62YjsoXfEvtBX1BQAUUUUAFFFFABRRRQAUUUUAFFFFABRRRQAUUVneINd0zwx4T1PxJrVx9n07TLSW9upsE7Io0LucDk4APFAH54f8FG/iGNV+Jnhr4ZWM+6HR7VtRvVR8g3E/EaMvZkjTcD6T18k3Vuui+DoLWRNt3fsZZT3WJei/icflWn4h8S6z8X/j5qfi3VlJvNZ1Brt4t5cQx5+SIMf4UQKgz2UVh+LdRS/8TXTQEGBG8iLHdE4z+JyaAL/wv8C3/wATvjJ4e8CaezpLq16sMkyqGMMIy0suD1CRq7kf7Nftd4X0HTdD0Oy0nSLRLTTbC3jtLS3TpFDGoVF/AAV8Nf8ABPH4WBo9f+LepQfM5Oi6UWHIHyvcSjI/65oGH/TUV+gkUYjiCDsMUAPooooAKQkKpJ7UtVr+TytOlf0WgCSCdZ1JQ5AOKlrM0IA6YJOfmJ61p0AFFFFABRRRQAUUUUAHWmPErjBAp9FAGH4r8L2Xi74d654P1FmWz1iwn0+Z1GSqSxshI9wGyPevxCsxd+DfHd5pWsW/lXdhcyWlzHnPlyRuVYfgQa/dmvxo/az8Ox+F/wBs/wAf6dCcpPqA1HOMc3MSXLfk0rD8KAOf8VeN7fVbJYIXO1RwM1X8J3UWvaVe6DdbPNZPNiLd2X/62fyrgK0tAvn07xHaXSHG2QZ9xQBX1C2a01CSBhgqcVVrrfiDbRQ+JhLDjbKgfj35rkqAPqL9gv4if8Ib+1PD4cu7gx6d4ptH05laTbGLhf3sDkd2yrxqPWav1cr8END1nUfDnijTfEOkTm31DTbqK9tZgM+XLG4dG/BlBr90/Bfimw8b/DnQvGOlqVs9YsIb+JGYM0YkQPsYjjcucH3BoA3KKKKACiiigAooooAKKKKACiiigAooooAK+Nv+ChfxUbw18GtN+GemXKrf+JpvOvQpBZLKFlbBGcrvl8sA9CI5BX1p4m8S6H4O8Iaj4p8S6jFp+k6bA1zdXUuSI0Uc8DliegUAkkgAEkCvxb+OPxa1f41fGvVfHOqeZFBK32fTrNmz9ktEJ8uLqeeSzY4Lu5GM4oAoeD4W0rwtrXil2CmKMW1sO7SOcfkP6Vxsik3BjX5sHaMd67q4Vbb4NadEiAG4u/NZs/3Vz0qr8IdFHiL4/eC9FeITR3OtWiSoejR+apfP/AQ1AH6+/A3wVF8Pfgl4X8HRoqvpmnRxz7RgNcNmSdvxleQ/jXptZmiwlLBXcfM/zE/WtOgAooooAKoaywXR5ckdKv1keICTpTqDjmgCfRQBo0QFaFZegsTpMY24GK1KACiiigAooooAKKKKACiiigAr8qf+Cgmkf2b+2A17jH9p6JaXnXrgyQf+0a/VavzC/wCCjqMP2ovD8hHynwtAAfcXd3/iKAPj6nw/8fCf7wplXNJtWvdctLRM5klVf1oA674kIg1C0CjBW2iDfXaDXC10/jKZ59Ykdn3KG2qT6Dj+lcxQAV+qX/BPzxhJ4h/ZSbw/czq83h3VZ7ONM/MIJMToT7b5ZQP93Havytr7m/4Jq64YPiF488N7hi8062vgpP8AzxlZMj/wI/lQB+jFFFFABRRRQAUUUUAFFFFABRRRQAUUUUAfnX/wUO+Mep3Hi6w+C2kXZi0u1gi1LV/KkwZ53yYoXAH3UTbJjJBMikjKKa+FlUs4VRknivfv22v+T7PHP/bh/wCm+2rwFWKsGBwRzQB6frFiB8FbKcABo7nbwOgI2/zNb/7Idn9r/bH8Iq0e5Yvtcrcfd22k2D+Dbag+H4h8cfD/AFbwpcXO28SMz2wPGWHSuy/Y10ie3/bGt1u4mjltbC7kZSMYbAjYfgXNAH6v2yBLSNQP4RUtMi/1CY9KfQAUUUUAFY/iBtumN69K2KwvEpH9m4Y4Bb86ALWhADSExWnVTTEEelwgDHy1boAKKKKACiiigAooooAKKKKACvzb/wCCk1qE+MHgu92YMujSRbvXZOTj/wAf/Wv0kr86f+Cll5aP478AaehH2uGwu5pB/sPJGE/WN6APheuq8EW2NUm1ORMpbRMwJ/vEYFcso3OF55OOK7YXdlpHhGO0glBlnO+XHUegoA5/XrjzrwjvnNZFS3ErTXDSMep4qKgAr66/4J0TiH9q3V4ypJm8MXMYI7f6Tat/7LXyLX1p/wAE7rZp/wBrLUJVdlEHhy6kYA/eBnt1wfxYH8KAP1KooooAKKKKACiiigAooooAKKKKACiio7ieG1tJbm5lSKGJDJJI5wEUDJJPYAUm0ldgfmx+2p+z58TdV/aavfH/AIZ8M3ut6L4gWzjFxaBWFrOsSW/lyjOY1/dI3mMAnz/eyDjC8Jfsb2P9lrN488WzreuP+PPRVUrCe26WQHcfUBcejHrX1V4m8d3Pjbxe8qyPHpcLlbOA8fL03sP7zdfYED1y5IIio29cV+L8U8eYr2zoZfLkgvtW1l9+y7dfPofU5flFPl56yu+3Y+IvHvwF8Y/B6VvGfhHVG13RLUh55I4/LuLVc9ZYwSCn+2pI9Qtevfs4X/h7UPira/ES3ljhvri0axvLf0ZmjPmfj5ePf8693mRkByikEEMrDIYHggg9QfQ18lfFLwLrPwU8Wj4ieAYpP+EVuZh9rskyy6dKx+6R/wA8mP3T2OFJztLe5wdxtLHSWCzCS538MtubyfS/bo9t9+TM8qVJe1orTqu3/AP1Vt2R7WN0IKlQQRUlfLn7N/7Tnh/xvodtoOtX0dveIoVGlbBHsxPb0P519RKwZQykEEZBHev008EWiiigArB8ULusoucfPW9XPeLARYwyZOA/NAG1ZgrYQqeoUVPVXTpRNpsLhgfl7VaoAKKKKACiiigAooooAKKK5Xxt4pm8O2UEVlEj3dyW2mQZVFGMnHc8jH4+lcOZZjQy3DTxeJdoR3/JfezahQnXqKnDdnVV+WP7desQ+Mv21R4fs1ZW0XSbTTJmzkM7F7kkfRblVPupr7kbx34syT/a2PYQRf8AxNfGv7WngXwjovhWT4l6XZXFr4q1PXAt5ei7kcXPmxyyOSjkquDGMBAoA4xjAHyGW+ImW5hioYSlTmpTdk2o2+dpN/geliMkr0KbqSasvX/I+ZbnW9N8PSHT9J0u0ndOJbidd5LegqFPFIlcST21khzk7YRj8sVyxJZizEknkk0lfenjnosHijSbmAQXen6ZODxh4ApH4itBPCvg/XkBs420+YjJaJy8efp1H4V5VXYeA7y6XXRDCWYsMc9Me9AFTxR4M1Lww++62mB2xG+fvD1HrX1V/wAE3NKmm+PvizXFz5Nr4fNo3HG6W5iZf0gavCbq08Q/Fb4gWfgHwnapdzIWxI74jjVRl5GY/dUev0AySAf0W/ZS+Gfgj4L+BpdBttY+3+K9XdJtUvXiaJJXRTshhzxsTc+CcMxZmIGQq8FfNMHQrxw1WrGNSWybSb6fi9u5tDD1ZwdSMW0up9H0UUV3mIUUUUAFFFFAH//Q+/qKKKACiq93f2Onw+df3tvax/355Ag/MmuR1j4s+BdHictrK3sqjIhsEMxY+gYfKPxYVyYjH4bDfx6ij6tI0hRnU+CLZ21fP3xv+KdpcNL4B8PXQlYPt1S4jOVTaf8AUA/3sj5vTG3qWA5n4gfHjxH4gtJdI8OWjaFYyZWS58zddSL6AjiPPfGT6MK8u0jS3d1VEwB7V8TxDxPSqUJUMK/de8vLsv1Z6uCwEozU6i17HT6Gv7xWFdhbEkg5NY+m2SW0Q7k9TWtb5yFHQV+K46oqk20fVUU4osOA6nqSPesy+sbTUNOutM1Kziu7G6jaC4t5RlJY2GCpH0/KtPLHjOKilBJO3NcVKTi9DWSTPz8+KfgbW/gZ8WIpNDvbj+yrrN3pV4TgsgPzRP23oTg+oKtgbsD6h/Z6/bUFuLXwz45Vnh4RZd3Ke65/9B/LHSur+J/w/svib8M7/wALXflreEGfTblzjyLpQdhJwcK33G/2WJ6gV+cF3a3mlatPY3kMlteWsrQyxNw0bqSGU+hBBFf0PwZxE83wnJWf72nZS810l8+vmvNHxWaYL6tUvH4Xt/kfvNouuaV4h0eHVNGvory0lGUlibIP+B9q0K/Jj9nv9pLxJ8OtchtZL17jT3IWe2mclXA/kfQ/04r9M/AHxM8NfELw3Fqui3iuCAJIyRuibH3WHb+Rr7E8w7SquoWMeoWTW8nAPQ+lWutFAGXo+lSaZCY2n8wZ49q1KKKACiiigAooooAKKKCcDNABXk3xWm2eJtPUH/l2P/odb3ivxTc20ptbJtp6E5ryzX9RmvNUgN3M0jrGRk9vmNfE+IUebJKnrH/0pHq5K7YuPz/IYZd0RIODjNfNP7Wcr6h8GUiAJ+yarBO2Oy7JUyfxcD8a+ipCVjyp4xxXlvxG0ew1nRr3TtTtvPtbuMxyp3A9R6MDgg9iBX4vwvOOGzClXlrytP8AzPqcwi50ZQXVH54UV3Pij4V+JdAu5GsrdtVsQcpParucDsHTqD9Mj3ri5bW6gcpPbSxMOCHQqR+df0vQxVKvHmpSTR8JOnKDtJEVWIL26tomjt5WjDHkrwfzq5pnhvX9ZmWLS9IvLkscbkjO0fVjwPxNfSPwP+BE9j4jtfEPiaGGe6gYSQW5+aOBhyGJ6M47Y4B55OCPPzbO8LllGVWtJXWyvq/67m2GwlSvJRij1T9m/wCEknw78CS6xrdsE8S60qtOrr81nb9Ug9QxPzP7hR1Tn3rSEZfEOnujYYXURX67xVW2i8uFcZ4FWLS6W11e0u5DiOG4jlb6KwJ/QV/NuKzSrmGY/W8RLVyTfkr6W8kj7qnh40aPs4LZH0bRSKQyhlIIIyCO9LX9Un54FFFFABRRRQAVxfxI8VXPh3QYbfTn8u+vWKxyYB8tFxubnvyAPrntXaV5H8bA0Emi3gGUImiOegPyEfng/lXznFuKr4XKa1XDu0rJX6q7SbXyfy3O7LacKmJjGe3/AADy28jmv7hp7qaW4mfrLMxdmPuTzVCXSd4PrWtZXiSnayjPY1akXvsGO/Ffzk8RUhLXc+35ItHJyeHVkfJFW7TSo7YZVefStw5PyjA9xSrbHduIH4VpPHVJK0mJUYp3SKtrCQxLHj0q5vReg/SpDEAOAeetN8vbXHKfO7s0UbApIwSBTZG3cMRTg3JU9feo5FYZIqYrXUbKzsUYE9OnNfIv7Wfw2Njr9v8AE3SLf/RNRYW2qBBxHcgfJKfQSKMdPvISeXFfXbASDpyOwrF8Q6FpninwrqHhjXYTLp2owmCYKMsueVdc8blYBgfVRX0nDubzynGwxMdtpLvF7/NbrzSOHG4ZYmk6b36ep+Y0cjxSB0Yhh3r2v4OfGvXPAXiOG7tL6WIjCuM5V19GHQj615j408Iax4E8c6h4X1uHZdWkhUOB8kyHlJEPdWXBH155zWEjtG4dDgiv6SpVYVoRqU3eLV0+6Z8NKLi3GW6P2W+D/wAdvD/xC0+0tmnSC+mGETPyyMBkhT2OOcH8M17MDkZFfjT8EvGt5aeNbXTEvpLdpmBidWwY5VO5HHuCM1+u3gnW38ReBNL1iVQsl1bRzOqnIVmUFgPYHNaEnQUUUUAFFFFABRRRQAUjDKke1LRQB454rdl1mZSO5/KvN/Ekxh1K2kB27oyf/HjXqnjqOKHxCwbq+T9a8j8TSwPqYsUmV7m2iRpox1jEhYpn6hScehB7ivkuOEnlFS/eP/pSPSyn/eV8/wAi7bzedYg9TiuZ8QWhnjKkfiK2tLZ/s4GM8Vblhjmj2yqD71+AUqn1erdH2UlzxPCNU8MXDzM1tzz0rLTwrfumx1kU+hNe4T6LH5paNeDUa6Ud2TFn8K+qpcQuMbI86WCTZ59oHgzygr3ILY7E5r1HQ7NYI1jRQqii205gANuAfatqztxGuAOa+fzTNJYm/Mzsw+HUNi5nCY4qtcdCMH8qmdcDJHHSoZMkHPQ9K8CCO1nq/wAM/F8eo6anh7UJsX9suIS//LaIdMerKOCPQA8849Cr5gSWe1uorq1leGeJg8ciHBUjuK9q8D+PLfxHbrYag0cGqoOU6LOB/Env6r+PTp+68EcXQxNOOX4yVqi0i39pdF/i/P13+RzXLXTk61JaPfy/4B2tFFFfph4IUUUUAFeY/HNlT4f2Dt21JBn/ALZS16dXkH7RNx5Pw70pAcFtUU/gIJv8RXh8SR5ssrx7r9TrwLtiIPzPH7KXFwGXAGa6NDuUc8YrhtDuvNlC7uc13NuuYA31r+b8xp+znZn3FCXMiRUXv1qcANw2fzqNEHHXFSr/AHq8mTOlETpznGKaQBwwzVo7Wz/MU0xDjBNCl3CxWZFOCuBUUiELtweO9WmjwT6dajZWzkda0jIlooMGBJx1qvcRE8qDkVpMm48jioXTt2710wq2dyHE8L/aB+FR+IXgZdU0q1DeJdIQtbhR813ByWg92B+ZPfcP48j4Xr9Tb6IqN8eQR3rkfBv7N3wX8b/Fa/1jxLa6umr3rm5Sxgu0is52xl8KE3hycuQHwctgDFfrfAHESjbLq70fweT/AJfnuvPTqj5vOMDf9/Dfr/mfHPwR+HviDxL8QNPutP0+eaUP/o0SqcyMeNx9EGcljwBz2r9g/A+i/wDCP+BtN0bf5n2S2jg8zGN5VQC2O2SCfxqj4P8Ah34O8F6ebTwz4fs9OjYYdokzJJjpvdss34muvVQq4FfrR84LRRRQAUUUUAFFFFABQaQsFGTXzh+0P+1b4c+ElpceHvD72+r+LipBgzug0/0acg8v3EQ57sVGMgC/tIfFbw98MUW91DZdanIhNlp4fDTEfxt/djB6t36Dnp85/AjxFqfjDwr4p8XaxcNc3upa87SSngHbBEAFHZQDtA6AACvkjx14+8Q+PPFV5ruv6pc6hfXT7prmdss/oPQADgKMADgACvsP4BaUdJ/Zx8PK0YjlvPOvJOPvb5WCn/vhEr4jj+uqeWKH80kvuu/0PWyaF69+yf8Aket6UQq9PwrcWFXToRWNpucqOcd620/1YwTX4Bin7+h9jTWhGtp6U77Mi8459asJ9w5zmnk57fnXI6krmvKissaqBgVMoA54xTWcLx19803eeo/lRqwHk5GTxTSgbtmk3/3ufrTsjoRxRsBDJACB29KrGOSJxJGzI6kMrocEEdCCOlaQYEYPI7UeUjZ+YD2IqoVnETimdv4U+KjxtHp3ir7v3Vv0HT/roP8A2YfiOpr1dHSSNZEYMrDIZTkEeor5reyjY545r2v4dSXMnw9skuMkRF442J6oGIH5dPwr9r8P+K8TmFWWX4l8zUbqXXRpWfffRvXu2fK5zl0KMVWp6XdrHVUUUV+qHzwV4T+0xPt0Hw5bDOXupXx9I8f+zV7tXzr+0Lcfb/G2kaZvGyzs2mxn+KVsfyiH5187xVXjRy2o5dbL8UduXwcq8bHlXh6CRZg4HB6V6DBLtjGRXD2EjWzrsNbS6wCcE4r8BzGlKvO6PsqDUEdSkiuo9fen7hjt71hW94ZehFaUcu6PJOO/rXhVKLi9TrjO5c44wQPxp2V65FVVlXad2PzqRZAeFPbpmsnBlXJ8gjg8UxtwyDjHtTA5YDjmgMwJBH4UlFjuR4yeAPrQ0fzZpTkkH+Rp2Rtxgg1bdiTNvIiY9pzj0rEuTNaMl1ayvBPEyyRyxnDIw5DA9iK6W4AMR4H19K5vVJlWJkOK9PA1JKS5TnrJW1PXPhp8btJ8U6yvhHXZ4rDxSkfmpbsdqajEOs0HYkc74/vKRnBUqx9hR1dcqwIr81vinpVxf+FprzTi6atpjG+sZYmKurpyyqy8glQcY/i2+lVPht+3L480SC3sfE89r4htkAXN+vlXIA9J0HzH3dWJ9a/pDh7M3j8JGc/jWj8/P5/nc+HxuH9jUaWz2P02or5P0f8Abb+Hl9CpvLfV7JyOQEinAP1VwT+Qrcb9sX4XJEWW/wBUlP8AdSxwf1cD9a905D6UppkUdSK+WL79tf4fRI32XTNfuSBxlIIgfxMprgfEP7dZjUx6B4Mt/M7S6jqe5R9UjQE/99UAfcLXUKj/AFgrj/HXxX8DfDfSWv8Axf4gtdP4zHa5MlzMewjhXLt9cYHcgc1+dHi/9sX4qeILeS2XxPaaFbvw0Wg2wgYj0852eVf+AuK8A1nxvdX17Nciaae4mOZLieRpJJD6s7Ekn6mgD6s+Of7cviPxDFdeHvh9Bc+GNMcFHvTIPt86+zKSIB/uEt/tDpXxfqGqXOoTtJNIx3MWOTnJPJJ96qzzSXE7SyHLMcmo6ACv0f8ACtk2keBdA0Vgd1jpltauPVkhVWP5gmvz18L6emreONG0qVSyXd9BbsB3DyKp/nX6M2Ewubp3b+Jiwr8x8Rqvu0Kfbmf5Jfqe9kkdZy9Dp9OjGxTj1Na0YOOq/lVG0UJGAO3NXhhUyVr8RryvI+sirIfkRpkkfhUDzZ4BFRzT5OKjU4GWFTGn1YcxIzjbjOTSGRQc5NVZJ0GQCMjvUElyQ21evua3jSbI5jR81c8N170vmf7QrFa5YfUelIbqU9WyK0+rNi9oja87BOGAp4uV4yaboHhrxH4mlUaRYO8GcNdS/JCvr8x6kei5PtXrHh74T6Tp4S41yY6ncDny8bIVP+71b8Tg+le/lPB2PzS0qULQ/mei+XV/JM48TmdHD6Td32W5yfhPwnfeJbhZ2DQaYrfPcEYL+qp6n36D3PFe1WttBZ2cVpaxiOGJQiIOgAp8cccMKxQxrHGgCqiDAUDoAO1Or9t4Z4Ww2RUXGn71SXxSfXyXZeX3nymPzCpi5Xlolsgooor6c4ArwT49eEdRfWbfxbZwtLZ/Z1t7ooM+SyklXb/ZIbGegIGeor3ugjIwa8zN8shmWGlh5u3VPs0b4au6FRTR8PpK8KgnkY6moJNTiAIBwa+ste+E/gbxArtPoyWc79Z7A+Q2fXA+Un6g15nrX7MsUkjzaB4qkQfwwX8AfP1kQjH/AHya/Nq3BWNpNtJTXk/0dv1PdhmtKXl6njkOvNE2M8Vei8TuByePStjV/gd8RdHDMNKi1OJeTJp04k/JG2sfwU1wmpWWpaRcG11OwurKYdYrqFom/JgK8HFZK6LtXpuPqmjsp4rm+CVzr4PFCtxmrkPiGNmAJH1rzIXjRucirEWpqMEkg1wVMlpvWKNY4prc9Zt9WhkGS3HtV6OeNmyH968ps9d2Ebm6dOa3rXXdx4cnd714+IyeUNjqp4pPc70NhhknmhpBz04PpXNW+sqWUGTjp1q5/akIQF3z7Zry5YOadmjdVUzQuJSVJP3a5LWmJVgpwPrV6+1pCjLGvGK5u8vhICMEk16uX4ScXzNHPWqJqxzGtvtQynBIOcV8PeI7GPTPGGq6fCu2K3u5YkHoocgfpivs3xNdpFAd8gVBlmZjwqjqT/OvjTVJp/EPjS9uLC3muJb67d4YY0Lu+5iQAByTz0r9o4NpyjCb6Ox8vmkk2kZau6n5WI+hqT7TcDpPL/30a9Q0P9mj4++ImA074S+KIweQ19ZmyUj1Bn2A118P7EP7TMud/wAO4of+umsWPP5TGvuDyTwA3NwRgzyH/gRphkkPWRvzr6Vh/YN/aMlA3+HtIh/66arCcf8AfJNX7X/gn7+0DcNiWLwxajjmbUyR/wCOo1AHyyST1OaK+prn/gn7+0FA2IofDNz15i1PH/oSCqMv7Bn7Rafc0DRpf9zVYf6kUAfM9FfQ837Dv7TESkp4Bt5j6R6xZDP/AH1MKwtY/ZH/AGjdDhMt78KtWlUdrGWC9P5QyOaAOF+FcayfGbw5v6JeLL/3xlv6V94aDcCRUINfF/hLwT418C/F3w/L408Ha/4eSado4m1bT5rUOxRgApkUZ5I6V9ceGrz9yoJGB61+Y8fUnOcH/d/VnvZPKyfqerWzAxL6gVM7ZXGT1rDsNRBQAkD0961Dch0U7ua/F6tGUZao+qjJNCSfKd75xUUk37sgDj1pk0wKkbs1VaZOSrEDvWlOncmTAljJz0NRyOFbnqO/rVY3CKzb3AA963/BvgzV/HWosbMfZdOhfbPfuMgHrtQfxPg9Og79QD6uCy+vi6qo0IuUn0X9fec1WvCnFyk7Iz9J0rUte1ZdP0m0e6uHGSi9EH95j0Ue5r2rwr8IdJ0tUu/EJj1W8HIiwfs8f0U/f+rcewrs/D3hvR/DGkrYaParCnBeQ8vK39527n9B2wK1q/Y8g4Iw2CSq4xKpU7fZXouvq/kkfM4zNZ1fdpaR/FjURI4ljjRURQFVVGAAOgAp1FFfdJWPICiiigAooooAKKKKACiiigAqC7s7O/tGtb61guoH4aKeMOrfUHg1PRSaTVmB57rfwQ+Gutl3bw7Hp8zf8tdOdrfb9EX5PzWvONc/ZejO+Tw34nYf3INRhz+ciY/9Ar6Jory8RkmBr/FTSfdaflb8Tohi6sNpfqfFXiX4L+P/AA7C0kugS30C/wDLfTT9oHHfaPnA9yorztLy5tZmUlgVOGU8EH0I9a/RmuP8YfC/wV44jZ9c0aP7WR8t/a/ubheMffH3sejZHtXgYrhJWbw87+Uv81/l8zsp5k/tr7j4jj1iYKCCavW+szN8pZvfFeoeL/2aPFmlu9x4NvrbXLb+G1uWW3uQPTcf3b/XKfSvK9R8E/E3S3MVz8PfEmR1a30+S4HvzEGFfL4jIa8HyypP9PvR3wxkHqpE7ax8uOS1Zt9q6xRb3cj8aTT/AAN8VNYu1g0/4feJC8nKtcafJaxn/gcwVQPxr2P4efsrajeX8Gr/ABUvoRbphxoVhKW8w+k8wxx6qmc/3sZB6MFw1Vqzty2RNXHRitziPh18BLj44eG9VvvEWoaponhyeJra0u7LYst3JnDld6sDEACpOPmJIBG019OfCH4IfD34J+Exo3grSFSeQD7XqtyFe8vCP+ekgA4HZBhRzgAkk+g2trbWVlDZ2dvFb20CCKKGFAiRoBgKqjgAAAACpa/R8BgoYOkqUDw61V1ZczCiiiu0yCiiigAooooAKKKKAMvxLokHiXwbqvh66fZDqNpLaM4GSgdCu4D1Gc/hX56wyaj4Y8Q3uhaxEYL+wna2uIz/AAuhwceoPUHuCD3r9Hq8e+NHwI0z4nRDWtJuI9J8UQIES7YHyrlB0jmA547OOR7jivDzvKljqaa3X4o68LiPZS12Pnaw1uN1BLZ9MGteHX1GMsa4zUvhf8YfCt0YL3wNrNyB0l0yE3yMPUGHcfzAPtUMOhfEyQhP+Fd+MM+raJdDH4lK/L8TwtVcn7r+49+nmCtudw/iGOTjd81RS6ygHy9O1Zmk/DT4s6rKFg8B6vGSM5uwlsAPrIy17T4F/ZyMcseo/EG+juSMMul2Lt5f/bSTgt/urgcdSOKWG4PxFaajCDS7vRf16BUzKEVds5j4efDzVPiFqCahd+bZ+Hon/eXI4a5IPKRfjwW6DkDnp9Qadp1jpGlQabplrFa2kC7I4YhhVH+eSe55qa3t4LS1jtrWCOCCJQkcUShVRQMAADgAelSV+pZJkVDKqXLT1k933/yR8/isXPESu9uwUUUV7ZyhRRRQAUUUUAFFFFABRRRQAUUUUAFFFFABRRRQAUUUUAFFFFABRRRQAUUUUAFFFFABRRRQAUUUUAFFFFABRRRQAUUUUAFFFFABRRRQAUUUUAFFFFABRRRQAUUUUAf/2Q==');

-- --------------------------------------------------------

--
-- Table structure for table `subjects`
--

DROP TABLE IF EXISTS `subjects`;
CREATE TABLE `subjects` (
  `subject_id` int(10) UNSIGNED NOT NULL,
  `subject_name` varchar(100) NOT NULL,
  `subject_description` text
) ENGINE=InnoDB DEFAULT CHARSET=utf8;

--
-- Dumping data for table `subjects`
--

INSERT INTO `subjects` (`subject_id`, `subject_name`, `subject_description`) VALUES
(1, ' ', '   '),
(2, '', '   , '),
(3, '  ', '   '),
(4, ' ', ''),
(5, ' ', '   '),
(6, 'Web-', 'JS, Angular'),
(7, ' Web-', 'JS, PHP'),
(8, '', ''),
(9, ' ', '');

-- --------------------------------------------------------

--
-- Table structure for table `tests`
--

DROP TABLE IF EXISTS `tests`;
CREATE TABLE `tests` (
  `test_id` int(10) UNSIGNED NOT NULL,
  `test_name` varchar(50) NOT NULL,
  `subject_id` int(10) UNSIGNED NOT NULL,
  `tasks` int(10) UNSIGNED NOT NULL,
  `time_for_test` varchar(8) NOT NULL,
  `enabled` tinyint(1) UNSIGNED NOT NULL,
  `attempts` tinyint(3) UNSIGNED NOT NULL
) ENGINE=InnoDB DEFAULT CHARSET=utf8;

--
-- Dumping data for table `tests`
--

INSERT INTO `tests` (`test_id`, `test_name`, `subject_id`, `tasks`, `time_for_test`, `enabled`, `attempts`) VALUES
(1, 'Test Player Testing', 2, 5, '10', 1, 2),
(2, ' ', 3, 5, '10', 0, 1);

-- --------------------------------------------------------

--
-- Table structure for table `test_details`
--

DROP TABLE IF EXISTS `test_details`;
CREATE TABLE `test_details` (
  `id` int(10) UNSIGNED NOT NULL,
  `test_id` int(10) UNSIGNED NOT NULL,
  `level` tinyint(3) UNSIGNED NOT NULL,
  `tasks` tinyint(3) UNSIGNED NOT NULL,
  `rate` tinyint(3) UNSIGNED NOT NULL
) ENGINE=InnoDB DEFAULT CHARSET=utf8;

-- --------------------------------------------------------

--
-- Table structure for table `timetables`
--

DROP TABLE IF EXISTS `timetables`;
CREATE TABLE `timetables` (
  `timetable_id` int(10) UNSIGNED NOT NULL,
  `group_id` int(10) UNSIGNED NOT NULL,
  `subject_id` int(10) UNSIGNED NOT NULL,
  `event_date` date NOT NULL
) ENGINE=InnoDB DEFAULT CHARSET=utf8;

-- --------------------------------------------------------

--
-- Table structure for table `users`
--

DROP TABLE IF EXISTS `users`;
CREATE TABLE `users` (
  `id` int(11) UNSIGNED NOT NULL,
  `email` varchar(254) NOT NULL,
  `username` varchar(32) NOT NULL DEFAULT '',
  `password` varchar(64) NOT NULL,
  `logins` int(10) UNSIGNED NOT NULL DEFAULT '0',
  `last_login` int(10) UNSIGNED DEFAULT NULL
) ENGINE=InnoDB DEFAULT CHARSET=utf8;

--
-- Dumping data for table `users`
--

INSERT INTO `users` (`id`, `email`, `username`, `password`, `logins`, `last_login`) VALUES
(1, 'admin@dtapi.if.ua', 'admin', '48ff8c803e1adcd21de83822f39df3f4273f13a0b906690d57b715298720cfa4', 7, 1477445960),
(2, 'vpupkin@dtapi.if.ua', 'vpupkin', '851a8d16ab04fa428ffedfddbeed3bbf3890ec6789ca956443b5e508fc41d13c', 0, NULL),
(3, 'vpopkin@dtapi.if.ua', 'vpopkin', '851a8d16ab04fa428ffedfddbeed3bbf3890ec6789ca956443b5e508fc41d13c', 0, NULL),
(4, 'vpapkin@dtapi.if.ua', 'vpapkin', '851a8d16ab04fa428ffedfddbeed3bbf3890ec6789ca956443b5e508fc41d13c', 0, NULL),
(5, 'vpipkin@dtapi.if.ua', 'vpipkin', '851a8d16ab04fa428ffedfddbeed3bbf3890ec6789ca956443b5e508fc41d13c', 0, NULL),
(6, 'v_pupkin@dtapi.if.ua', 'v_pupkin', '851a8d16ab04fa428ffedfddbeed3bbf3890ec6789ca956443b5e508fc41d13c', 0, NULL),
(7, 'st1@mail.if.ua', 'student1', '3b3564d71966ae54cdca0c1694f6f9442ebbdf9a66ed8f26a614ae9344262caf', 2, 1477491658),
(8, 'st2@mail.if.ua', 'student2', '3b3564d71966ae54cdca0c1694f6f9442ebbdf9a66ed8f26a614ae9344262caf', 0, NULL),
(9, 'st3@mail.if.ua', 'student3', '3b3564d71966ae54cdca0c1694f6f9442ebbdf9a66ed8f26a614ae9344262caf', 0, NULL),
(10, 'st4@mail.if.ua', 'student4', '3b3564d71966ae54cdca0c1694f6f9442ebbdf9a66ed8f26a614ae9344262caf', 0, NULL),
(12, 'st6@mail.if.ua', 'student6', '3b3564d71966ae54cdca0c1694f6f9442ebbdf9a66ed8f26a614ae9344262caf', 0, NULL),
(13, 'st7@mail.if.ua', 'student7', '3b3564d71966ae54cdca0c1694f6f9442ebbdf9a66ed8f26a614ae9344262caf', 0, NULL),
(14, 'st8@mail.if.ua', 'student8', '3b3564d71966ae54cdca0c1694f6f9442ebbdf9a66ed8f26a614ae9344262caf', 1, 1477444715),
(15, 'st9@mail.if.ua', 'student9', '3b3564d71966ae54cdca0c1694f6f9442ebbdf9a66ed8f26a614ae9344262caf', 0, NULL),
(16, 'admin1@mail.ua', 'admin1', 'admin1', 0, NULL),
(17, 'admin2@mail.com', 'admin2', 'admin2', 0, NULL),
(19, 'tuhes44@sraka.if.ua', 'admin4', 'f11f50d70413a27b0fd987bd6fb69327551491c2e0903e4c9ec8c3642b09de83', 1, 1477446810),
(20, '3333@sraka.if.ua', 'admin3', 'c190890960692cd89aa53458d73477ba31617c5e056ffcb8c427aec6cfaaed62', 0, NULL),
(21, '5555@sraka.if.ua', 'admin5', 'f660b6673d3e290b919a2d51be5d5edcd445b0c5f9e16ac61390bcfb8b803562', 0, NULL),
(22, '66666@sraka.if.ua', 'admin6', '1a9d3f8c9d828e7b4c2f2cd5d9fc5187fb4a2e6358d971dc6467a3916efbf1c8', 0, NULL),
(23, '77777@sraka.if.ua', 'admin7', 'ad4768d3acdf7b64d48f0a430237b43161988c10383c73905bfa751fb66c6ab6', 0, NULL);

-- --------------------------------------------------------

--
-- Table structure for table `user_tokens`
--

DROP TABLE IF EXISTS `user_tokens`;
CREATE TABLE `user_tokens` (
  `id` int(11) UNSIGNED NOT NULL,
  `user_id` int(11) UNSIGNED NOT NULL,
  `user_agent` varchar(40) NOT NULL,
  `token` varchar(40) NOT NULL,
  `created` int(10) UNSIGNED NOT NULL,
  `expires` int(10) UNSIGNED NOT NULL
) ENGINE=InnoDB DEFAULT CHARSET=utf8;

--
-- Indexes for dumped tables
--

--
-- Indexes for table `answers`
--
ALTER TABLE `answers`
  ADD PRIMARY KEY (`answer_id`),
  ADD KEY `question_id` (`question_id`);

--
-- Indexes for table `faculties`
--
ALTER TABLE `faculties`
  ADD PRIMARY KEY (`faculty_id`),
  ADD UNIQUE KEY `faculty_name` (`faculty_name`);

--
-- Indexes for table `groups`
--
ALTER TABLE `groups`
  ADD PRIMARY KEY (`group_id`),
  ADD UNIQUE KEY `group_name` (`group_name`),
  ADD KEY `speciality_id` (`speciality_id`),
  ADD KEY `faculty_id` (`faculty_id`);

--
-- Indexes for table `questions`
--
ALTER TABLE `questions`
  ADD PRIMARY KEY (`question_id`),
  ADD KEY `test_id` (`test_id`);

--
-- Indexes for table `results`
--
ALTER TABLE `results`
  ADD PRIMARY KEY (`session_id`),
  ADD KEY `test_id` (`test_id`),
  ADD KEY `student_id` (`student_id`);

--
-- Indexes for table `roles`
--
ALTER TABLE `roles`
  ADD PRIMARY KEY (`id`),
  ADD UNIQUE KEY `uniq_name` (`name`);

--
-- Indexes for table `roles_users`
--
ALTER TABLE `roles_users`
  ADD PRIMARY KEY (`user_id`,`role_id`),
  ADD KEY `fk_role_id` (`role_id`);

--
-- Indexes for table `specialities`
--
ALTER TABLE `specialities`
  ADD PRIMARY KEY (`speciality_id`),
  ADD UNIQUE KEY `speciality_code` (`speciality_code`),
  ADD UNIQUE KEY `speciality_name` (`speciality_name`);

--
-- Indexes for table `students`
--
ALTER TABLE `students`
  ADD UNIQUE KEY `gradebook_id` (`gradebook_id`),
  ADD UNIQUE KEY `user_id` (`user_id`),
  ADD KEY `group_id` (`group_id`);

--
-- Indexes for table `subjects`
--
ALTER TABLE `subjects`
  ADD PRIMARY KEY (`subject_id`),
  ADD UNIQUE KEY `subject_name` (`subject_name`);

--
-- Indexes for table `tests`
--
ALTER TABLE `tests`
  ADD PRIMARY KEY (`test_id`),
  ADD KEY `subject_id` (`subject_id`);

--
-- Indexes for table `test_details`
--
ALTER TABLE `test_details`
  ADD PRIMARY KEY (`id`),
  ADD UNIQUE KEY `test_id` (`test_id`,`level`);

--
-- Indexes for table `timetables`
--
ALTER TABLE `timetables`
  ADD PRIMARY KEY (`timetable_id`),
  ADD UNIQUE KEY `gs` (`group_id`,`subject_id`),
  ADD KEY `subject_id` (`subject_id`);

--
-- Indexes for table `users`
--
ALTER TABLE `users`
  ADD PRIMARY KEY (`id`),
  ADD UNIQUE KEY `uniq_username` (`username`),
  ADD UNIQUE KEY `uniq_email` (`email`);

--
-- Indexes for table `user_tokens`
--
ALTER TABLE `user_tokens`
  ADD PRIMARY KEY (`id`),
  ADD UNIQUE KEY `uniq_token` (`token`),
  ADD KEY `fk_user_id` (`user_id`),
  ADD KEY `expires` (`expires`);

--
-- AUTO_INCREMENT for dumped tables
--

--
-- AUTO_INCREMENT for table `answers`
--
ALTER TABLE `answers`
  MODIFY `answer_id` int(10) UNSIGNED NOT NULL AUTO_INCREMENT, AUTO_INCREMENT=9;
--
-- AUTO_INCREMENT for table `faculties`
--
ALTER TABLE `faculties`
  MODIFY `faculty_id` int(10) UNSIGNED NOT NULL AUTO_INCREMENT, AUTO_INCREMENT=11;
--
-- AUTO_INCREMENT for table `groups`
--
ALTER TABLE `groups`
  MODIFY `group_id` int(10) UNSIGNED NOT NULL AUTO_INCREMENT, AUTO_INCREMENT=12;
--
-- AUTO_INCREMENT for table `questions`
--
ALTER TABLE `questions`
  MODIFY `question_id` int(10) UNSIGNED NOT NULL AUTO_INCREMENT, AUTO_INCREMENT=3;
--
-- AUTO_INCREMENT for table `results`
--
ALTER TABLE `results`
  MODIFY `session_id` int(10) UNSIGNED NOT NULL AUTO_INCREMENT;
--
-- AUTO_INCREMENT for table `roles`
--
ALTER TABLE `roles`
  MODIFY `id` int(11) UNSIGNED NOT NULL AUTO_INCREMENT, AUTO_INCREMENT=4;
--
-- AUTO_INCREMENT for table `specialities`
--
ALTER TABLE `specialities`
  MODIFY `speciality_id` int(10) UNSIGNED NOT NULL AUTO_INCREMENT, AUTO_INCREMENT=16;
--
-- AUTO_INCREMENT for table `subjects`
--
ALTER TABLE `subjects`
  MODIFY `subject_id` int(10) UNSIGNED NOT NULL AUTO_INCREMENT, AUTO_INCREMENT=10;
--
-- AUTO_INCREMENT for table `tests`
--
ALTER TABLE `tests`
  MODIFY `test_id` int(10) UNSIGNED NOT NULL AUTO_INCREMENT, AUTO_INCREMENT=3;
--
-- AUTO_INCREMENT for table `test_details`
--
ALTER TABLE `test_details`
  MODIFY `id` int(10) UNSIGNED NOT NULL AUTO_INCREMENT;
--
-- AUTO_INCREMENT for table `timetables`
--
ALTER TABLE `timetables`
  MODIFY `timetable_id` int(10) UNSIGNED NOT NULL AUTO_INCREMENT;
--
-- AUTO_INCREMENT for table `users`
--
ALTER TABLE `users`
  MODIFY `id` int(11) UNSIGNED NOT NULL AUTO_INCREMENT, AUTO_INCREMENT=24;
--
-- AUTO_INCREMENT for table `user_tokens`
--
ALTER TABLE `user_tokens`
  MODIFY `id` int(11) UNSIGNED NOT NULL AUTO_INCREMENT;
--
-- Constraints for dumped tables
--

--
-- Constraints for table `answers`
--
ALTER TABLE `answers`
  ADD CONSTRAINT `answers_ibfk_1` FOREIGN KEY (`question_id`) REFERENCES `questions` (`question_id`) ON UPDATE CASCADE;

--
-- Constraints for table `groups`
--
ALTER TABLE `groups`
  ADD CONSTRAINT `groups_ibfk_1` FOREIGN KEY (`speciality_id`) REFERENCES `specialities` (`speciality_id`) ON UPDATE CASCADE,
  ADD CONSTRAINT `groups_ibfk_2` FOREIGN KEY (`faculty_id`) REFERENCES `faculties` (`faculty_id`) ON UPDATE CASCADE;

--
-- Constraints for table `questions`
--
ALTER TABLE `questions`
  ADD CONSTRAINT `questions_ibfk_1` FOREIGN KEY (`test_id`) REFERENCES `tests` (`test_id`) ON UPDATE CASCADE;

--
-- Constraints for table `results`
--
ALTER TABLE `results`
  ADD CONSTRAINT `results_ibfk_2` FOREIGN KEY (`test_id`) REFERENCES `tests` (`test_id`) ON UPDATE CASCADE,
  ADD CONSTRAINT `results_ibfk_3` FOREIGN KEY (`student_id`) REFERENCES `students` (`user_id`) ON UPDATE CASCADE;

--
-- Constraints for table `roles_users`
--
ALTER TABLE `roles_users`
  ADD CONSTRAINT `roles_users_ibfk_1` FOREIGN KEY (`user_id`) REFERENCES `users` (`id`) ON DELETE CASCADE,
  ADD CONSTRAINT `roles_users_ibfk_2` FOREIGN KEY (`role_id`) REFERENCES `roles` (`id`) ON DELETE CASCADE;

--
-- Constraints for table `students`
--
ALTER TABLE `students`
  ADD CONSTRAINT `students_ibfk_2` FOREIGN KEY (`user_id`) REFERENCES `users` (`id`),
  ADD CONSTRAINT `students_ibfk_3` FOREIGN KEY (`group_id`) REFERENCES `groups` (`group_id`) ON UPDATE CASCADE;

--
-- Constraints for table `tests`
--
ALTER TABLE `tests`
  ADD CONSTRAINT `tests_ibfk_1` FOREIGN KEY (`subject_id`) REFERENCES `subjects` (`subject_id`) ON UPDATE CASCADE;

--
-- Constraints for table `test_details`
--
ALTER TABLE `test_details`
  ADD CONSTRAINT `test_details_ibfk_1` FOREIGN KEY (`test_id`) REFERENCES `tests` (`test_id`) ON UPDATE CASCADE;

--
-- Constraints for table `timetables`
--
ALTER TABLE `timetables`
  ADD CONSTRAINT `timetables_ibfk_1` FOREIGN KEY (`group_id`) REFERENCES `groups` (`group_id`) ON UPDATE CASCADE,
  ADD CONSTRAINT `timetables_ibfk_2` FOREIGN KEY (`subject_id`) REFERENCES `subjects` (`subject_id`) ON UPDATE CASCADE;

--
-- Constraints for table `user_tokens`
--
ALTER TABLE `user_tokens`
  ADD CONSTRAINT `user_tokens_ibfk_1` FOREIGN KEY (`user_id`) REFERENCES `users` (`id`) ON DELETE CASCADE;

/*!40101 SET CHARACTER_SET_CLIENT=@OLD_CHARACTER_SET_CLIENT */;
/*!40101 SET CHARACTER_SET_RESULTS=@OLD_CHARACTER_SET_RESULTS */;
/*!40101 SET COLLATION_CONNECTION=@OLD_COLLATION_CONNECTION */;
